"dataset","setting","population","branch","architecture","objective","channel_split_seed","reference","metric","n_training_seeds","training_seeds","mean","sample_sd","mean_plus_minus_sd","variability_scope"
"synthetic","simulated_lag_10","A","full_sample","cnn1d","behavior_contrastive_blocks","","M","procrustes_r2","3","42;123;456","0,350486993763306","0,0140593548413536","0.350487 +/- 0.014059","training-seed variability on fixed synthetic latent/data/split"
"synthetic","simulated_lag_10","A","full_sample","cnn1d","behavior_contrastive_blocks","","M","rsa_spearman","3","42;123;456","0,365837494784126","0,0102584355298369","0.365837 +/- 0.010258","training-seed variability on fixed synthetic latent/data/split"
"synthetic","simulated_lag_10","A","full_sample","cnn1d","behavior_contrastive_blocks","","M","rsa_pearson","3","42;123;456","0,354692928596127","0,0106224920660902","0.354693 +/- 0.010622","training-seed variability on fixed synthetic latent/data/split"
"synthetic","simulated_lag_10","A","full_sample","cnn1d","behavior_contrastive_blocks","","M","linear_cka","3","42;123;456","0,550312575776158","0,0144481279765833","0.550313 +/- 0.014448","training-seed variability on fixed synthetic latent/data/split"
"synthetic","simulated_lag_10","A","full_sample","cnn1d","behavior_contrastive_blocks","","eta","procrustes_r2","3","42;123;456","-0,976271886489613","0,00477880764248361","-0.976272 +/- 0.004779","training-seed variability on fixed synthetic latent/data/split"
"synthetic","simulated_lag_10","A","full_sample","cnn1d","behavior_contrastive_blocks","","eta","rsa_spearman","3","42;123;456","0,000974420979065815","0,00142453716941941","0.000974 +/- 0.001425","training-seed variability on fixed synthetic latent/data/split"
"synthetic","simulated_lag_10","A","full_sample","cnn1d","behavior_contrastive_blocks","","eta","rsa_pearson","3","42;123;456","0,00154583300702231","0,00183798881165934","0.001546 +/- 0.001838","training-seed variability on fixed synthetic latent/data/split"
"synthetic","simulated_lag_10","A","full_sample","cnn1d","behavior_contrastive_blocks","","eta","linear_cka","3","42;123;456","0,000183239519155038","6,17998625443303E-05","0.000183 +/- 6.2E-05","training-seed variability on fixed synthetic latent/data/split"
"synthetic","simulated_lag_10","A","full_sample","cnn1d","behavior_contrastive_blocks","","Z","procrustes_r2","3","42;123;456","0,340571925069667","0,0130969242594948","0.340572 +/- 0.013097","training-seed variability on fixed synthetic latent/data/split"
"synthetic","simulated_lag_10","A","full_sample","cnn1d","behavior_contrastive_blocks","","Z","rsa_spearman","3","42;123;456","0,356648935501653","0,00929450647123955","0.356649 +/- 0.009295","training-seed variability on fixed synthetic latent/data/split"
"synthetic","simulated_lag_10","A","full_sample","cnn1d","behavior_contrastive_blocks","","Z","rsa_pearson","3","42;123;456","0,353370097264331","0,00968757093483915","0.35337 +/- 0.009688","training-seed variability on fixed synthetic latent/data/split"
"synthetic","simulated_lag_10","A","full_sample","cnn1d","behavior_contrastive_blocks","","Z","linear_cka","3","42;123;456","0,542334886602246","0,0135778801450266","0.542335 +/- 0.013578","training-seed variability on fixed synthetic latent/data/split"
"synthetic","simulated_lag_10","B","full_sample","cnn1d","behavior_contrastive_blocks","","M","procrustes_r2","3","42;123;456","0,362525743621179","0,00769862090710374","0.362526 +/- 0.007699","training-seed variability on fixed synthetic latent/data/split"
"synthetic","simulated_lag_10","B","full_sample","cnn1d","behavior_contrastive_blocks","","M","rsa_spearman","3","42;123;456","0,360864189818858","0,00327980997593194","0.360864 +/- 0.00328","training-seed variability on fixed synthetic latent/data/split"
"synthetic","simulated_lag_10","B","full_sample","cnn1d","behavior_contrastive_blocks","","M","rsa_pearson","3","42;123;456","0,359331440034033","0,00389011671327942","0.359331 +/- 0.00389","training-seed variability on fixed synthetic latent/data/split"
"synthetic","simulated_lag_10","B","full_sample","cnn1d","behavior_contrastive_blocks","","M","linear_cka","3","42;123;456","0,561283816980751","0,00761297701107309","0.561284 +/- 0.007613","training-seed variability on fixed synthetic latent/data/split"
"synthetic","simulated_lag_10","B","full_sample","cnn1d","behavior_contrastive_blocks","","eta","procrustes_r2","3","42;123;456","-0,979312060596905","0,000751794848475777","-0.979312 +/- 0.000752","training-seed variability on fixed synthetic latent/data/split"
"synthetic","simulated_lag_10","B","full_sample","cnn1d","behavior_contrastive_blocks","","eta","rsa_spearman","3","42;123;456","0,0065128807579872","0,000600468642502608","0.006513 +/- 0.0006","training-seed variability on fixed synthetic latent/data/split"
"synthetic","simulated_lag_10","B","full_sample","cnn1d","behavior_contrastive_blocks","","eta","rsa_pearson","3","42;123;456","0,00645458933688726","0,00043017645163858","0.006455 +/- 0.00043","training-seed variability on fixed synthetic latent/data/split"
"synthetic","simulated_lag_10","B","full_sample","cnn1d","behavior_contrastive_blocks","","eta","linear_cka","3","42;123;456","0,000134235917611954","7,91305994033147E-06","0.000134 +/- 8E-06","training-seed variability on fixed synthetic latent/data/split"
"synthetic","simulated_lag_10","B","full_sample","cnn1d","behavior_contrastive_blocks","","Z","procrustes_r2","3","42;123;456","0,350689075114076","0,00724726179849824","0.350689 +/- 0.007247","training-seed variability on fixed synthetic latent/data/split"
"synthetic","simulated_lag_10","B","full_sample","cnn1d","behavior_contrastive_blocks","","Z","rsa_spearman","3","42;123;456","0,353309068513704","0,00300225745106756","0.353309 +/- 0.003002","training-seed variability on fixed synthetic latent/data/split"
"synthetic","simulated_lag_10","B","full_sample","cnn1d","behavior_contrastive_blocks","","Z","rsa_pearson","3","42;123;456","0,356294946818275","0,00365612406992083","0.356295 +/- 0.003656","training-seed variability on fixed synthetic latent/data/split"
"synthetic","simulated_lag_10","B","full_sample","cnn1d","behavior_contrastive_blocks","","Z","linear_cka","3","42;123;456","0,551639728591884","0,00717240975967916","0.55164 +/- 0.007172","training-seed variability on fixed synthetic latent/data/split"
"synthetic","simulated_lag_10","A_B","full_sample","cnn1d","behavior_contrastive_blocks","","","estimated_lag_bins","3","42;123;456","19","1","19 +/- 1","training-seed variability on fixed synthetic latent/data/split"
"synthetic","simulated_lag_10","A","full_sample","cnn1d","infonce","","M","procrustes_r2","3","42;123;456","0,365612785194303","0,00609696323268596","0.365613 +/- 0.006097","training-seed variability on fixed synthetic latent/data/split"
"synthetic","simulated_lag_10","A","full_sample","cnn1d","infonce","","M","rsa_spearman","3","42;123;456","0,368662715911406","0,000937196992566024","0.368663 +/- 0.000937","training-seed variability on fixed synthetic latent/data/split"
"synthetic","simulated_lag_10","A","full_sample","cnn1d","infonce","","M","rsa_pearson","3","42;123;456","0,358812545457225","0,0011643542763481","0.358813 +/- 0.001164","training-seed variability on fixed synthetic latent/data/split"
"synthetic","simulated_lag_10","A","full_sample","cnn1d","infonce","","M","linear_cka","3","42;123;456","0,556829416814436","0,00109408769994865","0.556829 +/- 0.001094","training-seed variability on fixed synthetic latent/data/split"
"synthetic","simulated_lag_10","A","full_sample","cnn1d","infonce","","eta","procrustes_r2","3","42;123;456","-0,97856110961479","0,000887487867163037","-0.978561 +/- 0.000887","training-seed variability on fixed synthetic latent/data/split"
"synthetic","simulated_lag_10","A","full_sample","cnn1d","infonce","","eta","rsa_spearman","3","42;123;456","0,000560508016015595","0,000973770996007643","0.000561 +/- 0.000974","training-seed variability on fixed synthetic latent/data/split"
"synthetic","simulated_lag_10","A","full_sample","cnn1d","infonce","","eta","rsa_pearson","3","42;123;456","0,0012375704938479","0,000726764893449081","0.001238 +/- 0.000727","training-seed variability on fixed synthetic latent/data/split"
"synthetic","simulated_lag_10","A","full_sample","cnn1d","infonce","","eta","linear_cka","3","42;123;456","0,000146615210483186","1,23785208605624E-05","0.000147 +/- 1.2E-05","training-seed variability on fixed synthetic latent/data/split"
"synthetic","simulated_lag_10","A","full_sample","cnn1d","infonce","","Z","procrustes_r2","3","42;123;456","0,355039723085785","0,00603880292536066","0.35504 +/- 0.006039","training-seed variability on fixed synthetic latent/data/split"
"synthetic","simulated_lag_10","A","full_sample","cnn1d","infonce","","Z","rsa_spearman","3","42;123;456","0,359026752112122","0,000841307700340854","0.359027 +/- 0.000841","training-seed variability on fixed synthetic latent/data/split"
"synthetic","simulated_lag_10","A","full_sample","cnn1d","infonce","","Z","rsa_pearson","3","42;123;456","0,357171046933855","0,00104636452598556","0.357171 +/- 0.001046","training-seed variability on fixed synthetic latent/data/split"
"synthetic","simulated_lag_10","A","full_sample","cnn1d","infonce","","Z","linear_cka","3","42;123;456","0,548356740313009","0,00107190698218483","0.548357 +/- 0.001072","training-seed variability on fixed synthetic latent/data/split"
"synthetic","simulated_lag_10","B","full_sample","cnn1d","infonce","","M","procrustes_r2","3","42;123;456","0,375083910801164","0,00206261843123519","0.375084 +/- 0.002063","training-seed variability on fixed synthetic latent/data/split"
"synthetic","simulated_lag_10","B","full_sample","cnn1d","infonce","","M","rsa_spearman","3","42;123;456","0,361091737736211","0,00217366715446012","0.361092 +/- 0.002174","training-seed variability on fixed synthetic latent/data/split"
"synthetic","simulated_lag_10","B","full_sample","cnn1d","infonce","","M","rsa_pearson","3","42;123;456","0,361572485744748","0,00300852635866535","0.361572 +/- 0.003009","training-seed variability on fixed synthetic latent/data/split"
"synthetic","simulated_lag_10","B","full_sample","cnn1d","infonce","","M","linear_cka","3","42;123;456","0,566280576153258","0,00443959141794915","0.566281 +/- 0.00444","training-seed variability on fixed synthetic latent/data/split"
"synthetic","simulated_lag_10","B","full_sample","cnn1d","infonce","","eta","procrustes_r2","3","42;123;456","-0,979138235939303","0,00088857628739054","-0.979138 +/- 0.000889","training-seed variability on fixed synthetic latent/data/split"
"synthetic","simulated_lag_10","B","full_sample","cnn1d","infonce","","eta","rsa_spearman","3","42;123;456","0,00755035384284748","0,00017077388473417","0.00755 +/- 0.000171","training-seed variability on fixed synthetic latent/data/split"
"synthetic","simulated_lag_10","B","full_sample","cnn1d","infonce","","eta","rsa_pearson","3","42;123;456","0,00720438388491127","0,000341827010145324","0.007204 +/- 0.000342","training-seed variability on fixed synthetic latent/data/split"
"synthetic","simulated_lag_10","B","full_sample","cnn1d","infonce","","eta","linear_cka","3","42;123;456","0,000133102078069713","1,14123122655949E-05","0.000133 +/- 1.1E-05","training-seed variability on fixed synthetic latent/data/split"
"synthetic","simulated_lag_10","B","full_sample","cnn1d","infonce","","Z","procrustes_r2","3","42;123;456","0,362916900940284","0,00221040445805635","0.362917 +/- 0.00221","training-seed variability on fixed synthetic latent/data/split"
"synthetic","simulated_lag_10","B","full_sample","cnn1d","infonce","","Z","rsa_spearman","3","42;123;456","0,353650871492423","0,00196724086159286","0.353651 +/- 0.001967","training-seed variability on fixed synthetic latent/data/split"
"synthetic","simulated_lag_10","B","full_sample","cnn1d","infonce","","Z","rsa_pearson","3","42;123;456","0,358587481094008","0,00277292735160463","0.358587 +/- 0.002773","training-seed variability on fixed synthetic latent/data/split"
"synthetic","simulated_lag_10","B","full_sample","cnn1d","infonce","","Z","linear_cka","3","42;123;456","0,556388311236507","0,00422533084358056","0.556388 +/- 0.004225","training-seed variability on fixed synthetic latent/data/split"
"synthetic","simulated_lag_10","A_B","full_sample","cnn1d","infonce","","","estimated_lag_bins","3","42;123;456","18","1,73205080756888","18 +/- 1.732051","training-seed variability on fixed synthetic latent/data/split"
"synthetic","simulated_lag_10","A","full_sample","cnn1d","soft","","M","procrustes_r2","3","42;123;456","0,402992194019885","0,00243367053209718","0.402992 +/- 0.002434","training-seed variability on fixed synthetic latent/data/split"
"synthetic","simulated_lag_10","A","full_sample","cnn1d","soft","","M","rsa_spearman","3","42;123;456","0,561123574400157","0,00491459530481384","0.561124 +/- 0.004915","training-seed variability on fixed synthetic latent/data/split"
"synthetic","simulated_lag_10","A","full_sample","cnn1d","soft","","M","rsa_pearson","3","42;123;456","0,547446797926755","0,00481566925239074","0.547447 +/- 0.004816","training-seed variability on fixed synthetic latent/data/split"
"synthetic","simulated_lag_10","A","full_sample","cnn1d","soft","","M","linear_cka","3","42;123;456","0,595096417696895","0,00149113514597807","0.595096 +/- 0.001491","training-seed variability on fixed synthetic latent/data/split"
"synthetic","simulated_lag_10","A","full_sample","cnn1d","soft","","eta","procrustes_r2","3","42;123;456","-0,979447704584459","0,00173027657836108","-0.979448 +/- 0.00173","training-seed variability on fixed synthetic latent/data/split"
"synthetic","simulated_lag_10","A","full_sample","cnn1d","soft","","eta","rsa_spearman","3","42;123;456","0,00357798327144444","0,00137455103514814","0.003578 +/- 0.001375","training-seed variability on fixed synthetic latent/data/split"
"synthetic","simulated_lag_10","A","full_sample","cnn1d","soft","","eta","rsa_pearson","3","42;123;456","0,00341439672199697","0,000900599349347405","0.003414 +/- 0.000901","training-seed variability on fixed synthetic latent/data/split"
"synthetic","simulated_lag_10","A","full_sample","cnn1d","soft","","eta","linear_cka","3","42;123;456","0,000136782745280749","2,81330980684593E-05","0.000137 +/- 2.8E-05","training-seed variability on fixed synthetic latent/data/split"
"synthetic","simulated_lag_10","A","full_sample","cnn1d","soft","","Z","procrustes_r2","3","42;123;456","0,39130898066048","0,00212239042874777","0.391309 +/- 0.002122","training-seed variability on fixed synthetic latent/data/split"
"synthetic","simulated_lag_10","A","full_sample","cnn1d","soft","","Z","rsa_spearman","3","42;123;456","0,55075177086703","0,00493892211269316","0.550752 +/- 0.004939","training-seed variability on fixed synthetic latent/data/split"
"synthetic","simulated_lag_10","A","full_sample","cnn1d","soft","","Z","rsa_pearson","3","42;123;456","0,539947242067836","0,00467650276281503","0.539947 +/- 0.004677","training-seed variability on fixed synthetic latent/data/split"
"synthetic","simulated_lag_10","A","full_sample","cnn1d","soft","","Z","linear_cka","3","42;123;456","0,585348617675441","0,00119741851240049","0.585349 +/- 0.001197","training-seed variability on fixed synthetic latent/data/split"
"synthetic","simulated_lag_10","B","full_sample","cnn1d","soft","","M","procrustes_r2","3","42;123;456","0,400623809993037","0,00260861779183484","0.400624 +/- 0.002609","training-seed variability on fixed synthetic latent/data/split"
"synthetic","simulated_lag_10","B","full_sample","cnn1d","soft","","M","rsa_spearman","3","42;123;456","0,547018936838529","0,00325741680898245","0.547019 +/- 0.003257","training-seed variability on fixed synthetic latent/data/split"
"synthetic","simulated_lag_10","B","full_sample","cnn1d","soft","","M","rsa_pearson","3","42;123;456","0,536785102071963","0,00303479613242801","0.536785 +/- 0.003035","training-seed variability on fixed synthetic latent/data/split"
"synthetic","simulated_lag_10","B","full_sample","cnn1d","soft","","M","linear_cka","3","42;123;456","0,590565095356832","0,000740036735665036","0.590565 +/- 0.00074","training-seed variability on fixed synthetic latent/data/split"
"synthetic","simulated_lag_10","B","full_sample","cnn1d","soft","","eta","procrustes_r2","3","42;123;456","-0,981586189992271","0,00176221753321393","-0.981586 +/- 0.001762","training-seed variability on fixed synthetic latent/data/split"
"synthetic","simulated_lag_10","B","full_sample","cnn1d","soft","","eta","rsa_spearman","3","42;123;456","0,00217291619486411","0,00136659601871466","0.002173 +/- 0.001367","training-seed variability on fixed synthetic latent/data/split"
"synthetic","simulated_lag_10","B","full_sample","cnn1d","soft","","eta","rsa_pearson","3","42;123;456","0,00172244457112753","0,000853232970936109","0.001722 +/- 0.000853","training-seed variability on fixed synthetic latent/data/split"
"synthetic","simulated_lag_10","B","full_sample","cnn1d","soft","","eta","linear_cka","3","42;123;456","0,000128312630043721","2,68565680865941E-05","0.000128 +/- 2.7E-05","training-seed variability on fixed synthetic latent/data/split"
"synthetic","simulated_lag_10","B","full_sample","cnn1d","soft","","Z","procrustes_r2","3","42;123;456","0,386793510791696","0,00272587588246579","0.386794 +/- 0.002726","training-seed variability on fixed synthetic latent/data/split"
"synthetic","simulated_lag_10","B","full_sample","cnn1d","soft","","Z","rsa_spearman","3","42;123;456","0,537125673403118","0,00337061763088416","0.537126 +/- 0.003371","training-seed variability on fixed synthetic latent/data/split"
"synthetic","simulated_lag_10","B","full_sample","cnn1d","soft","","Z","rsa_pearson","3","42;123;456","0,527306528112451","0,00321741605610742","0.527307 +/- 0.003217","training-seed variability on fixed synthetic latent/data/split"
"synthetic","simulated_lag_10","B","full_sample","cnn1d","soft","","Z","linear_cka","3","42;123;456","0,579092501504069","0,000420179978711255","0.579093 +/- 0.00042","training-seed variability on fixed synthetic latent/data/split"
"synthetic","simulated_lag_10","A_B","full_sample","cnn1d","soft","","","estimated_lag_bins","3","42;123;456","4,33333333333333","6,65832811847939","4.333333 +/- 6.658328","training-seed variability on fixed synthetic latent/data/split"
"synthetic","simulated_lag_10","A","full_sample","cnn1d","time_contrastive_blocks","","M","procrustes_r2","3","42;123;456","0,716818581412888","0,0159488540438927","0.716819 +/- 0.015949","training-seed variability on fixed synthetic latent/data/split"
"synthetic","simulated_lag_10","A","full_sample","cnn1d","time_contrastive_blocks","","M","rsa_spearman","3","42;123;456","0,618784075780751","0,0303221798775277","0.618784 +/- 0.030322","training-seed variability on fixed synthetic latent/data/split"
"synthetic","simulated_lag_10","A","full_sample","cnn1d","time_contrastive_blocks","","M","rsa_pearson","3","42;123;456","0,658798369765783","0,0274718747208614","0.658798 +/- 0.027472","training-seed variability on fixed synthetic latent/data/split"
"synthetic","simulated_lag_10","A","full_sample","cnn1d","time_contrastive_blocks","","M","linear_cka","3","42;123;456","0,725085958427073","0,0141394403962085","0.725086 +/- 0.014139","training-seed variability on fixed synthetic latent/data/split"
"synthetic","simulated_lag_10","A","full_sample","cnn1d","time_contrastive_blocks","","eta","procrustes_r2","3","42;123;456","-0,968587617189675","1,57743871542761E-05","-0.968588 +/- 1.6E-05","training-seed variability on fixed synthetic latent/data/split"
"synthetic","simulated_lag_10","A","full_sample","cnn1d","time_contrastive_blocks","","eta","rsa_spearman","3","42;123;456","0,00418407719869913","0,000178107905486768","0.004184 +/- 0.000178","training-seed variability on fixed synthetic latent/data/split"
"synthetic","simulated_lag_10","A","full_sample","cnn1d","time_contrastive_blocks","","eta","rsa_pearson","3","42;123;456","0,00423959860105651","0,000137329629378813","0.00424 +/- 0.000137","training-seed variability on fixed synthetic latent/data/split"
"synthetic","simulated_lag_10","A","full_sample","cnn1d","time_contrastive_blocks","","eta","linear_cka","3","42;123;456","0,000316518078165777","1,84662224771995E-06","0.000317 +/- 2E-06","training-seed variability on fixed synthetic latent/data/split"
"synthetic","simulated_lag_10","A","full_sample","cnn1d","time_contrastive_blocks","","Z","procrustes_r2","3","42;123;456","0,706030890068192","0,0158074982866837","0.706031 +/- 0.015807","training-seed variability on fixed synthetic latent/data/split"
"synthetic","simulated_lag_10","A","full_sample","cnn1d","time_contrastive_blocks","","Z","rsa_spearman","3","42;123;456","0,611971970510611","0,0301275882832837","0.611972 +/- 0.030128","training-seed variability on fixed synthetic latent/data/split"
"synthetic","simulated_lag_10","A","full_sample","cnn1d","time_contrastive_blocks","","Z","rsa_pearson","3","42;123;456","0,647088017109471","0,0272411328749787","0.647088 +/- 0.027241","training-seed variability on fixed synthetic latent/data/split"
"synthetic","simulated_lag_10","A","full_sample","cnn1d","time_contrastive_blocks","","Z","linear_cka","3","42;123;456","0,716078636076081","0,0139508450427902","0.716079 +/- 0.013951","training-seed variability on fixed synthetic latent/data/split"
"synthetic","simulated_lag_10","B","full_sample","cnn1d","time_contrastive_blocks","","M","procrustes_r2","3","42;123;456","0,678374187740982","0,0171598516019936","0.678374 +/- 0.01716","training-seed variability on fixed synthetic latent/data/split"
"synthetic","simulated_lag_10","B","full_sample","cnn1d","time_contrastive_blocks","","M","rsa_spearman","3","42;123;456","0,597108879953577","0,0326794616994436","0.597109 +/- 0.032679","training-seed variability on fixed synthetic latent/data/split"
"synthetic","simulated_lag_10","B","full_sample","cnn1d","time_contrastive_blocks","","M","rsa_pearson","3","42;123;456","0,62041128716605","0,0304004615538791","0.620411 +/- 0.0304","training-seed variability on fixed synthetic latent/data/split"
"synthetic","simulated_lag_10","B","full_sample","cnn1d","time_contrastive_blocks","","M","linear_cka","3","42;123;456","0,693660183228009","0,0143494846814406","0.69366 +/- 0.014349","training-seed variability on fixed synthetic latent/data/split"
"synthetic","simulated_lag_10","B","full_sample","cnn1d","time_contrastive_blocks","","eta","procrustes_r2","3","42;123;456","-0,966852866080853","0,000168961353916196","-0.966853 +/- 0.000169","training-seed variability on fixed synthetic latent/data/split"
"synthetic","simulated_lag_10","B","full_sample","cnn1d","time_contrastive_blocks","","eta","rsa_spearman","3","42;123;456","0,00264453477160584","0,000986760525143819","0.002645 +/- 0.000987","training-seed variability on fixed synthetic latent/data/split"
"synthetic","simulated_lag_10","B","full_sample","cnn1d","time_contrastive_blocks","","eta","rsa_pearson","3","42;123;456","0,00115278503240894","0,000755423511089948","0.001153 +/- 0.000755","training-seed variability on fixed synthetic latent/data/split"
"synthetic","simulated_lag_10","B","full_sample","cnn1d","time_contrastive_blocks","","eta","linear_cka","3","42;123;456","0,000395592545387147","1,15023295152586E-05","0.000396 +/- 1.2E-05","training-seed variability on fixed synthetic latent/data/split"
"synthetic","simulated_lag_10","B","full_sample","cnn1d","time_contrastive_blocks","","Z","procrustes_r2","3","42;123;456","0,666248189633774","0,0169337203028913","0.666248 +/- 0.016934","training-seed variability on fixed synthetic latent/data/split"
"synthetic","simulated_lag_10","B","full_sample","cnn1d","time_contrastive_blocks","","Z","rsa_spearman","3","42;123;456","0,589972034635172","0,0322611390158666","0.589972 +/- 0.032261","training-seed variability on fixed synthetic latent/data/split"
"synthetic","simulated_lag_10","B","full_sample","cnn1d","time_contrastive_blocks","","Z","rsa_pearson","3","42;123;456","0,609005274405329","0,0299716548410877","0.609005 +/- 0.029972","training-seed variability on fixed synthetic latent/data/split"
"synthetic","simulated_lag_10","B","full_sample","cnn1d","time_contrastive_blocks","","Z","linear_cka","3","42;123;456","0,683692210659527","0,0140650786222202","0.683692 +/- 0.014065","training-seed variability on fixed synthetic latent/data/split"
"synthetic","simulated_lag_10","A_B","full_sample","cnn1d","time_contrastive_blocks","","","estimated_lag_bins","3","42;123;456","17,6666666666667","2,51661147842358","17.666667 +/- 2.516611","training-seed variability on fixed synthetic latent/data/split"
"synthetic","simulated_lag_10","A","full_sample","pca","none","","M","procrustes_r2","3","42;123;456","0,748345698555994","0","0.748346 +/- 0","training-seed variability on fixed synthetic latent/data/split"
"synthetic","simulated_lag_10","A","full_sample","pca","none","","M","rsa_spearman","3","42;123;456","0,703957982410845","0","0.703958 +/- 0","training-seed variability on fixed synthetic latent/data/split"
"synthetic","simulated_lag_10","A","full_sample","pca","none","","M","rsa_pearson","3","42;123;456","0,757651524316317","0","0.757652 +/- 0","training-seed variability on fixed synthetic latent/data/split"
"synthetic","simulated_lag_10","A","full_sample","pca","none","","M","linear_cka","3","42;123;456","0,732748640107869","0","0.732749 +/- 0","training-seed variability on fixed synthetic latent/data/split"
"synthetic","simulated_lag_10","A","full_sample","pca","none","","eta","procrustes_r2","3","42;123;456","-0,972465569920844","1,35973995551052E-16","-0.972466 +/- 0","training-seed variability on fixed synthetic latent/data/split"
"synthetic","simulated_lag_10","A","full_sample","pca","none","","eta","rsa_spearman","3","42;123;456","0,00378263541633198","0","0.003783 +/- 0","training-seed variability on fixed synthetic latent/data/split"
"synthetic","simulated_lag_10","A","full_sample","pca","none","","eta","rsa_pearson","3","42;123;456","0,0036235642316253","0","0.003624 +/- 0","training-seed variability on fixed synthetic latent/data/split"
"synthetic","simulated_lag_10","A","full_sample","pca","none","","eta","linear_cka","3","42;123;456","0,00022940533559288","0","0.000229 +/- 0","training-seed variability on fixed synthetic latent/data/split"
"synthetic","simulated_lag_10","A","full_sample","pca","none","","Z","procrustes_r2","3","42;123;456","0,736976902704497","1,35973995551052E-16","0.736977 +/- 0","training-seed variability on fixed synthetic latent/data/split"
"synthetic","simulated_lag_10","A","full_sample","pca","none","","Z","rsa_spearman","3","42;123;456","0,698095844209278","1,35973995551052E-16","0.698096 +/- 0","training-seed variability on fixed synthetic latent/data/split"
"synthetic","simulated_lag_10","A","full_sample","pca","none","","Z","rsa_pearson","3","42;123;456","0,743959949585954","1,35973995551052E-16","0.74396 +/- 0","training-seed variability on fixed synthetic latent/data/split"
"synthetic","simulated_lag_10","A","full_sample","pca","none","","Z","linear_cka","3","42;123;456","0,723289228423894","1,35973995551052E-16","0.723289 +/- 0","training-seed variability on fixed synthetic latent/data/split"
"synthetic","simulated_lag_10","B","full_sample","pca","none","","M","procrustes_r2","3","42;123;456","0,732190516675505","0","0.732191 +/- 0","training-seed variability on fixed synthetic latent/data/split"
"synthetic","simulated_lag_10","B","full_sample","pca","none","","M","rsa_spearman","3","42;123;456","0,709648121250248","1,35973995551052E-16","0.709648 +/- 0","training-seed variability on fixed synthetic latent/data/split"
"synthetic","simulated_lag_10","B","full_sample","pca","none","","M","rsa_pearson","3","42;123;456","0,730802695432197","0","0.730803 +/- 0","training-seed variability on fixed synthetic latent/data/split"
"synthetic","simulated_lag_10","B","full_sample","pca","none","","M","linear_cka","3","42;123;456","0,733876242728183","1,35973995551052E-16","0.733876 +/- 0","training-seed variability on fixed synthetic latent/data/split"
"synthetic","simulated_lag_10","B","full_sample","pca","none","","eta","procrustes_r2","3","42;123;456","-0,966970278826295","0","-0.96697 +/- 0","training-seed variability on fixed synthetic latent/data/split"
"synthetic","simulated_lag_10","B","full_sample","pca","none","","eta","rsa_spearman","3","42;123;456","0,00228610263244122","0","0.002286 +/- 0","training-seed variability on fixed synthetic latent/data/split"
"synthetic","simulated_lag_10","B","full_sample","pca","none","","eta","rsa_pearson","3","42;123;456","0,000329105204549754","6,6393552515162E-20","0.000329 +/- 0","training-seed variability on fixed synthetic latent/data/split"
"synthetic","simulated_lag_10","B","full_sample","pca","none","","eta","linear_cka","3","42;123;456","0,000390251691083916","0","0.00039 +/- 0","training-seed variability on fixed synthetic latent/data/split"
"synthetic","simulated_lag_10","B","full_sample","pca","none","","Z","procrustes_r2","3","42;123;456","0,719666818339882","1,35973995551052E-16","0.719667 +/- 0","training-seed variability on fixed synthetic latent/data/split"
"synthetic","simulated_lag_10","B","full_sample","pca","none","","Z","rsa_spearman","3","42;123;456","0,701656127554132","0","0.701656 +/- 0","training-seed variability on fixed synthetic latent/data/split"
"synthetic","simulated_lag_10","B","full_sample","pca","none","","Z","rsa_pearson","3","42;123;456","0,718123428686677","0","0.718123 +/- 0","training-seed variability on fixed synthetic latent/data/split"
"synthetic","simulated_lag_10","B","full_sample","pca","none","","Z","linear_cka","3","42;123;456","0,723309958722815","0","0.72331 +/- 0","training-seed variability on fixed synthetic latent/data/split"
"synthetic","simulated_lag_10","A_B","full_sample","pca","none","","","estimated_lag_bins","3","42;123;456","13","0","13 +/- 0","training-seed variability on fixed synthetic latent/data/split"
"synthetic","simulated_lag_10","A","full_sample","transformer","behavior_contrastive_blocks","","M","procrustes_r2","3","42;123;456","0,35417816437986","0,0404702683408705","0.354178 +/- 0.04047","training-seed variability on fixed synthetic latent/data/split"
"synthetic","simulated_lag_10","A","full_sample","transformer","behavior_contrastive_blocks","","M","rsa_spearman","3","42;123;456","0,355142641943943","0,0111506890371334","0.355143 +/- 0.011151","training-seed variability on fixed synthetic latent/data/split"
"synthetic","simulated_lag_10","A","full_sample","transformer","behavior_contrastive_blocks","","M","rsa_pearson","3","42;123;456","0,339607489176921","0,0079149934193461","0.339607 +/- 0.007915","training-seed variability on fixed synthetic latent/data/split"
"synthetic","simulated_lag_10","A","full_sample","transformer","behavior_contrastive_blocks","","M","linear_cka","3","42;123;456","0,522179620425186","0,00782071148880996","0.52218 +/- 0.007821","training-seed variability on fixed synthetic latent/data/split"
"synthetic","simulated_lag_10","A","full_sample","transformer","behavior_contrastive_blocks","","eta","procrustes_r2","3","42;123;456","-0,963568757827928","0,00526382105379009","-0.963569 +/- 0.005264","training-seed variability on fixed synthetic latent/data/split"
"synthetic","simulated_lag_10","A","full_sample","transformer","behavior_contrastive_blocks","","eta","rsa_spearman","3","42;123;456","0,00402404888404549","0,00115467965382872","0.004024 +/- 0.001155","training-seed variability on fixed synthetic latent/data/split"
"synthetic","simulated_lag_10","A","full_sample","transformer","behavior_contrastive_blocks","","eta","rsa_pearson","3","42;123;456","0,00448062342931068","0,00130440748622382","0.004481 +/- 0.001304","training-seed variability on fixed synthetic latent/data/split"
"synthetic","simulated_lag_10","A","full_sample","transformer","behavior_contrastive_blocks","","eta","linear_cka","3","42;123;456","0,000417586018195348","0,000118191704760977","0.000418 +/- 0.000118","training-seed variability on fixed synthetic latent/data/split"
"synthetic","simulated_lag_10","A","full_sample","transformer","behavior_contrastive_blocks","","Z","procrustes_r2","3","42;123;456","0,346428614037184","0,0412075804639959","0.346429 +/- 0.041208","training-seed variability on fixed synthetic latent/data/split"
"synthetic","simulated_lag_10","A","full_sample","transformer","behavior_contrastive_blocks","","Z","rsa_spearman","3","42;123;456","0,348677662554359","0,0117515464437269","0.348678 +/- 0.011752","training-seed variability on fixed synthetic latent/data/split"
"synthetic","simulated_lag_10","A","full_sample","transformer","behavior_contrastive_blocks","","Z","rsa_pearson","3","42;123;456","0,340069287742903","0,00813649590043504","0.340069 +/- 0.008136","training-seed variability on fixed synthetic latent/data/split"
"synthetic","simulated_lag_10","A","full_sample","transformer","behavior_contrastive_blocks","","Z","linear_cka","3","42;123;456","0,516416091801737","0,007974121887449","0.516416 +/- 0.007974","training-seed variability on fixed synthetic latent/data/split"
"synthetic","simulated_lag_10","B","full_sample","transformer","behavior_contrastive_blocks","","M","procrustes_r2","3","42;123;456","0,153854533947509","0,16692396708862","0.153855 +/- 0.166924","training-seed variability on fixed synthetic latent/data/split"
"synthetic","simulated_lag_10","B","full_sample","transformer","behavior_contrastive_blocks","","M","rsa_spearman","3","42;123;456","0,298310726519422","0,0488949718179818","0.298311 +/- 0.048895","training-seed variability on fixed synthetic latent/data/split"
"synthetic","simulated_lag_10","B","full_sample","transformer","behavior_contrastive_blocks","","M","rsa_pearson","3","42;123;456","0,294750112175288","0,0335756198780582","0.29475 +/- 0.033576","training-seed variability on fixed synthetic latent/data/split"
"synthetic","simulated_lag_10","B","full_sample","transformer","behavior_contrastive_blocks","","M","linear_cka","3","42;123;456","0,436904902896158","0,0692719737457793","0.436905 +/- 0.069272","training-seed variability on fixed synthetic latent/data/split"
"synthetic","simulated_lag_10","B","full_sample","transformer","behavior_contrastive_blocks","","eta","procrustes_r2","3","42;123;456","-0,976517275953911","0,00490622018829591","-0.976517 +/- 0.004906","training-seed variability on fixed synthetic latent/data/split"
"synthetic","simulated_lag_10","B","full_sample","transformer","behavior_contrastive_blocks","","eta","rsa_spearman","3","42;123;456","0,00421552077221745","0,00185893849243466","0.004216 +/- 0.001859","training-seed variability on fixed synthetic latent/data/split"
"synthetic","simulated_lag_10","B","full_sample","transformer","behavior_contrastive_blocks","","eta","rsa_pearson","3","42;123;456","0,00509729395374012","0,00183655617076582","0.005097 +/- 0.001837","training-seed variability on fixed synthetic latent/data/split"
"synthetic","simulated_lag_10","B","full_sample","transformer","behavior_contrastive_blocks","","eta","linear_cka","3","42;123;456","0,000187931385966505","7,22377302280302E-05","0.000188 +/- 7.2E-05","training-seed variability on fixed synthetic latent/data/split"
"synthetic","simulated_lag_10","B","full_sample","transformer","behavior_contrastive_blocks","","Z","procrustes_r2","3","42;123;456","0,1448517082372","0,166592570177997","0.144852 +/- 0.166593","training-seed variability on fixed synthetic latent/data/split"
"synthetic","simulated_lag_10","B","full_sample","transformer","behavior_contrastive_blocks","","Z","rsa_spearman","3","42;123;456","0,293950498118176","0,0486987320374234","0.29395 +/- 0.048699","training-seed variability on fixed synthetic latent/data/split"
"synthetic","simulated_lag_10","B","full_sample","transformer","behavior_contrastive_blocks","","Z","rsa_pearson","3","42;123;456","0,293061200674787","0,0340678368096733","0.293061 +/- 0.034068","training-seed variability on fixed synthetic latent/data/split"
"synthetic","simulated_lag_10","B","full_sample","transformer","behavior_contrastive_blocks","","Z","linear_cka","3","42;123;456","0,430226237918543","0,0688871781757818","0.430226 +/- 0.068887","training-seed variability on fixed synthetic latent/data/split"
"synthetic","simulated_lag_10","A_B","full_sample","transformer","behavior_contrastive_blocks","","","estimated_lag_bins","3","42;123;456","20","0","20 +/- 0","training-seed variability on fixed synthetic latent/data/split"
"synthetic","simulated_lag_10","A","full_sample","transformer","infonce","","M","procrustes_r2","3","42;123;456","0,446447066358875","0,0146013021138951","0.446447 +/- 0.014601","training-seed variability on fixed synthetic latent/data/split"
"synthetic","simulated_lag_10","A","full_sample","transformer","infonce","","M","rsa_spearman","3","42;123;456","0,447843496917765","0,0111609453053853","0.447843 +/- 0.011161","training-seed variability on fixed synthetic latent/data/split"
"synthetic","simulated_lag_10","A","full_sample","transformer","infonce","","M","rsa_pearson","3","42;123;456","0,42935662698208","0,0124835372978634","0.429357 +/- 0.012484","training-seed variability on fixed synthetic latent/data/split"
"synthetic","simulated_lag_10","A","full_sample","transformer","infonce","","M","linear_cka","3","42;123;456","0,587604261138074","0,00718231078094378","0.587604 +/- 0.007182","training-seed variability on fixed synthetic latent/data/split"
"synthetic","simulated_lag_10","A","full_sample","transformer","infonce","","eta","procrustes_r2","3","42;123;456","-0,972602763431215","0,0028744128145604","-0.972603 +/- 0.002874","training-seed variability on fixed synthetic latent/data/split"
"synthetic","simulated_lag_10","A","full_sample","transformer","infonce","","eta","rsa_spearman","3","42;123;456","0,00351234144445771","0,000270335665720747","0.003512 +/- 0.00027","training-seed variability on fixed synthetic latent/data/split"
"synthetic","simulated_lag_10","A","full_sample","transformer","infonce","","eta","rsa_pearson","3","42;123;456","0,0034032051853548","0,000182167572906707","0.003403 +/- 0.000182","training-seed variability on fixed synthetic latent/data/split"
"synthetic","simulated_lag_10","A","full_sample","transformer","infonce","","eta","linear_cka","3","42;123;456","0,000234848999210349","5,14819266695011E-05","0.000235 +/- 5.1E-05","training-seed variability on fixed synthetic latent/data/split"
"synthetic","simulated_lag_10","A","full_sample","transformer","infonce","","Z","procrustes_r2","3","42;123;456","0,437026132224992","0,0147703811775316","0.437026 +/- 0.01477","training-seed variability on fixed synthetic latent/data/split"
"synthetic","simulated_lag_10","A","full_sample","transformer","infonce","","Z","rsa_spearman","3","42;123;456","0,43983628134053","0,0111884678389053","0.439836 +/- 0.011188","training-seed variability on fixed synthetic latent/data/split"
"synthetic","simulated_lag_10","A","full_sample","transformer","infonce","","Z","rsa_pearson","3","42;123;456","0,427427801796458","0,0124022843031103","0.427428 +/- 0.012402","training-seed variability on fixed synthetic latent/data/split"
"synthetic","simulated_lag_10","A","full_sample","transformer","infonce","","Z","linear_cka","3","42;123;456","0,58015023118973","0,00735907662449492","0.58015 +/- 0.007359","training-seed variability on fixed synthetic latent/data/split"
"synthetic","simulated_lag_10","B","full_sample","transformer","infonce","","M","procrustes_r2","3","42;123;456","0,442254299798201","0,0295701015229328","0.442254 +/- 0.02957","training-seed variability on fixed synthetic latent/data/split"
"synthetic","simulated_lag_10","B","full_sample","transformer","infonce","","M","rsa_spearman","3","42;123;456","0,439310283656676","0,0303632468512322","0.43931 +/- 0.030363","training-seed variability on fixed synthetic latent/data/split"
"synthetic","simulated_lag_10","B","full_sample","transformer","infonce","","M","rsa_pearson","3","42;123;456","0,429947372446145","0,0311434922545846","0.429947 +/- 0.031143","training-seed variability on fixed synthetic latent/data/split"
"synthetic","simulated_lag_10","B","full_sample","transformer","infonce","","M","linear_cka","3","42;123;456","0,588306139916038","0,016645918264904","0.588306 +/- 0.016646","training-seed variability on fixed synthetic latent/data/split"
"synthetic","simulated_lag_10","B","full_sample","transformer","infonce","","eta","procrustes_r2","3","42;123;456","-0,971131595683074","0,00251839828526737","-0.971132 +/- 0.002518","training-seed variability on fixed synthetic latent/data/split"
"synthetic","simulated_lag_10","B","full_sample","transformer","infonce","","eta","rsa_spearman","3","42;123;456","0,00542901624491899","0,000836479770373452","0.005429 +/- 0.000836","training-seed variability on fixed synthetic latent/data/split"
"synthetic","simulated_lag_10","B","full_sample","transformer","infonce","","eta","rsa_pearson","3","42;123;456","0,0055179193738654","0,000799867203001135","0.005518 +/- 0.0008","training-seed variability on fixed synthetic latent/data/split"
"synthetic","simulated_lag_10","B","full_sample","transformer","infonce","","eta","linear_cka","3","42;123;456","0,000253419240290761","4,1401083346604E-05","0.000253 +/- 4.1E-05","training-seed variability on fixed synthetic latent/data/split"
"synthetic","simulated_lag_10","B","full_sample","transformer","infonce","","Z","procrustes_r2","3","42;123;456","0,431241866028124","0,0295961256887809","0.431242 +/- 0.029596","training-seed variability on fixed synthetic latent/data/split"
"synthetic","simulated_lag_10","B","full_sample","transformer","infonce","","Z","rsa_spearman","3","42;123;456","0,432749616267042","0,0303248388787054","0.43275 +/- 0.030325","training-seed variability on fixed synthetic latent/data/split"
"synthetic","simulated_lag_10","B","full_sample","transformer","infonce","","Z","rsa_pearson","3","42;123;456","0,426962754673889","0,0308145306445794","0.426963 +/- 0.030815","training-seed variability on fixed synthetic latent/data/split"
"synthetic","simulated_lag_10","B","full_sample","transformer","infonce","","Z","linear_cka","3","42;123;456","0,579553238387575","0,0166631113557077","0.579553 +/- 0.016663","training-seed variability on fixed synthetic latent/data/split"
"synthetic","simulated_lag_10","A_B","full_sample","transformer","infonce","","","estimated_lag_bins","3","42;123;456","20","0","20 +/- 0","training-seed variability on fixed synthetic latent/data/split"
"synthetic","simulated_lag_10","A","full_sample","transformer","soft","","M","procrustes_r2","3","42;123;456","0,415226151739522","0,0188069294292536","0.415226 +/- 0.018807","training-seed variability on fixed synthetic latent/data/split"
"synthetic","simulated_lag_10","A","full_sample","transformer","soft","","M","rsa_spearman","3","42;123;456","0,604793310335158","0,037452621494161","0.604793 +/- 0.037453","training-seed variability on fixed synthetic latent/data/split"
"synthetic","simulated_lag_10","A","full_sample","transformer","soft","","M","rsa_pearson","3","42;123;456","0,596598443359051","0,0413412654993387","0.596598 +/- 0.041341","training-seed variability on fixed synthetic latent/data/split"
"synthetic","simulated_lag_10","A","full_sample","transformer","soft","","M","linear_cka","3","42;123;456","0,604306758889505","0,0123228827260521","0.604307 +/- 0.012323","training-seed variability on fixed synthetic latent/data/split"
"synthetic","simulated_lag_10","A","full_sample","transformer","soft","","eta","procrustes_r2","3","42;123;456","-0,973769550448156","0,00183001995394572","-0.97377 +/- 0.00183","training-seed variability on fixed synthetic latent/data/split"
"synthetic","simulated_lag_10","A","full_sample","transformer","soft","","eta","rsa_spearman","3","42;123;456","0,00295392870308522","0,00166953223628591","0.002954 +/- 0.00167","training-seed variability on fixed synthetic latent/data/split"
"synthetic","simulated_lag_10","A","full_sample","transformer","soft","","eta","rsa_pearson","3","42;123;456","0,00305546501912699","0,00189471729275801","0.003055 +/- 0.001895","training-seed variability on fixed synthetic latent/data/split"
"synthetic","simulated_lag_10","A","full_sample","transformer","soft","","eta","linear_cka","3","42;123;456","0,000243208705231893","3,05837635871081E-05","0.000243 +/- 3.1E-05","training-seed variability on fixed synthetic latent/data/split"
"synthetic","simulated_lag_10","A","full_sample","transformer","soft","","Z","procrustes_r2","3","42;123;456","0,405892866020749","0,019137113026056","0.405893 +/- 0.019137","training-seed variability on fixed synthetic latent/data/split"
"synthetic","simulated_lag_10","A","full_sample","transformer","soft","","Z","rsa_spearman","3","42;123;456","0,59727739740731","0,037804618884538","0.597277 +/- 0.037805","training-seed variability on fixed synthetic latent/data/split"
"synthetic","simulated_lag_10","A","full_sample","transformer","soft","","Z","rsa_pearson","3","42;123;456","0,588900515264837","0,0405637959473362","0.588901 +/- 0.040564","training-seed variability on fixed synthetic latent/data/split"
"synthetic","simulated_lag_10","A","full_sample","transformer","soft","","Z","linear_cka","3","42;123;456","0,596426887729846","0,0124774383613829","0.596427 +/- 0.012477","training-seed variability on fixed synthetic latent/data/split"
"synthetic","simulated_lag_10","B","full_sample","transformer","soft","","M","procrustes_r2","3","42;123;456","0,384980455558577","0,00541921165733637","0.38498 +/- 0.005419","training-seed variability on fixed synthetic latent/data/split"
"synthetic","simulated_lag_10","B","full_sample","transformer","soft","","M","rsa_spearman","3","42;123;456","0,578138276827373","0,00782726830830387","0.578138 +/- 0.007827","training-seed variability on fixed synthetic latent/data/split"
"synthetic","simulated_lag_10","B","full_sample","transformer","soft","","M","rsa_pearson","3","42;123;456","0,566324273489628","0,00761930080885895","0.566324 +/- 0.007619","training-seed variability on fixed synthetic latent/data/split"
"synthetic","simulated_lag_10","B","full_sample","transformer","soft","","M","linear_cka","3","42;123;456","0,580869821943667","0,00466520414982619","0.58087 +/- 0.004665","training-seed variability on fixed synthetic latent/data/split"
"synthetic","simulated_lag_10","B","full_sample","transformer","soft","","eta","procrustes_r2","3","42;123;456","-0,979274497141356","0,000483506973579167","-0.979274 +/- 0.000484","training-seed variability on fixed synthetic latent/data/split"
"synthetic","simulated_lag_10","B","full_sample","transformer","soft","","eta","rsa_spearman","3","42;123;456","0,0051027099842319","0,00110472883116932","0.005103 +/- 0.001105","training-seed variability on fixed synthetic latent/data/split"
"synthetic","simulated_lag_10","B","full_sample","transformer","soft","","eta","rsa_pearson","3","42;123;456","0,00409891204434647","0,000879606699640544","0.004099 +/- 0.00088","training-seed variability on fixed synthetic latent/data/split"
"synthetic","simulated_lag_10","B","full_sample","transformer","soft","","eta","linear_cka","3","42;123;456","0,000211403135642146","2,09605164679649E-05","0.000211 +/- 2.1E-05","training-seed variability on fixed synthetic latent/data/split"
"synthetic","simulated_lag_10","B","full_sample","transformer","soft","","Z","procrustes_r2","3","42;123;456","0,373648901176488","0,00553446703561936","0.373649 +/- 0.005534","training-seed variability on fixed synthetic latent/data/split"
"synthetic","simulated_lag_10","B","full_sample","transformer","soft","","Z","rsa_spearman","3","42;123;456","0,570514805402517","0,00785419808350549","0.570515 +/- 0.007854","training-seed variability on fixed synthetic latent/data/split"
"synthetic","simulated_lag_10","B","full_sample","transformer","soft","","Z","rsa_pearson","3","42;123;456","0,557436050460873","0,00744709218060566","0.557436 +/- 0.007447","training-seed variability on fixed synthetic latent/data/split"
"synthetic","simulated_lag_10","B","full_sample","transformer","soft","","Z","linear_cka","3","42;123;456","0,571454562705194","0,0047439991173615","0.571455 +/- 0.004744","training-seed variability on fixed synthetic latent/data/split"
"synthetic","simulated_lag_10","A_B","full_sample","transformer","soft","","","estimated_lag_bins","3","42;123;456","13,3333333333333","3,51188458428425","13.333333 +/- 3.511885","training-seed variability on fixed synthetic latent/data/split"
"synthetic","simulated_lag_10","A","full_sample","transformer","time_contrastive_blocks","","M","procrustes_r2","3","42;123;456","0,402283642865488","0,299832093528063","0.402284 +/- 0.299832","training-seed variability on fixed synthetic latent/data/split"
"synthetic","simulated_lag_10","A","full_sample","transformer","time_contrastive_blocks","","M","rsa_spearman","3","42;123;456","0,537588497863727","0,11270599459931","0.537588 +/- 0.112706","training-seed variability on fixed synthetic latent/data/split"
"synthetic","simulated_lag_10","A","full_sample","transformer","time_contrastive_blocks","","M","rsa_pearson","3","42;123;456","0,582158712354945","0,109529386213859","0.582159 +/- 0.109529","training-seed variability on fixed synthetic latent/data/split"
"synthetic","simulated_lag_10","A","full_sample","transformer","time_contrastive_blocks","","M","linear_cka","3","42;123;456","0,595375915722045","0,133091122090735","0.595376 +/- 0.133091","training-seed variability on fixed synthetic latent/data/split"
"synthetic","simulated_lag_10","A","full_sample","transformer","time_contrastive_blocks","","eta","procrustes_r2","3","42;123;456","-0,9722820949528","0,00467818205094279","-0.972282 +/- 0.004678","training-seed variability on fixed synthetic latent/data/split"
"synthetic","simulated_lag_10","A","full_sample","transformer","time_contrastive_blocks","","eta","rsa_spearman","3","42;123;456","0,00226747661157249","0,00228802950220369","0.002267 +/- 0.002288","training-seed variability on fixed synthetic latent/data/split"
"synthetic","simulated_lag_10","A","full_sample","transformer","time_contrastive_blocks","","eta","rsa_pearson","3","42;123;456","0,00205901200809071","0,00180494173772883","0.002059 +/- 0.001805","training-seed variability on fixed synthetic latent/data/split"
"synthetic","simulated_lag_10","A","full_sample","transformer","time_contrastive_blocks","","eta","linear_cka","3","42;123;456","0,000281002629658854","5,35882499335204E-05","0.000281 +/- 5.4E-05","training-seed variability on fixed synthetic latent/data/split"
"synthetic","simulated_lag_10","A","full_sample","transformer","time_contrastive_blocks","","Z","procrustes_r2","3","42;123;456","0,393078471910499","0,29852494479727","0.393078 +/- 0.298525","training-seed variability on fixed synthetic latent/data/split"
"synthetic","simulated_lag_10","A","full_sample","transformer","time_contrastive_blocks","","Z","rsa_spearman","3","42;123;456","0,53231745278882","0,111215781243929","0.532317 +/- 0.111216","training-seed variability on fixed synthetic latent/data/split"
"synthetic","simulated_lag_10","A","full_sample","transformer","time_contrastive_blocks","","Z","rsa_pearson","3","42;123;456","0,56907336056357","0,110316015069957","0.569073 +/- 0.110316","training-seed variability on fixed synthetic latent/data/split"
"synthetic","simulated_lag_10","A","full_sample","transformer","time_contrastive_blocks","","Z","linear_cka","3","42;123;456","0,587769274945668","0,131816124767276","0.587769 +/- 0.131816","training-seed variability on fixed synthetic latent/data/split"
"synthetic","simulated_lag_10","B","full_sample","transformer","time_contrastive_blocks","","M","procrustes_r2","3","42;123;456","0,358570500154307","0,28177004067057","0.358571 +/- 0.28177","training-seed variability on fixed synthetic latent/data/split"
"synthetic","simulated_lag_10","B","full_sample","transformer","time_contrastive_blocks","","M","rsa_spearman","3","42;123;456","0,543968797841662","0,0560264926862585","0.543969 +/- 0.056026","training-seed variability on fixed synthetic latent/data/split"
"synthetic","simulated_lag_10","B","full_sample","transformer","time_contrastive_blocks","","M","rsa_pearson","3","42;123;456","0,568764262644186","0,0564104193949138","0.568764 +/- 0.05641","training-seed variability on fixed synthetic latent/data/split"
"synthetic","simulated_lag_10","B","full_sample","transformer","time_contrastive_blocks","","M","linear_cka","3","42;123;456","0,570040582794185","0,109870100622872","0.570041 +/- 0.10987","training-seed variability on fixed synthetic latent/data/split"
"synthetic","simulated_lag_10","B","full_sample","transformer","time_contrastive_blocks","","eta","procrustes_r2","3","42;123;456","-0,968592166947583","0,00471286741922149","-0.968592 +/- 0.004713","training-seed variability on fixed synthetic latent/data/split"
"synthetic","simulated_lag_10","B","full_sample","transformer","time_contrastive_blocks","","eta","rsa_spearman","3","42;123;456","0,00176061776789363","0,000541239981854846","0.001761 +/- 0.000541","training-seed variability on fixed synthetic latent/data/split"
"synthetic","simulated_lag_10","B","full_sample","transformer","time_contrastive_blocks","","eta","rsa_pearson","3","42;123;456","-0,00077279446116528","0,0014149247744204","-0.000773 +/- 0.001415","training-seed variability on fixed synthetic latent/data/split"
"synthetic","simulated_lag_10","B","full_sample","transformer","time_contrastive_blocks","","eta","linear_cka","3","42;123;456","0,000390835738741354","7,33491939477766E-05","0.000391 +/- 7.3E-05","training-seed variability on fixed synthetic latent/data/split"
"synthetic","simulated_lag_10","B","full_sample","transformer","time_contrastive_blocks","","Z","procrustes_r2","3","42;123;456","0,348526329198563","0,280179814545496","0.348526 +/- 0.28018","training-seed variability on fixed synthetic latent/data/split"
"synthetic","simulated_lag_10","B","full_sample","transformer","time_contrastive_blocks","","Z","rsa_spearman","3","42;123;456","0,538701817796728","0,0547201638123407","0.538702 +/- 0.05472","training-seed variability on fixed synthetic latent/data/split"
"synthetic","simulated_lag_10","B","full_sample","transformer","time_contrastive_blocks","","Z","rsa_pearson","3","42;123;456","0,556658273267628","0,0568642867922129","0.556658 +/- 0.056864","training-seed variability on fixed synthetic latent/data/split"
"synthetic","simulated_lag_10","B","full_sample","transformer","time_contrastive_blocks","","Z","linear_cka","3","42;123;456","0,561743683621205","0,108479475438311","0.561744 +/- 0.108479","training-seed variability on fixed synthetic latent/data/split"
"synthetic","simulated_lag_10","A_B","full_sample","transformer","time_contrastive_blocks","","","estimated_lag_bins","3","42;123;456","7,66666666666667","6,50640709864771","7.666667 +/- 6.506407","training-seed variability on fixed synthetic latent/data/split"
"synthetic","simulated_lag_10","A","held_out","cnn1d","behavior_contrastive_blocks","","M","procrustes_r2","3","42;123;456","0,273525160978845","0,0164056614427081","0.273525 +/- 0.016406","training-seed variability on fixed synthetic latent/data/split"
"synthetic","simulated_lag_10","A","held_out","cnn1d","behavior_contrastive_blocks","","M","rsa_spearman","3","42;123;456","0,329333082107978","0,0116325432012436","0.329333 +/- 0.011633","training-seed variability on fixed synthetic latent/data/split"
"synthetic","simulated_lag_10","A","held_out","cnn1d","behavior_contrastive_blocks","","M","rsa_pearson","3","42;123;456","0,319425606236712","0,0116997247165634","0.319426 +/- 0.0117","training-seed variability on fixed synthetic latent/data/split"
"synthetic","simulated_lag_10","A","held_out","cnn1d","behavior_contrastive_blocks","","M","linear_cka","3","42;123;456","0,487404064582971","0,00775994674824663","0.487404 +/- 0.00776","training-seed variability on fixed synthetic latent/data/split"
"synthetic","simulated_lag_10","A","held_out","cnn1d","behavior_contrastive_blocks","","eta","procrustes_r2","3","42;123;456","-0,922605978473254","0,0111638767114643","-0.922606 +/- 0.011164","training-seed variability on fixed synthetic latent/data/split"
"synthetic","simulated_lag_10","A","held_out","cnn1d","behavior_contrastive_blocks","","eta","rsa_spearman","3","42;123;456","-1,95909816941509E-05","0,00247634832940955","-2E-05 +/- 0.002476","training-seed variability on fixed synthetic latent/data/split"
"synthetic","simulated_lag_10","A","held_out","cnn1d","behavior_contrastive_blocks","","eta","rsa_pearson","3","42;123;456","-0,000201550229749832","0,00245408332754177","-0.000202 +/- 0.002454","training-seed variability on fixed synthetic latent/data/split"
"synthetic","simulated_lag_10","A","held_out","cnn1d","behavior_contrastive_blocks","","eta","linear_cka","3","42;123;456","0,0021325185038985","0,000484093255299855","0.002133 +/- 0.000484","training-seed variability on fixed synthetic latent/data/split"
"synthetic","simulated_lag_10","A","held_out","cnn1d","behavior_contrastive_blocks","","Z","procrustes_r2","3","42;123;456","0,271401659692874","0,0151533897949321","0.271402 +/- 0.015153","training-seed variability on fixed synthetic latent/data/split"
"synthetic","simulated_lag_10","A","held_out","cnn1d","behavior_contrastive_blocks","","Z","rsa_spearman","3","42;123;456","0,328286024051961","0,0109347186557974","0.328286 +/- 0.010935","training-seed variability on fixed synthetic latent/data/split"
"synthetic","simulated_lag_10","A","held_out","cnn1d","behavior_contrastive_blocks","","Z","rsa_pearson","3","42;123;456","0,323092650076702","0,0109114230381025","0.323093 +/- 0.010911","training-seed variability on fixed synthetic latent/data/split"
"synthetic","simulated_lag_10","A","held_out","cnn1d","behavior_contrastive_blocks","","Z","linear_cka","3","42;123;456","0,485868641182252","0,0067324615831749","0.485869 +/- 0.006732","training-seed variability on fixed synthetic latent/data/split"
"synthetic","simulated_lag_10","B","held_out","cnn1d","behavior_contrastive_blocks","","M","procrustes_r2","3","42;123;456","0,222080483435626","0,0135267496392289","0.22208 +/- 0.013527","training-seed variability on fixed synthetic latent/data/split"
"synthetic","simulated_lag_10","B","held_out","cnn1d","behavior_contrastive_blocks","","M","rsa_spearman","3","42;123;456","0,285893532832017","0,00793556089091666","0.285894 +/- 0.007936","training-seed variability on fixed synthetic latent/data/split"
"synthetic","simulated_lag_10","B","held_out","cnn1d","behavior_contrastive_blocks","","M","rsa_pearson","3","42;123;456","0,28348528484142","0,00808188503872076","0.283485 +/- 0.008082","training-seed variability on fixed synthetic latent/data/split"
"synthetic","simulated_lag_10","B","held_out","cnn1d","behavior_contrastive_blocks","","M","linear_cka","3","42;123;456","0,451755305580557","0,00958493628544945","0.451755 +/- 0.009585","training-seed variability on fixed synthetic latent/data/split"
"synthetic","simulated_lag_10","B","held_out","cnn1d","behavior_contrastive_blocks","","eta","procrustes_r2","3","42;123;456","-0,939993813127808","0,00864647359415716","-0.939994 +/- 0.008646","training-seed variability on fixed synthetic latent/data/split"
"synthetic","simulated_lag_10","B","held_out","cnn1d","behavior_contrastive_blocks","","eta","rsa_spearman","3","42;123;456","0,00409272995397586","0,00248006814644619","0.004093 +/- 0.00248","training-seed variability on fixed synthetic latent/data/split"
"synthetic","simulated_lag_10","B","held_out","cnn1d","behavior_contrastive_blocks","","eta","rsa_pearson","3","42;123;456","0,00406267235596462","0,0022976832362119","0.004063 +/- 0.002298","training-seed variability on fixed synthetic latent/data/split"
"synthetic","simulated_lag_10","B","held_out","cnn1d","behavior_contrastive_blocks","","eta","linear_cka","3","42;123;456","0,00117192904229561","0,000281734191258642","0.001172 +/- 0.000282","training-seed variability on fixed synthetic latent/data/split"
"synthetic","simulated_lag_10","B","held_out","cnn1d","behavior_contrastive_blocks","","Z","procrustes_r2","3","42;123;456","0,217460763053988","0,0131498382908078","0.217461 +/- 0.01315","training-seed variability on fixed synthetic latent/data/split"
"synthetic","simulated_lag_10","B","held_out","cnn1d","behavior_contrastive_blocks","","Z","rsa_spearman","3","42;123;456","0,284847200872591","0,00731242076955729","0.284847 +/- 0.007312","training-seed variability on fixed synthetic latent/data/split"
"synthetic","simulated_lag_10","B","held_out","cnn1d","behavior_contrastive_blocks","","Z","rsa_pearson","3","42;123;456","0,286190073450544","0,00755952721733179","0.28619 +/- 0.00756","training-seed variability on fixed synthetic latent/data/split"
"synthetic","simulated_lag_10","B","held_out","cnn1d","behavior_contrastive_blocks","","Z","linear_cka","3","42;123;456","0,448459982006257","0,00931480425890806","0.44846 +/- 0.009315","training-seed variability on fixed synthetic latent/data/split"
"synthetic","simulated_lag_10","A_B","held_out","cnn1d","behavior_contrastive_blocks","","","estimated_lag_bins","3","42;123;456","20","0","20 +/- 0","training-seed variability on fixed synthetic latent/data/split"
"synthetic","simulated_lag_10","A","held_out","cnn1d","infonce","","M","procrustes_r2","3","42;123;456","0,328955305289172","0,102252629789758","0.328955 +/- 0.102253","training-seed variability on fixed synthetic latent/data/split"
"synthetic","simulated_lag_10","A","held_out","cnn1d","infonce","","M","rsa_spearman","3","42;123;456","0,361257347387489","0,0812861625359552","0.361257 +/- 0.081286","training-seed variability on fixed synthetic latent/data/split"
"synthetic","simulated_lag_10","A","held_out","cnn1d","infonce","","M","rsa_pearson","3","42;123;456","0,354882402471091","0,0894321678027328","0.354882 +/- 0.089432","training-seed variability on fixed synthetic latent/data/split"
"synthetic","simulated_lag_10","A","held_out","cnn1d","infonce","","M","linear_cka","3","42;123;456","0,495984686448156","0,0304170343516184","0.495985 +/- 0.030417","training-seed variability on fixed synthetic latent/data/split"
"synthetic","simulated_lag_10","A","held_out","cnn1d","infonce","","eta","procrustes_r2","3","42;123;456","-0,918373682249744","0,0118413852597676","-0.918374 +/- 0.011841","training-seed variability on fixed synthetic latent/data/split"
"synthetic","simulated_lag_10","A","held_out","cnn1d","infonce","","eta","rsa_spearman","3","42;123;456","-0,000284907678651208","0,00197191343450482","-0.000285 +/- 0.001972","training-seed variability on fixed synthetic latent/data/split"
"synthetic","simulated_lag_10","A","held_out","cnn1d","infonce","","eta","rsa_pearson","3","42;123;456","-0,000216012229483434","0,00182041538310701","-0.000216 +/- 0.00182","training-seed variability on fixed synthetic latent/data/split"
"synthetic","simulated_lag_10","A","held_out","cnn1d","infonce","","eta","linear_cka","3","42;123;456","0,00221786510798403","0,000627882483573847","0.002218 +/- 0.000628","training-seed variability on fixed synthetic latent/data/split"
"synthetic","simulated_lag_10","A","held_out","cnn1d","infonce","","Z","procrustes_r2","3","42;123;456","0,326642033134445","0,101165435010287","0.326642 +/- 0.101165","training-seed variability on fixed synthetic latent/data/split"
"synthetic","simulated_lag_10","A","held_out","cnn1d","infonce","","Z","rsa_spearman","3","42;123;456","0,360747724078069","0,0809506292243625","0.360748 +/- 0.080951","training-seed variability on fixed synthetic latent/data/split"
"synthetic","simulated_lag_10","A","held_out","cnn1d","infonce","","Z","rsa_pearson","3","42;123;456","0,358748002452991","0,0879713214305148","0.358748 +/- 0.087971","training-seed variability on fixed synthetic latent/data/split"
"synthetic","simulated_lag_10","A","held_out","cnn1d","infonce","","Z","linear_cka","3","42;123;456","0,494741688087005","0,0299659138198784","0.494742 +/- 0.029966","training-seed variability on fixed synthetic latent/data/split"
"synthetic","simulated_lag_10","B","held_out","cnn1d","infonce","","M","procrustes_r2","3","42;123;456","0,232503580704124","0,0315750995788812","0.232504 +/- 0.031575","training-seed variability on fixed synthetic latent/data/split"
"synthetic","simulated_lag_10","B","held_out","cnn1d","infonce","","M","rsa_spearman","3","42;123;456","0,291141318540284","0,018617378383442","0.291141 +/- 0.018617","training-seed variability on fixed synthetic latent/data/split"
"synthetic","simulated_lag_10","B","held_out","cnn1d","infonce","","M","rsa_pearson","3","42;123;456","0,286820522909532","0,0169583405406307","0.286821 +/- 0.016958","training-seed variability on fixed synthetic latent/data/split"
"synthetic","simulated_lag_10","B","held_out","cnn1d","infonce","","M","linear_cka","3","42;123;456","0,457537546995337","0,0214686396426926","0.457538 +/- 0.021469","training-seed variability on fixed synthetic latent/data/split"
"synthetic","simulated_lag_10","B","held_out","cnn1d","infonce","","eta","procrustes_r2","3","42;123;456","-0,939304927297668","0,0185050796057357","-0.939305 +/- 0.018505","training-seed variability on fixed synthetic latent/data/split"
"synthetic","simulated_lag_10","B","held_out","cnn1d","infonce","","eta","rsa_spearman","3","42;123;456","0,00396752625739456","0,00342774916425683","0.003968 +/- 0.003428","training-seed variability on fixed synthetic latent/data/split"
"synthetic","simulated_lag_10","B","held_out","cnn1d","infonce","","eta","rsa_pearson","3","42;123;456","0,00454527127192957","0,00356856331712719","0.004545 +/- 0.003569","training-seed variability on fixed synthetic latent/data/split"
"synthetic","simulated_lag_10","B","held_out","cnn1d","infonce","","eta","linear_cka","3","42;123;456","0,00120325190670476","0,000630066392821743","0.001203 +/- 0.00063","training-seed variability on fixed synthetic latent/data/split"
"synthetic","simulated_lag_10","B","held_out","cnn1d","infonce","","Z","procrustes_r2","3","42;123;456","0,227947245876369","0,0313727565724783","0.227947 +/- 0.031373","training-seed variability on fixed synthetic latent/data/split"
"synthetic","simulated_lag_10","B","held_out","cnn1d","infonce","","Z","rsa_spearman","3","42;123;456","0,29058959953475","0,0185475538743634","0.29059 +/- 0.018548","training-seed variability on fixed synthetic latent/data/split"
"synthetic","simulated_lag_10","B","held_out","cnn1d","infonce","","Z","rsa_pearson","3","42;123;456","0,290070310728871","0,0168238811130381","0.29007 +/- 0.016824","training-seed variability on fixed synthetic latent/data/split"
"synthetic","simulated_lag_10","B","held_out","cnn1d","infonce","","Z","linear_cka","3","42;123;456","0,454502195966815","0,0212950487792062","0.454502 +/- 0.021295","training-seed variability on fixed synthetic latent/data/split"
"synthetic","simulated_lag_10","A_B","held_out","cnn1d","infonce","","","estimated_lag_bins","3","42;123;456","20","0","20 +/- 0","training-seed variability on fixed synthetic latent/data/split"
"synthetic","simulated_lag_10","A","held_out","cnn1d","soft","","M","procrustes_r2","3","42;123;456","0,391163444773555","0,00560683201211767","0.391163 +/- 0.005607","training-seed variability on fixed synthetic latent/data/split"
"synthetic","simulated_lag_10","A","held_out","cnn1d","soft","","M","rsa_spearman","3","42;123;456","0,607253946766826","0,00624399024531747","0.607254 +/- 0.006244","training-seed variability on fixed synthetic latent/data/split"
"synthetic","simulated_lag_10","A","held_out","cnn1d","soft","","M","rsa_pearson","3","42;123;456","0,60021074858972","0,00511248308800352","0.600211 +/- 0.005112","training-seed variability on fixed synthetic latent/data/split"
"synthetic","simulated_lag_10","A","held_out","cnn1d","soft","","M","linear_cka","3","42;123;456","0,577316596304587","0,00782512359320462","0.577317 +/- 0.007825","training-seed variability on fixed synthetic latent/data/split"
"synthetic","simulated_lag_10","A","held_out","cnn1d","soft","","eta","procrustes_r2","3","42;123;456","-0,934964040702402","0,0059554186854779","-0.934964 +/- 0.005955","training-seed variability on fixed synthetic latent/data/split"
"synthetic","simulated_lag_10","A","held_out","cnn1d","soft","","eta","rsa_spearman","3","42;123;456","0,00259592118488551","0,00159249197775224","0.002596 +/- 0.001592","training-seed variability on fixed synthetic latent/data/split"
"synthetic","simulated_lag_10","A","held_out","cnn1d","soft","","eta","rsa_pearson","3","42;123;456","0,00244699480964139","0,00217828467760258","0.002447 +/- 0.002178","training-seed variability on fixed synthetic latent/data/split"
"synthetic","simulated_lag_10","A","held_out","cnn1d","soft","","eta","linear_cka","3","42;123;456","0,00134893133398881","0,000215093244562614","0.001349 +/- 0.000215","training-seed variability on fixed synthetic latent/data/split"
"synthetic","simulated_lag_10","A","held_out","cnn1d","soft","","Z","procrustes_r2","3","42;123;456","0,385033436455914","0,00706887730201712","0.385033 +/- 0.007069","training-seed variability on fixed synthetic latent/data/split"
"synthetic","simulated_lag_10","A","held_out","cnn1d","soft","","Z","rsa_spearman","3","42;123;456","0,602490168581458","0,00726109695776298","0.60249 +/- 0.007261","training-seed variability on fixed synthetic latent/data/split"
"synthetic","simulated_lag_10","A","held_out","cnn1d","soft","","Z","rsa_pearson","3","42;123;456","0,594179279858091","0,00659513405757423","0.594179 +/- 0.006595","training-seed variability on fixed synthetic latent/data/split"
"synthetic","simulated_lag_10","A","held_out","cnn1d","soft","","Z","linear_cka","3","42;123;456","0,571987705834169","0,00881097979226756","0.571988 +/- 0.008811","training-seed variability on fixed synthetic latent/data/split"
"synthetic","simulated_lag_10","B","held_out","cnn1d","soft","","M","procrustes_r2","3","42;123;456","0,329076162961879","0,0229958944076668","0.329076 +/- 0.022996","training-seed variability on fixed synthetic latent/data/split"
"synthetic","simulated_lag_10","B","held_out","cnn1d","soft","","M","rsa_spearman","3","42;123;456","0,553337419414112","0,0288843928366152","0.553337 +/- 0.028884","training-seed variability on fixed synthetic latent/data/split"
"synthetic","simulated_lag_10","B","held_out","cnn1d","soft","","M","rsa_pearson","3","42;123;456","0,541583998608094","0,0277135901003767","0.541584 +/- 0.027714","training-seed variability on fixed synthetic latent/data/split"
"synthetic","simulated_lag_10","B","held_out","cnn1d","soft","","M","linear_cka","3","42;123;456","0,529586339458476","0,0185384584131314","0.529586 +/- 0.018538","training-seed variability on fixed synthetic latent/data/split"
"synthetic","simulated_lag_10","B","held_out","cnn1d","soft","","eta","procrustes_r2","3","42;123;456","-0,945436227979103","0,00906877559024448","-0.945436 +/- 0.009069","training-seed variability on fixed synthetic latent/data/split"
"synthetic","simulated_lag_10","B","held_out","cnn1d","soft","","eta","rsa_spearman","3","42;123;456","0,0062559390451444","0,00176589763949752","0.006256 +/- 0.001766","training-seed variability on fixed synthetic latent/data/split"
"synthetic","simulated_lag_10","B","held_out","cnn1d","soft","","eta","rsa_pearson","3","42;123;456","0,00790973620685931","0,00155989768311373","0.00791 +/- 0.00156","training-seed variability on fixed synthetic latent/data/split"
"synthetic","simulated_lag_10","B","held_out","cnn1d","soft","","eta","linear_cka","3","42;123;456","0,00104656895355806","0,000416120167029074","0.001047 +/- 0.000416","training-seed variability on fixed synthetic latent/data/split"
"synthetic","simulated_lag_10","B","held_out","cnn1d","soft","","Z","procrustes_r2","3","42;123;456","0,322769619842531","0,0208837136111688","0.32277 +/- 0.020884","training-seed variability on fixed synthetic latent/data/split"
"synthetic","simulated_lag_10","B","held_out","cnn1d","soft","","Z","rsa_spearman","3","42;123;456","0,548750130954272","0,0282621689444082","0.54875 +/- 0.028262","training-seed variability on fixed synthetic latent/data/split"
"synthetic","simulated_lag_10","B","held_out","cnn1d","soft","","Z","rsa_pearson","3","42;123;456","0,537152432865622","0,0269666093134951","0.537152 +/- 0.026967","training-seed variability on fixed synthetic latent/data/split"
"synthetic","simulated_lag_10","B","held_out","cnn1d","soft","","Z","linear_cka","3","42;123;456","0,524701347398341","0,0168516123905529","0.524701 +/- 0.016852","training-seed variability on fixed synthetic latent/data/split"
"synthetic","simulated_lag_10","A_B","held_out","cnn1d","soft","","","estimated_lag_bins","3","42;123;456","13","3,60555127546399","13 +/- 3.605551","training-seed variability on fixed synthetic latent/data/split"
"synthetic","simulated_lag_10","A","held_out","cnn1d","time_contrastive_blocks","","M","procrustes_r2","3","42;123;456","0,691964657530768","0,0211496173090848","0.691965 +/- 0.02115","training-seed variability on fixed synthetic latent/data/split"
"synthetic","simulated_lag_10","A","held_out","cnn1d","time_contrastive_blocks","","M","rsa_spearman","3","42;123;456","0,592776235896875","0,03717211016015","0.592776 +/- 0.037172","training-seed variability on fixed synthetic latent/data/split"
"synthetic","simulated_lag_10","A","held_out","cnn1d","time_contrastive_blocks","","M","rsa_pearson","3","42;123;456","0,635161772605772","0,0353870981790036","0.635162 +/- 0.035387","training-seed variability on fixed synthetic latent/data/split"
"synthetic","simulated_lag_10","A","held_out","cnn1d","time_contrastive_blocks","","M","linear_cka","3","42;123;456","0,703777224601272","0,017914193649759","0.703777 +/- 0.017914","training-seed variability on fixed synthetic latent/data/split"
"synthetic","simulated_lag_10","A","held_out","cnn1d","time_contrastive_blocks","","eta","procrustes_r2","3","42;123;456","-0,916181199985269","0,00256755974922367","-0.916181 +/- 0.002568","training-seed variability on fixed synthetic latent/data/split"
"synthetic","simulated_lag_10","A","held_out","cnn1d","time_contrastive_blocks","","eta","rsa_spearman","3","42;123;456","-0,00144225089468676","0,000898834980438417","-0.001442 +/- 0.000899","training-seed variability on fixed synthetic latent/data/split"
"synthetic","simulated_lag_10","A","held_out","cnn1d","time_contrastive_blocks","","eta","rsa_pearson","3","42;123;456","-0,00182454317929347","0,00069314382601419","-0.001825 +/- 0.000693","training-seed variability on fixed synthetic latent/data/split"
"synthetic","simulated_lag_10","A","held_out","cnn1d","time_contrastive_blocks","","eta","linear_cka","3","42;123;456","0,0019743578827526","0,000113402703902164","0.001974 +/- 0.000113","training-seed variability on fixed synthetic latent/data/split"
"synthetic","simulated_lag_10","A","held_out","cnn1d","time_contrastive_blocks","","Z","procrustes_r2","3","42;123;456","0,685170127299512","0,0208628718529729","0.68517 +/- 0.020863","training-seed variability on fixed synthetic latent/data/split"
"synthetic","simulated_lag_10","A","held_out","cnn1d","time_contrastive_blocks","","Z","rsa_spearman","3","42;123;456","0,58922935429241","0,0369899869952254","0.589229 +/- 0.03699","training-seed variability on fixed synthetic latent/data/split"
"synthetic","simulated_lag_10","A","held_out","cnn1d","time_contrastive_blocks","","Z","rsa_pearson","3","42;123;456","0,626828106346652","0,0350207423046764","0.626828 +/- 0.035021","training-seed variability on fixed synthetic latent/data/split"
"synthetic","simulated_lag_10","A","held_out","cnn1d","time_contrastive_blocks","","Z","linear_cka","3","42;123;456","0,698311861276348","0,0176452120136959","0.698312 +/- 0.017645","training-seed variability on fixed synthetic latent/data/split"
"synthetic","simulated_lag_10","B","held_out","cnn1d","time_contrastive_blocks","","M","procrustes_r2","3","42;123;456","0,623255917667419","0,0313139567307455","0.623256 +/- 0.031314","training-seed variability on fixed synthetic latent/data/split"
"synthetic","simulated_lag_10","B","held_out","cnn1d","time_contrastive_blocks","","M","rsa_spearman","3","42;123;456","0,534829059852555","0,0584513367678108","0.534829 +/- 0.058451","training-seed variability on fixed synthetic latent/data/split"
"synthetic","simulated_lag_10","B","held_out","cnn1d","time_contrastive_blocks","","M","rsa_pearson","3","42;123;456","0,560303463202347","0,0546926449349213","0.560303 +/- 0.054693","training-seed variability on fixed synthetic latent/data/split"
"synthetic","simulated_lag_10","B","held_out","cnn1d","time_contrastive_blocks","","M","linear_cka","3","42;123;456","0,649751991623328","0,0253009747206842","0.649752 +/- 0.025301","training-seed variability on fixed synthetic latent/data/split"
"synthetic","simulated_lag_10","B","held_out","cnn1d","time_contrastive_blocks","","eta","procrustes_r2","3","42;123;456","-0,922827962373324","0,0031365412584068","-0.922828 +/- 0.003137","training-seed variability on fixed synthetic latent/data/split"
"synthetic","simulated_lag_10","B","held_out","cnn1d","time_contrastive_blocks","","eta","rsa_spearman","3","42;123;456","-0,000411760012550891","0,000771204130647459","-0.000412 +/- 0.000771","training-seed variability on fixed synthetic latent/data/split"
"synthetic","simulated_lag_10","B","held_out","cnn1d","time_contrastive_blocks","","eta","rsa_pearson","3","42;123;456","-0,000931981499147259","0,000550445562747569","-0.000932 +/- 0.00055","training-seed variability on fixed synthetic latent/data/split"
"synthetic","simulated_lag_10","B","held_out","cnn1d","time_contrastive_blocks","","eta","linear_cka","3","42;123;456","0,00156188770105129","0,000138128034215307","0.001562 +/- 0.000138","training-seed variability on fixed synthetic latent/data/split"
"synthetic","simulated_lag_10","B","held_out","cnn1d","time_contrastive_blocks","","Z","procrustes_r2","3","42;123;456","0,617074212243002","0,030785813364586","0.617074 +/- 0.030786","training-seed variability on fixed synthetic latent/data/split"
"synthetic","simulated_lag_10","B","held_out","cnn1d","time_contrastive_blocks","","Z","rsa_spearman","3","42;123;456","0,531661121900759","0,0577133454328044","0.531661 +/- 0.057713","training-seed variability on fixed synthetic latent/data/split"
"synthetic","simulated_lag_10","B","held_out","cnn1d","time_contrastive_blocks","","Z","rsa_pearson","3","42;123;456","0,553566165531588","0,0538326128959081","0.553566 +/- 0.053833","training-seed variability on fixed synthetic latent/data/split"
"synthetic","simulated_lag_10","B","held_out","cnn1d","time_contrastive_blocks","","Z","linear_cka","3","42;123;456","0,645038446897334","0,0248136394760725","0.645038 +/- 0.024814","training-seed variability on fixed synthetic latent/data/split"
"synthetic","simulated_lag_10","A_B","held_out","cnn1d","time_contrastive_blocks","","","estimated_lag_bins","3","42;123;456","9,33333333333333","1,52752523165195","9.333333 +/- 1.527525","training-seed variability on fixed synthetic latent/data/split"
"synthetic","simulated_lag_10","A","held_out","pca","none","","M","procrustes_r2","3","42;123;456","0,738942210314236","0","0.738942 +/- 0","training-seed variability on fixed synthetic latent/data/split"
"synthetic","simulated_lag_10","A","held_out","pca","none","","M","rsa_spearman","3","42;123;456","0,68866840624486","0","0.688668 +/- 0","training-seed variability on fixed synthetic latent/data/split"
"synthetic","simulated_lag_10","A","held_out","pca","none","","M","rsa_pearson","3","42;123;456","0,745197987131436","0","0.745198 +/- 0","training-seed variability on fixed synthetic latent/data/split"
"synthetic","simulated_lag_10","A","held_out","pca","none","","M","linear_cka","3","42;123;456","0,723132337797857","1,35973995551052E-16","0.723132 +/- 0","training-seed variability on fixed synthetic latent/data/split"
"synthetic","simulated_lag_10","A","held_out","pca","none","","eta","procrustes_r2","3","42;123;456","-0,933911180215807","1,35973995551052E-16","-0.933911 +/- 0","training-seed variability on fixed synthetic latent/data/split"
"synthetic","simulated_lag_10","A","held_out","pca","none","","eta","rsa_spearman","3","42;123;456","0,00110280678592339","0","0.001103 +/- 0","training-seed variability on fixed synthetic latent/data/split"
"synthetic","simulated_lag_10","A","held_out","pca","none","","eta","rsa_pearson","3","42;123;456","0,000720111170491255","0","0.00072 +/- 0","training-seed variability on fixed synthetic latent/data/split"
"synthetic","simulated_lag_10","A","held_out","pca","none","","eta","linear_cka","3","42;123;456","0,0011922217371075","0","0.001192 +/- 0","training-seed variability on fixed synthetic latent/data/split"
"synthetic","simulated_lag_10","A","held_out","pca","none","","Z","procrustes_r2","3","42;123;456","0,730672879349086","0","0.730673 +/- 0","training-seed variability on fixed synthetic latent/data/split"
"synthetic","simulated_lag_10","A","held_out","pca","none","","Z","rsa_spearman","3","42;123;456","0,684719748641134","1,35973995551052E-16","0.68472 +/- 0","training-seed variability on fixed synthetic latent/data/split"
"synthetic","simulated_lag_10","A","held_out","pca","none","","Z","rsa_pearson","3","42;123;456","0,733726210664817","0","0.733726 +/- 0","training-seed variability on fixed synthetic latent/data/split"
"synthetic","simulated_lag_10","A","held_out","pca","none","","Z","linear_cka","3","42;123;456","0,716341646005351","1,35973995551052E-16","0.716342 +/- 0","training-seed variability on fixed synthetic latent/data/split"
"synthetic","simulated_lag_10","B","held_out","pca","none","","M","procrustes_r2","3","42;123;456","0,718000006187919","0","0.718 +/- 0","training-seed variability on fixed synthetic latent/data/split"
"synthetic","simulated_lag_10","B","held_out","pca","none","","M","rsa_spearman","3","42;123;456","0,679297369785442","0","0.679297 +/- 0","training-seed variability on fixed synthetic latent/data/split"
"synthetic","simulated_lag_10","B","held_out","pca","none","","M","rsa_pearson","3","42;123;456","0,704307762383129","0","0.704308 +/- 0","training-seed variability on fixed synthetic latent/data/split"
"synthetic","simulated_lag_10","B","held_out","pca","none","","M","linear_cka","3","42;123;456","0,721689124629451","0","0.721689 +/- 0","training-seed variability on fixed synthetic latent/data/split"
"synthetic","simulated_lag_10","B","held_out","pca","none","","eta","procrustes_r2","3","42;123;456","-0,932173285096009","0","-0.932173 +/- 0","training-seed variability on fixed synthetic latent/data/split"
"synthetic","simulated_lag_10","B","held_out","pca","none","","eta","rsa_spearman","3","42;123;456","0,00158316963807468","0","0.001583 +/- 0","training-seed variability on fixed synthetic latent/data/split"
"synthetic","simulated_lag_10","B","held_out","pca","none","","eta","rsa_pearson","3","42;123;456","0,00141237281983778","0","0.001412 +/- 0","training-seed variability on fixed synthetic latent/data/split"
"synthetic","simulated_lag_10","B","held_out","pca","none","","eta","linear_cka","3","42;123;456","0,00127179893779327","0","0.001272 +/- 0","training-seed variability on fixed synthetic latent/data/split"
"synthetic","simulated_lag_10","B","held_out","pca","none","","Z","procrustes_r2","3","42;123;456","0,709447102685771","0","0.709447 +/- 0","training-seed variability on fixed synthetic latent/data/split"
"synthetic","simulated_lag_10","B","held_out","pca","none","","Z","rsa_spearman","3","42;123;456","0,673757510380711","0","0.673758 +/- 0","training-seed variability on fixed synthetic latent/data/split"
"synthetic","simulated_lag_10","B","held_out","pca","none","","Z","rsa_pearson","3","42;123;456","0,694112281122575","1,35973995551052E-16","0.694112 +/- 0","training-seed variability on fixed synthetic latent/data/split"
"synthetic","simulated_lag_10","B","held_out","pca","none","","Z","linear_cka","3","42;123;456","0,714806135042443","1,35973995551052E-16","0.714806 +/- 0","training-seed variability on fixed synthetic latent/data/split"
"synthetic","simulated_lag_10","A_B","held_out","pca","none","","","estimated_lag_bins","3","42;123;456","6","0","6 +/- 0","training-seed variability on fixed synthetic latent/data/split"
"synthetic","simulated_lag_10","A","held_out","transformer","behavior_contrastive_blocks","","M","procrustes_r2","3","42;123;456","0,2490273531618","0,0302075182782286","0.249027 +/- 0.030208","training-seed variability on fixed synthetic latent/data/split"
"synthetic","simulated_lag_10","A","held_out","transformer","behavior_contrastive_blocks","","M","rsa_spearman","3","42;123;456","0,305750874005043","0,00883067038576612","0.305751 +/- 0.008831","training-seed variability on fixed synthetic latent/data/split"
"synthetic","simulated_lag_10","A","held_out","transformer","behavior_contrastive_blocks","","M","rsa_pearson","3","42;123;456","0,297329223816592","0,00787776008516567","0.297329 +/- 0.007878","training-seed variability on fixed synthetic latent/data/split"
"synthetic","simulated_lag_10","A","held_out","transformer","behavior_contrastive_blocks","","M","linear_cka","3","42;123;456","0,465058056063961","0,0108721455114637","0.465058 +/- 0.010872","training-seed variability on fixed synthetic latent/data/split"
"synthetic","simulated_lag_10","A","held_out","transformer","behavior_contrastive_blocks","","eta","procrustes_r2","3","42;123;456","-0,922436077527932","0,00959165603941208","-0.922436 +/- 0.009592","training-seed variability on fixed synthetic latent/data/split"
"synthetic","simulated_lag_10","A","held_out","transformer","behavior_contrastive_blocks","","eta","rsa_spearman","3","42;123;456","0,00196410742597185","0,00466810824761746","0.001964 +/- 0.004668","training-seed variability on fixed synthetic latent/data/split"
"synthetic","simulated_lag_10","A","held_out","transformer","behavior_contrastive_blocks","","eta","rsa_pearson","3","42;123;456","0,00242927046122215","0,00387302292382603","0.002429 +/- 0.003873","training-seed variability on fixed synthetic latent/data/split"
"synthetic","simulated_lag_10","A","held_out","transformer","behavior_contrastive_blocks","","eta","linear_cka","3","42;123;456","0,00190758612279211","0,000455796745202177","0.001908 +/- 0.000456","training-seed variability on fixed synthetic latent/data/split"
"synthetic","simulated_lag_10","A","held_out","transformer","behavior_contrastive_blocks","","Z","procrustes_r2","3","42;123;456","0,246284811349791","0,0310118960366171","0.246285 +/- 0.031012","training-seed variability on fixed synthetic latent/data/split"
"synthetic","simulated_lag_10","A","held_out","transformer","behavior_contrastive_blocks","","Z","rsa_spearman","3","42;123;456","0,304521422181123","0,00888939890087526","0.304521 +/- 0.008889","training-seed variability on fixed synthetic latent/data/split"
"synthetic","simulated_lag_10","A","held_out","transformer","behavior_contrastive_blocks","","Z","rsa_pearson","3","42;123;456","0,301070267149267","0,00790968583416439","0.30107 +/- 0.00791","training-seed variability on fixed synthetic latent/data/split"
"synthetic","simulated_lag_10","A","held_out","transformer","behavior_contrastive_blocks","","Z","linear_cka","3","42;123;456","0,463043971264672","0,0114706663137814","0.463044 +/- 0.011471","training-seed variability on fixed synthetic latent/data/split"
"synthetic","simulated_lag_10","B","held_out","transformer","behavior_contrastive_blocks","","M","procrustes_r2","3","42;123;456","0,275890763186436","0,100308704758129","0.275891 +/- 0.100309","training-seed variability on fixed synthetic latent/data/split"
"synthetic","simulated_lag_10","B","held_out","transformer","behavior_contrastive_blocks","","M","rsa_spearman","3","42;123;456","0,398157064741601","0,207032008052793","0.398157 +/- 0.207032","training-seed variability on fixed synthetic latent/data/split"
"synthetic","simulated_lag_10","B","held_out","transformer","behavior_contrastive_blocks","","M","rsa_pearson","3","42;123;456","0,394039184220863","0,202036302204062","0.394039 +/- 0.202036","training-seed variability on fixed synthetic latent/data/split"
"synthetic","simulated_lag_10","B","held_out","transformer","behavior_contrastive_blocks","","M","linear_cka","3","42;123;456","0,485462358144621","0,0725155287721091","0.485462 +/- 0.072516","training-seed variability on fixed synthetic latent/data/split"
"synthetic","simulated_lag_10","B","held_out","transformer","behavior_contrastive_blocks","","eta","procrustes_r2","3","42;123;456","-0,942242321441432","0,013813669942836","-0.942242 +/- 0.013814","training-seed variability on fixed synthetic latent/data/split"
"synthetic","simulated_lag_10","B","held_out","transformer","behavior_contrastive_blocks","","eta","rsa_spearman","3","42;123;456","0,00510009920236951","0,00329611066997752","0.0051 +/- 0.003296","training-seed variability on fixed synthetic latent/data/split"
"synthetic","simulated_lag_10","B","held_out","transformer","behavior_contrastive_blocks","","eta","rsa_pearson","3","42;123;456","0,00423072056735055","0,00269828750794877","0.004231 +/- 0.002698","training-seed variability on fixed synthetic latent/data/split"
"synthetic","simulated_lag_10","B","held_out","transformer","behavior_contrastive_blocks","","eta","linear_cka","3","42;123;456","0,00106062658851222","0,000421977560400026","0.001061 +/- 0.000422","training-seed variability on fixed synthetic latent/data/split"
"synthetic","simulated_lag_10","B","held_out","transformer","behavior_contrastive_blocks","","Z","procrustes_r2","3","42;123;456","0,270319691438178","0,0998321516939356","0.27032 +/- 0.099832","training-seed variability on fixed synthetic latent/data/split"
"synthetic","simulated_lag_10","B","held_out","transformer","behavior_contrastive_blocks","","Z","rsa_spearman","3","42;123;456","0,396257110528902","0,206040804794803","0.396257 +/- 0.206041","training-seed variability on fixed synthetic latent/data/split"
"synthetic","simulated_lag_10","B","held_out","transformer","behavior_contrastive_blocks","","Z","rsa_pearson","3","42;123;456","0,39499468049449","0,199655848324162","0.394995 +/- 0.199656","training-seed variability on fixed synthetic latent/data/split"
"synthetic","simulated_lag_10","B","held_out","transformer","behavior_contrastive_blocks","","Z","linear_cka","3","42;123;456","0,481191300477532","0,0713816027553579","0.481191 +/- 0.071382","training-seed variability on fixed synthetic latent/data/split"
"synthetic","simulated_lag_10","A_B","held_out","transformer","behavior_contrastive_blocks","","","estimated_lag_bins","3","42;123;456","19,3333333333333","1,15470053837925","19.333333 +/- 1.154701","training-seed variability on fixed synthetic latent/data/split"
"synthetic","simulated_lag_10","A","held_out","transformer","infonce","","M","procrustes_r2","3","42;123;456","0,29712054740324","0,0344393397914071","0.297121 +/- 0.034439","training-seed variability on fixed synthetic latent/data/split"
"synthetic","simulated_lag_10","A","held_out","transformer","infonce","","M","rsa_spearman","3","42;123;456","0,354067398634511","0,0230429252396753","0.354067 +/- 0.023043","training-seed variability on fixed synthetic latent/data/split"
"synthetic","simulated_lag_10","A","held_out","transformer","infonce","","M","rsa_pearson","3","42;123;456","0,346385363006787","0,0204708010007542","0.346385 +/- 0.020471","training-seed variability on fixed synthetic latent/data/split"
"synthetic","simulated_lag_10","A","held_out","transformer","infonce","","M","linear_cka","3","42;123;456","0,476871567689582","0,0169669728433175","0.476872 +/- 0.016967","training-seed variability on fixed synthetic latent/data/split"
"synthetic","simulated_lag_10","A","held_out","transformer","infonce","","eta","procrustes_r2","3","42;123;456","-0,913086601480106","0,00597464439999094","-0.913087 +/- 0.005975","training-seed variability on fixed synthetic latent/data/split"
"synthetic","simulated_lag_10","A","held_out","transformer","infonce","","eta","rsa_spearman","3","42;123;456","0,000155480423753162","0,00252763053603937","0.000155 +/- 0.002528","training-seed variability on fixed synthetic latent/data/split"
"synthetic","simulated_lag_10","A","held_out","transformer","infonce","","eta","rsa_pearson","3","42;123;456","-0,000217293963747756","0,00262180601477828","-0.000217 +/- 0.002622","training-seed variability on fixed synthetic latent/data/split"
"synthetic","simulated_lag_10","A","held_out","transformer","infonce","","eta","linear_cka","3","42;123;456","0,00265152209392766","0,000474601915132152","0.002652 +/- 0.000475","training-seed variability on fixed synthetic latent/data/split"
"synthetic","simulated_lag_10","A","held_out","transformer","infonce","","Z","procrustes_r2","3","42;123;456","0,294695415573386","0,0335112484721718","0.294695 +/- 0.033511","training-seed variability on fixed synthetic latent/data/split"
"synthetic","simulated_lag_10","A","held_out","transformer","infonce","","Z","rsa_spearman","3","42;123;456","0,354302091761413","0,0220225407376833","0.354302 +/- 0.022023","training-seed variability on fixed synthetic latent/data/split"
"synthetic","simulated_lag_10","A","held_out","transformer","infonce","","Z","rsa_pearson","3","42;123;456","0,34981190912676","0,0196083620650653","0.349812 +/- 0.019608","training-seed variability on fixed synthetic latent/data/split"
"synthetic","simulated_lag_10","A","held_out","transformer","infonce","","Z","linear_cka","3","42;123;456","0,475715334457501","0,0159523650882642","0.475715 +/- 0.015952","training-seed variability on fixed synthetic latent/data/split"
"synthetic","simulated_lag_10","B","held_out","transformer","infonce","","M","procrustes_r2","3","42;123;456","0,251444022254424","0,0113218867757651","0.251444 +/- 0.011322","training-seed variability on fixed synthetic latent/data/split"
"synthetic","simulated_lag_10","B","held_out","transformer","infonce","","M","rsa_spearman","3","42;123;456","0,322084439362689","0,00730828377342666","0.322084 +/- 0.007308","training-seed variability on fixed synthetic latent/data/split"
"synthetic","simulated_lag_10","B","held_out","transformer","infonce","","M","rsa_pearson","3","42;123;456","0,312425000686257","0,00912077557059975","0.312425 +/- 0.009121","training-seed variability on fixed synthetic latent/data/split"
"synthetic","simulated_lag_10","B","held_out","transformer","infonce","","M","linear_cka","3","42;123;456","0,445023157053905","0,00735482957848215","0.445023 +/- 0.007355","training-seed variability on fixed synthetic latent/data/split"
"synthetic","simulated_lag_10","B","held_out","transformer","infonce","","eta","procrustes_r2","3","42;123;456","-0,952748019867816","0,00819964865924841","-0.952748 +/- 0.0082","training-seed variability on fixed synthetic latent/data/split"
"synthetic","simulated_lag_10","B","held_out","transformer","infonce","","eta","rsa_spearman","3","42;123;456","0,00214487659135516","0,00416769937931861","0.002145 +/- 0.004168","training-seed variability on fixed synthetic latent/data/split"
"synthetic","simulated_lag_10","B","held_out","transformer","infonce","","eta","rsa_pearson","3","42;123;456","0,00123867804663381","0,00269810843303034","0.001239 +/- 0.002698","training-seed variability on fixed synthetic latent/data/split"
"synthetic","simulated_lag_10","B","held_out","transformer","infonce","","eta","linear_cka","3","42;123;456","0,000738636839060457","0,000328005824222216","0.000739 +/- 0.000328","training-seed variability on fixed synthetic latent/data/split"
"synthetic","simulated_lag_10","B","held_out","transformer","infonce","","Z","procrustes_r2","3","42;123;456","0,244896393143192","0,0112172327953998","0.244896 +/- 0.011217","training-seed variability on fixed synthetic latent/data/split"
"synthetic","simulated_lag_10","B","held_out","transformer","infonce","","Z","rsa_spearman","3","42;123;456","0,319913495234773","0,00734186798150603","0.319913 +/- 0.007342","training-seed variability on fixed synthetic latent/data/split"
"synthetic","simulated_lag_10","B","held_out","transformer","infonce","","Z","rsa_pearson","3","42;123;456","0,313326237345462","0,00923687538871788","0.313326 +/- 0.009237","training-seed variability on fixed synthetic latent/data/split"
"synthetic","simulated_lag_10","B","held_out","transformer","infonce","","Z","linear_cka","3","42;123;456","0,440588994430196","0,00744509104620174","0.440589 +/- 0.007445","training-seed variability on fixed synthetic latent/data/split"
"synthetic","simulated_lag_10","A_B","held_out","transformer","infonce","","","estimated_lag_bins","3","42;123;456","20","0","20 +/- 0","training-seed variability on fixed synthetic latent/data/split"
"synthetic","simulated_lag_10","A","held_out","transformer","soft","","M","procrustes_r2","3","42;123;456","0,379553298110025","0,0337005600002237","0.379553 +/- 0.033701","training-seed variability on fixed synthetic latent/data/split"
"synthetic","simulated_lag_10","A","held_out","transformer","soft","","M","rsa_spearman","3","42;123;456","0,569574335897701","0,0445308023389286","0.569574 +/- 0.044531","training-seed variability on fixed synthetic latent/data/split"
"synthetic","simulated_lag_10","A","held_out","transformer","soft","","M","rsa_pearson","3","42;123;456","0,565882490364176","0,0473160092147093","0.565882 +/- 0.047316","training-seed variability on fixed synthetic latent/data/split"
"synthetic","simulated_lag_10","A","held_out","transformer","soft","","M","linear_cka","3","42;123;456","0,572430863848923","0,0220289818647734","0.572431 +/- 0.022029","training-seed variability on fixed synthetic latent/data/split"
"synthetic","simulated_lag_10","A","held_out","transformer","soft","","eta","procrustes_r2","3","42;123;456","-0,941787798372084","0,00727726825848757","-0.941788 +/- 0.007277","training-seed variability on fixed synthetic latent/data/split"
"synthetic","simulated_lag_10","A","held_out","transformer","soft","","eta","rsa_spearman","3","42;123;456","0,00362187971878387","0,00284713882703359","0.003622 +/- 0.002847","training-seed variability on fixed synthetic latent/data/split"
"synthetic","simulated_lag_10","A","held_out","transformer","soft","","eta","rsa_pearson","3","42;123;456","0,00318003760665289","0,00355827504082267","0.00318 +/- 0.003558","training-seed variability on fixed synthetic latent/data/split"
"synthetic","simulated_lag_10","A","held_out","transformer","soft","","eta","linear_cka","3","42;123;456","0,00107498036510279","0,000374199297958536","0.001075 +/- 0.000374","training-seed variability on fixed synthetic latent/data/split"
"synthetic","simulated_lag_10","A","held_out","transformer","soft","","Z","procrustes_r2","3","42;123;456","0,373448081697559","0,0326343041754657","0.373448 +/- 0.032634","training-seed variability on fixed synthetic latent/data/split"
"synthetic","simulated_lag_10","A","held_out","transformer","soft","","Z","rsa_spearman","3","42;123;456","0,564316073633043","0,0430626038818171","0.564316 +/- 0.043063","training-seed variability on fixed synthetic latent/data/split"
"synthetic","simulated_lag_10","A","held_out","transformer","soft","","Z","rsa_pearson","3","42;123;456","0,559703449775549","0,045221677413719","0.559703 +/- 0.045222","training-seed variability on fixed synthetic latent/data/split"
"synthetic","simulated_lag_10","A","held_out","transformer","soft","","Z","linear_cka","3","42;123;456","0,567285605167577","0,0209757561641523","0.567286 +/- 0.020976","training-seed variability on fixed synthetic latent/data/split"
"synthetic","simulated_lag_10","B","held_out","transformer","soft","","M","procrustes_r2","3","42;123;456","0,28836893941424","0,0132939617948755","0.288369 +/- 0.013294","training-seed variability on fixed synthetic latent/data/split"
"synthetic","simulated_lag_10","B","held_out","transformer","soft","","M","rsa_spearman","3","42;123;456","0,478934758328236","0,0147713187178975","0.478935 +/- 0.014771","training-seed variability on fixed synthetic latent/data/split"
"synthetic","simulated_lag_10","B","held_out","transformer","soft","","M","rsa_pearson","3","42;123;456","0,468283096912566","0,0152971737272839","0.468283 +/- 0.015297","training-seed variability on fixed synthetic latent/data/split"
"synthetic","simulated_lag_10","B","held_out","transformer","soft","","M","linear_cka","3","42;123;456","0,502810055416943","0,0105680919252232","0.50281 +/- 0.010568","training-seed variability on fixed synthetic latent/data/split"
"synthetic","simulated_lag_10","B","held_out","transformer","soft","","eta","procrustes_r2","3","42;123;456","-0,941760166072476","0,00689795255804383","-0.94176 +/- 0.006898","training-seed variability on fixed synthetic latent/data/split"
"synthetic","simulated_lag_10","B","held_out","transformer","soft","","eta","rsa_spearman","3","42;123;456","0,00336768327399072","0,00356426559178416","0.003368 +/- 0.003564","training-seed variability on fixed synthetic latent/data/split"
"synthetic","simulated_lag_10","B","held_out","transformer","soft","","eta","rsa_pearson","3","42;123;456","0,00373556251423367","0,00374243459728364","0.003736 +/- 0.003742","training-seed variability on fixed synthetic latent/data/split"
"synthetic","simulated_lag_10","B","held_out","transformer","soft","","eta","linear_cka","3","42;123;456","0,0011212114536867","0,000237811120702984","0.001121 +/- 0.000238","training-seed variability on fixed synthetic latent/data/split"
"synthetic","simulated_lag_10","B","held_out","transformer","soft","","Z","procrustes_r2","3","42;123;456","0,282954441668816","0,0142466319338967","0.282954 +/- 0.014247","training-seed variability on fixed synthetic latent/data/split"
"synthetic","simulated_lag_10","B","held_out","transformer","soft","","Z","rsa_spearman","3","42;123;456","0,475953159568906","0,0155144668539164","0.475953 +/- 0.015514","training-seed variability on fixed synthetic latent/data/split"
"synthetic","simulated_lag_10","B","held_out","transformer","soft","","Z","rsa_pearson","3","42;123;456","0,464805479372689","0,0157690020398508","0.464805 +/- 0.015769","training-seed variability on fixed synthetic latent/data/split"
"synthetic","simulated_lag_10","B","held_out","transformer","soft","","Z","linear_cka","3","42;123;456","0,498926358070023","0,0112935826320278","0.498926 +/- 0.011294","training-seed variability on fixed synthetic latent/data/split"
"synthetic","simulated_lag_10","A_B","held_out","transformer","soft","","","estimated_lag_bins","3","42;123;456","17,3333333333333","2,08166599946613","17.333333 +/- 2.081666","training-seed variability on fixed synthetic latent/data/split"
"synthetic","simulated_lag_10","A","held_out","transformer","time_contrastive_blocks","","M","procrustes_r2","3","42;123;456","0,440696207659498","0,246161323383367","0.440696 +/- 0.246161","training-seed variability on fixed synthetic latent/data/split"
"synthetic","simulated_lag_10","A","held_out","transformer","time_contrastive_blocks","","M","rsa_spearman","3","42;123;456","0,547674877662314","0,063909388312082","0.547675 +/- 0.063909","training-seed variability on fixed synthetic latent/data/split"
"synthetic","simulated_lag_10","A","held_out","transformer","time_contrastive_blocks","","M","rsa_pearson","3","42;123;456","0,594195971700374","0,0647678796057559","0.594196 +/- 0.064768","training-seed variability on fixed synthetic latent/data/split"
"synthetic","simulated_lag_10","A","held_out","transformer","time_contrastive_blocks","","M","linear_cka","3","42;123;456","0,599652621872935","0,11229640098028","0.599653 +/- 0.112296","training-seed variability on fixed synthetic latent/data/split"
"synthetic","simulated_lag_10","A","held_out","transformer","time_contrastive_blocks","","eta","procrustes_r2","3","42;123;456","-0,926205713222713","0,00823532414211472","-0.926206 +/- 0.008235","training-seed variability on fixed synthetic latent/data/split"
"synthetic","simulated_lag_10","A","held_out","transformer","time_contrastive_blocks","","eta","rsa_spearman","3","42;123;456","-0,000636808923635321","0,00232538411668495","-0.000637 +/- 0.002325","training-seed variability on fixed synthetic latent/data/split"
"synthetic","simulated_lag_10","A","held_out","transformer","time_contrastive_blocks","","eta","rsa_pearson","3","42;123;456","-0,0012648912721487","0,00201657871321246","-0.001265 +/- 0.002017","training-seed variability on fixed synthetic latent/data/split"
"synthetic","simulated_lag_10","A","held_out","transformer","time_contrastive_blocks","","eta","linear_cka","3","42;123;456","0,00156965758070341","0,000259612144794981","0.00157 +/- 0.00026","training-seed variability on fixed synthetic latent/data/split"
"synthetic","simulated_lag_10","A","held_out","transformer","time_contrastive_blocks","","Z","procrustes_r2","3","42;123;456","0,436488490093239","0,243266556547863","0.436488 +/- 0.243267","training-seed variability on fixed synthetic latent/data/split"
"synthetic","simulated_lag_10","A","held_out","transformer","time_contrastive_blocks","","Z","rsa_spearman","3","42;123;456","0,544791291811759","0,0626191168849498","0.544791 +/- 0.062619","training-seed variability on fixed synthetic latent/data/split"
"synthetic","simulated_lag_10","A","held_out","transformer","time_contrastive_blocks","","Z","rsa_pearson","3","42;123;456","0,584056343322698","0,0654999886289989","0.584056 +/- 0.0655","training-seed variability on fixed synthetic latent/data/split"
"synthetic","simulated_lag_10","A","held_out","transformer","time_contrastive_blocks","","Z","linear_cka","3","42;123;456","0,595209304059324","0,110723144650387","0.595209 +/- 0.110723","training-seed variability on fixed synthetic latent/data/split"
"synthetic","simulated_lag_10","B","held_out","transformer","time_contrastive_blocks","","M","procrustes_r2","3","42;123;456","0,35313928170597","0,252779364598187","0.353139 +/- 0.252779","training-seed variability on fixed synthetic latent/data/split"
"synthetic","simulated_lag_10","B","held_out","transformer","time_contrastive_blocks","","M","rsa_spearman","3","42;123;456","0,521119567357298","0,0373670023525445","0.52112 +/- 0.037367","training-seed variability on fixed synthetic latent/data/split"
"synthetic","simulated_lag_10","B","held_out","transformer","time_contrastive_blocks","","M","rsa_pearson","3","42;123;456","0,54402293767712","0,0398352114091135","0.544023 +/- 0.039835","training-seed variability on fixed synthetic latent/data/split"
"synthetic","simulated_lag_10","B","held_out","transformer","time_contrastive_blocks","","M","linear_cka","3","42;123;456","0,555998517761965","0,0947706731715621","0.555999 +/- 0.094771","training-seed variability on fixed synthetic latent/data/split"
"synthetic","simulated_lag_10","B","held_out","transformer","time_contrastive_blocks","","eta","procrustes_r2","3","42;123;456","-0,930890483006488","0,0108251132269301","-0.93089 +/- 0.010825","training-seed variability on fixed synthetic latent/data/split"
"synthetic","simulated_lag_10","B","held_out","transformer","time_contrastive_blocks","","eta","rsa_spearman","3","42;123;456","0,00161895862381825","0,000836542976708466","0.001619 +/- 0.000837","training-seed variability on fixed synthetic latent/data/split"
"synthetic","simulated_lag_10","B","held_out","transformer","time_contrastive_blocks","","eta","rsa_pearson","3","42;123;456","0,00115636836401869","0,000549640631144352","0.001156 +/- 0.00055","training-seed variability on fixed synthetic latent/data/split"
"synthetic","simulated_lag_10","B","held_out","transformer","time_contrastive_blocks","","eta","linear_cka","3","42;123;456","0,00148732083721947","0,000254632748987706","0.001487 +/- 0.000255","training-seed variability on fixed synthetic latent/data/split"
"synthetic","simulated_lag_10","B","held_out","transformer","time_contrastive_blocks","","Z","procrustes_r2","3","42;123;456","0,349070310981563","0,251243224385663","0.34907 +/- 0.251243","training-seed variability on fixed synthetic latent/data/split"
"synthetic","simulated_lag_10","B","held_out","transformer","time_contrastive_blocks","","Z","rsa_spearman","3","42;123;456","0,518554737421403","0,0375213029391791","0.518555 +/- 0.037521","training-seed variability on fixed synthetic latent/data/split"
"synthetic","simulated_lag_10","B","held_out","transformer","time_contrastive_blocks","","Z","rsa_pearson","3","42;123;456","0,535871982466982","0,0409124747084044","0.535872 +/- 0.040912","training-seed variability on fixed synthetic latent/data/split"
"synthetic","simulated_lag_10","B","held_out","transformer","time_contrastive_blocks","","Z","linear_cka","3","42;123;456","0,552245010733261","0,0942061647508672","0.552245 +/- 0.094206","training-seed variability on fixed synthetic latent/data/split"
"synthetic","simulated_lag_10","A_B","held_out","transformer","time_contrastive_blocks","","","estimated_lag_bins","3","42;123;456","7","4,35889894354067","7 +/- 4.358899","training-seed variability on fixed synthetic latent/data/split"
