"run_id","dataset","setting","population","branch","architecture","objective","training_seed","channel_split_seed","reference","metric","value","source_artifact"
"clean_rebuild_2026-09-23_seed42_synthetic","synthetic","simulated_lag_10","A","full_sample","cnn1d","behavior_contrastive_blocks","42","","M","procrustes_r2","0.35666702461407274","outputs\runs\clean_rebuild_2026-09-23_seed42_synthetic\stage05_metrics\full_sample\cnn1d_behavior_contrastive_blocks.csv"
"clean_rebuild_2026-09-23_seed42_synthetic","synthetic","simulated_lag_10","A","full_sample","cnn1d","behavior_contrastive_blocks","42","","M","rsa_spearman","0.36944577154425806","outputs\runs\clean_rebuild_2026-09-23_seed42_synthetic\stage05_metrics\full_sample\cnn1d_behavior_contrastive_blocks.csv"
"clean_rebuild_2026-09-23_seed42_synthetic","synthetic","simulated_lag_10","A","full_sample","cnn1d","behavior_contrastive_blocks","42","","M","rsa_pearson","0.3588632421564677","outputs\runs\clean_rebuild_2026-09-23_seed42_synthetic\stage05_metrics\full_sample\cnn1d_behavior_contrastive_blocks.csv"
"clean_rebuild_2026-09-23_seed42_synthetic","synthetic","simulated_lag_10","A","full_sample","cnn1d","behavior_contrastive_blocks","42","","M","linear_cka","0.5561479089763289","outputs\runs\clean_rebuild_2026-09-23_seed42_synthetic\stage05_metrics\full_sample\cnn1d_behavior_contrastive_blocks.csv"
"clean_rebuild_2026-09-23_seed42_synthetic","synthetic","simulated_lag_10","A","full_sample","cnn1d","behavior_contrastive_blocks","42","","eta","procrustes_r2","-0.979244261446585","outputs\runs\clean_rebuild_2026-09-23_seed42_synthetic\stage05_metrics\full_sample\cnn1d_behavior_contrastive_blocks.csv"
"clean_rebuild_2026-09-23_seed42_synthetic","synthetic","simulated_lag_10","A","full_sample","cnn1d","behavior_contrastive_blocks","42","","eta","rsa_spearman","-3.5056874220142896e-05","outputs\runs\clean_rebuild_2026-09-23_seed42_synthetic\stage05_metrics\full_sample\cnn1d_behavior_contrastive_blocks.csv"
"clean_rebuild_2026-09-23_seed42_synthetic","synthetic","simulated_lag_10","A","full_sample","cnn1d","behavior_contrastive_blocks","42","","eta","rsa_pearson","0.00039865579296237364","outputs\runs\clean_rebuild_2026-09-23_seed42_synthetic\stage05_metrics\full_sample\cnn1d_behavior_contrastive_blocks.csv"
"clean_rebuild_2026-09-23_seed42_synthetic","synthetic","simulated_lag_10","A","full_sample","cnn1d","behavior_contrastive_blocks","42","","eta","linear_cka","0.00014988357561650424","outputs\runs\clean_rebuild_2026-09-23_seed42_synthetic\stage05_metrics\full_sample\cnn1d_behavior_contrastive_blocks.csv"
"clean_rebuild_2026-09-23_seed42_synthetic","synthetic","simulated_lag_10","A","full_sample","cnn1d","behavior_contrastive_blocks","42","","Z","procrustes_r2","0.3462080016748793","outputs\runs\clean_rebuild_2026-09-23_seed42_synthetic\stage05_metrics\full_sample\cnn1d_behavior_contrastive_blocks.csv"
"clean_rebuild_2026-09-23_seed42_synthetic","synthetic","simulated_lag_10","A","full_sample","cnn1d","behavior_contrastive_blocks","42","","Z","rsa_spearman","0.35959356818411115","outputs\runs\clean_rebuild_2026-09-23_seed42_synthetic\stage05_metrics\full_sample\cnn1d_behavior_contrastive_blocks.csv"
"clean_rebuild_2026-09-23_seed42_synthetic","synthetic","simulated_lag_10","A","full_sample","cnn1d","behavior_contrastive_blocks","42","","Z","rsa_pearson","0.35700882138111745","outputs\runs\clean_rebuild_2026-09-23_seed42_synthetic\stage05_metrics\full_sample\cnn1d_behavior_contrastive_blocks.csv"
"clean_rebuild_2026-09-23_seed42_synthetic","synthetic","simulated_lag_10","A","full_sample","cnn1d","behavior_contrastive_blocks","42","","Z","linear_cka","0.5477049889471007","outputs\runs\clean_rebuild_2026-09-23_seed42_synthetic\stage05_metrics\full_sample\cnn1d_behavior_contrastive_blocks.csv"
"clean_rebuild_2026-09-23_seed42_synthetic","synthetic","simulated_lag_10","B","full_sample","cnn1d","behavior_contrastive_blocks","42","","M","procrustes_r2","0.36850742552419113","outputs\runs\clean_rebuild_2026-09-23_seed42_synthetic\stage05_metrics\full_sample\cnn1d_behavior_contrastive_blocks.csv"
"clean_rebuild_2026-09-23_seed42_synthetic","synthetic","simulated_lag_10","B","full_sample","cnn1d","behavior_contrastive_blocks","42","","M","rsa_spearman","0.3634793044010362","outputs\runs\clean_rebuild_2026-09-23_seed42_synthetic\stage05_metrics\full_sample\cnn1d_behavior_contrastive_blocks.csv"
"clean_rebuild_2026-09-23_seed42_synthetic","synthetic","simulated_lag_10","B","full_sample","cnn1d","behavior_contrastive_blocks","42","","M","rsa_pearson","0.36265415293256525","outputs\runs\clean_rebuild_2026-09-23_seed42_synthetic\stage05_metrics\full_sample\cnn1d_behavior_contrastive_blocks.csv"
"clean_rebuild_2026-09-23_seed42_synthetic","synthetic","simulated_lag_10","B","full_sample","cnn1d","behavior_contrastive_blocks","42","","M","linear_cka","0.5670329816659035","outputs\runs\clean_rebuild_2026-09-23_seed42_synthetic\stage05_metrics\full_sample\cnn1d_behavior_contrastive_blocks.csv"
"clean_rebuild_2026-09-23_seed42_synthetic","synthetic","simulated_lag_10","B","full_sample","cnn1d","behavior_contrastive_blocks","42","","eta","procrustes_r2","-0.9801690340645675","outputs\runs\clean_rebuild_2026-09-23_seed42_synthetic\stage05_metrics\full_sample\cnn1d_behavior_contrastive_blocks.csv"
"clean_rebuild_2026-09-23_seed42_synthetic","synthetic","simulated_lag_10","B","full_sample","cnn1d","behavior_contrastive_blocks","42","","eta","rsa_spearman","0.005901605553348051","outputs\runs\clean_rebuild_2026-09-23_seed42_synthetic\stage05_metrics\full_sample\cnn1d_behavior_contrastive_blocks.csv"
"clean_rebuild_2026-09-23_seed42_synthetic","synthetic","simulated_lag_10","B","full_sample","cnn1d","behavior_contrastive_blocks","42","","eta","rsa_pearson","0.0059641995334469575","outputs\runs\clean_rebuild_2026-09-23_seed42_synthetic\stage05_metrics\full_sample\cnn1d_behavior_contrastive_blocks.csv"
"clean_rebuild_2026-09-23_seed42_synthetic","synthetic","simulated_lag_10","B","full_sample","cnn1d","behavior_contrastive_blocks","42","","eta","linear_cka","0.0001251184402925924","outputs\runs\clean_rebuild_2026-09-23_seed42_synthetic\stage05_metrics\full_sample\cnn1d_behavior_contrastive_blocks.csv"
"clean_rebuild_2026-09-23_seed42_synthetic","synthetic","simulated_lag_10","B","full_sample","cnn1d","behavior_contrastive_blocks","42","","Z","procrustes_r2","0.3563202740641591","outputs\runs\clean_rebuild_2026-09-23_seed42_synthetic\stage05_metrics\full_sample\cnn1d_behavior_contrastive_blocks.csv"
"clean_rebuild_2026-09-23_seed42_synthetic","synthetic","simulated_lag_10","B","full_sample","cnn1d","behavior_contrastive_blocks","42","","Z","rsa_spearman","0.35564938173226507","outputs\runs\clean_rebuild_2026-09-23_seed42_synthetic\stage05_metrics\full_sample\cnn1d_behavior_contrastive_blocks.csv"
"clean_rebuild_2026-09-23_seed42_synthetic","synthetic","simulated_lag_10","B","full_sample","cnn1d","behavior_contrastive_blocks","42","","Z","rsa_pearson","0.35942823215003894","outputs\runs\clean_rebuild_2026-09-23_seed42_synthetic\stage05_metrics\full_sample\cnn1d_behavior_contrastive_blocks.csv"
"clean_rebuild_2026-09-23_seed42_synthetic","synthetic","simulated_lag_10","B","full_sample","cnn1d","behavior_contrastive_blocks","42","","Z","linear_cka","0.5570509916375818","outputs\runs\clean_rebuild_2026-09-23_seed42_synthetic\stage05_metrics\full_sample\cnn1d_behavior_contrastive_blocks.csv"
"clean_rebuild_2026-09-23_seed42_synthetic","synthetic","simulated_lag_10","A_B","full_sample","cnn1d","behavior_contrastive_blocks","42","","","estimated_lag_bins","19","outputs\runs\clean_rebuild_2026-09-23_seed42_synthetic\stage05_metrics\full_sample\cnn1d_behavior_contrastive_blocks.csv"
"clean_rebuild_2026-09-23_seed42_synthetic","synthetic","simulated_lag_10","A","full_sample","cnn1d","infonce","42","","M","procrustes_r2","0.359618871393954","outputs\runs\clean_rebuild_2026-09-23_seed42_synthetic\stage05_metrics\full_sample\cnn1d_infonce.csv"
"clean_rebuild_2026-09-23_seed42_synthetic","synthetic","simulated_lag_10","A","full_sample","cnn1d","infonce","42","","M","rsa_spearman","0.3675871089630903","outputs\runs\clean_rebuild_2026-09-23_seed42_synthetic\stage05_metrics\full_sample\cnn1d_infonce.csv"
"clean_rebuild_2026-09-23_seed42_synthetic","synthetic","simulated_lag_10","A","full_sample","cnn1d","infonce","42","","M","rsa_pearson","0.3575941551059379","outputs\runs\clean_rebuild_2026-09-23_seed42_synthetic\stage05_metrics\full_sample\cnn1d_infonce.csv"
"clean_rebuild_2026-09-23_seed42_synthetic","synthetic","simulated_lag_10","A","full_sample","cnn1d","infonce","42","","M","linear_cka","0.5558133717719054","outputs\runs\clean_rebuild_2026-09-23_seed42_synthetic\stage05_metrics\full_sample\cnn1d_infonce.csv"
"clean_rebuild_2026-09-23_seed42_synthetic","synthetic","simulated_lag_10","A","full_sample","cnn1d","infonce","42","","eta","procrustes_r2","-0.9780009560635983","outputs\runs\clean_rebuild_2026-09-23_seed42_synthetic\stage05_metrics\full_sample\cnn1d_infonce.csv"
"clean_rebuild_2026-09-23_seed42_synthetic","synthetic","simulated_lag_10","A","full_sample","cnn1d","infonce","42","","eta","rsa_spearman","0.00035694046720648317","outputs\runs\clean_rebuild_2026-09-23_seed42_synthetic\stage05_metrics\full_sample\cnn1d_infonce.csv"
"clean_rebuild_2026-09-23_seed42_synthetic","synthetic","simulated_lag_10","A","full_sample","cnn1d","infonce","42","","eta","rsa_pearson","0.0014195584301974066","outputs\runs\clean_rebuild_2026-09-23_seed42_synthetic\stage05_metrics\full_sample\cnn1d_infonce.csv"
"clean_rebuild_2026-09-23_seed42_synthetic","synthetic","simulated_lag_10","A","full_sample","cnn1d","infonce","42","","eta","linear_cka","0.00015795093343970887","outputs\runs\clean_rebuild_2026-09-23_seed42_synthetic\stage05_metrics\full_sample\cnn1d_infonce.csv"
"clean_rebuild_2026-09-23_seed42_synthetic","synthetic","simulated_lag_10","A","full_sample","cnn1d","infonce","42","","Z","procrustes_r2","0.34904787297527107","outputs\runs\clean_rebuild_2026-09-23_seed42_synthetic\stage05_metrics\full_sample\cnn1d_infonce.csv"
"clean_rebuild_2026-09-23_seed42_synthetic","synthetic","simulated_lag_10","A","full_sample","cnn1d","infonce","42","","Z","rsa_spearman","0.3580649699516595","outputs\runs\clean_rebuild_2026-09-23_seed42_synthetic\stage05_metrics\full_sample\cnn1d_infonce.csv"
"clean_rebuild_2026-09-23_seed42_synthetic","synthetic","simulated_lag_10","A","full_sample","cnn1d","infonce","42","","Z","rsa_pearson","0.35605952966691734","outputs\runs\clean_rebuild_2026-09-23_seed42_synthetic\stage05_metrics\full_sample\cnn1d_infonce.csv"
"clean_rebuild_2026-09-23_seed42_synthetic","synthetic","simulated_lag_10","A","full_sample","cnn1d","infonce","42","","Z","linear_cka","0.5473172165761673","outputs\runs\clean_rebuild_2026-09-23_seed42_synthetic\stage05_metrics\full_sample\cnn1d_infonce.csv"
"clean_rebuild_2026-09-23_seed42_synthetic","synthetic","simulated_lag_10","B","full_sample","cnn1d","infonce","42","","M","procrustes_r2","0.375839911540084","outputs\runs\clean_rebuild_2026-09-23_seed42_synthetic\stage05_metrics\full_sample\cnn1d_infonce.csv"
"clean_rebuild_2026-09-23_seed42_synthetic","synthetic","simulated_lag_10","B","full_sample","cnn1d","infonce","42","","M","rsa_spearman","0.36194412498777845","outputs\runs\clean_rebuild_2026-09-23_seed42_synthetic\stage05_metrics\full_sample\cnn1d_infonce.csv"
"clean_rebuild_2026-09-23_seed42_synthetic","synthetic","simulated_lag_10","B","full_sample","cnn1d","infonce","42","","M","rsa_pearson","0.3639362352701513","outputs\runs\clean_rebuild_2026-09-23_seed42_synthetic\stage05_metrics\full_sample\cnn1d_infonce.csv"
"clean_rebuild_2026-09-23_seed42_synthetic","synthetic","simulated_lag_10","B","full_sample","cnn1d","infonce","42","","M","linear_cka","0.5702134139237549","outputs\runs\clean_rebuild_2026-09-23_seed42_synthetic\stage05_metrics\full_sample\cnn1d_infonce.csv"
"clean_rebuild_2026-09-23_seed42_synthetic","synthetic","simulated_lag_10","B","full_sample","cnn1d","infonce","42","","eta","procrustes_r2","-0.9784661054494885","outputs\runs\clean_rebuild_2026-09-23_seed42_synthetic\stage05_metrics\full_sample\cnn1d_infonce.csv"
"clean_rebuild_2026-09-23_seed42_synthetic","synthetic","simulated_lag_10","B","full_sample","cnn1d","infonce","42","","eta","rsa_spearman","0.007710485236496578","outputs\runs\clean_rebuild_2026-09-23_seed42_synthetic\stage05_metrics\full_sample\cnn1d_infonce.csv"
"clean_rebuild_2026-09-23_seed42_synthetic","synthetic","simulated_lag_10","B","full_sample","cnn1d","infonce","42","","eta","rsa_pearson","0.007150730857625196","outputs\runs\clean_rebuild_2026-09-23_seed42_synthetic\stage05_metrics\full_sample\cnn1d_infonce.csv"
"clean_rebuild_2026-09-23_seed42_synthetic","synthetic","simulated_lag_10","B","full_sample","cnn1d","infonce","42","","eta","linear_cka","0.00014274807302055545","outputs\runs\clean_rebuild_2026-09-23_seed42_synthetic\stage05_metrics\full_sample\cnn1d_infonce.csv"
"clean_rebuild_2026-09-23_seed42_synthetic","synthetic","simulated_lag_10","B","full_sample","cnn1d","infonce","42","","Z","procrustes_r2","0.3636321144937936","outputs\runs\clean_rebuild_2026-09-23_seed42_synthetic\stage05_metrics\full_sample\cnn1d_infonce.csv"
"clean_rebuild_2026-09-23_seed42_synthetic","synthetic","simulated_lag_10","B","full_sample","cnn1d","infonce","42","","Z","rsa_spearman","0.35450026544281865","outputs\runs\clean_rebuild_2026-09-23_seed42_synthetic\stage05_metrics\full_sample\cnn1d_infonce.csv"
"clean_rebuild_2026-09-23_seed42_synthetic","synthetic","simulated_lag_10","B","full_sample","cnn1d","infonce","42","","Z","rsa_pearson","0.36084190601392274","outputs\runs\clean_rebuild_2026-09-23_seed42_synthetic\stage05_metrics\full_sample\cnn1d_infonce.csv"
"clean_rebuild_2026-09-23_seed42_synthetic","synthetic","simulated_lag_10","B","full_sample","cnn1d","infonce","42","","Z","linear_cka","0.5601903140693427","outputs\runs\clean_rebuild_2026-09-23_seed42_synthetic\stage05_metrics\full_sample\cnn1d_infonce.csv"
"clean_rebuild_2026-09-23_seed42_synthetic","synthetic","simulated_lag_10","A_B","full_sample","cnn1d","infonce","42","","","estimated_lag_bins","19","outputs\runs\clean_rebuild_2026-09-23_seed42_synthetic\stage05_metrics\full_sample\cnn1d_infonce.csv"
"clean_rebuild_2026-09-23_seed42_synthetic","synthetic","simulated_lag_10","A","full_sample","cnn1d","soft","42","","M","procrustes_r2","0.4056836306564169","outputs\runs\clean_rebuild_2026-09-23_seed42_synthetic\stage05_metrics\full_sample\cnn1d_soft.csv"
"clean_rebuild_2026-09-23_seed42_synthetic","synthetic","simulated_lag_10","A","full_sample","cnn1d","soft","42","","M","rsa_spearman","0.5667840803949376","outputs\runs\clean_rebuild_2026-09-23_seed42_synthetic\stage05_metrics\full_sample\cnn1d_soft.csv"
"clean_rebuild_2026-09-23_seed42_synthetic","synthetic","simulated_lag_10","A","full_sample","cnn1d","soft","42","","M","rsa_pearson","0.5530069733566744","outputs\runs\clean_rebuild_2026-09-23_seed42_synthetic\stage05_metrics\full_sample\cnn1d_soft.csv"
"clean_rebuild_2026-09-23_seed42_synthetic","synthetic","simulated_lag_10","A","full_sample","cnn1d","soft","42","","M","linear_cka","0.596774961045237","outputs\runs\clean_rebuild_2026-09-23_seed42_synthetic\stage05_metrics\full_sample\cnn1d_soft.csv"
"clean_rebuild_2026-09-23_seed42_synthetic","synthetic","simulated_lag_10","A","full_sample","cnn1d","soft","42","","eta","procrustes_r2","-0.9775273589242115","outputs\runs\clean_rebuild_2026-09-23_seed42_synthetic\stage05_metrics\full_sample\cnn1d_soft.csv"
"clean_rebuild_2026-09-23_seed42_synthetic","synthetic","simulated_lag_10","A","full_sample","cnn1d","soft","42","","eta","rsa_spearman","0.002581046345394809","outputs\runs\clean_rebuild_2026-09-23_seed42_synthetic\stage05_metrics\full_sample\cnn1d_soft.csv"
"clean_rebuild_2026-09-23_seed42_synthetic","synthetic","simulated_lag_10","A","full_sample","cnn1d","soft","42","","eta","rsa_pearson","0.003032138037468804","outputs\runs\clean_rebuild_2026-09-23_seed42_synthetic\stage05_metrics\full_sample\cnn1d_soft.csv"
"clean_rebuild_2026-09-23_seed42_synthetic","synthetic","simulated_lag_10","A","full_sample","cnn1d","soft","42","","eta","linear_cka","0.00016906612056794508","outputs\runs\clean_rebuild_2026-09-23_seed42_synthetic\stage05_metrics\full_sample\cnn1d_soft.csv"
"clean_rebuild_2026-09-23_seed42_synthetic","synthetic","simulated_lag_10","A","full_sample","cnn1d","soft","42","","Z","procrustes_r2","0.3936429475298603","outputs\runs\clean_rebuild_2026-09-23_seed42_synthetic\stage05_metrics\full_sample\cnn1d_soft.csv"
"clean_rebuild_2026-09-23_seed42_synthetic","synthetic","simulated_lag_10","A","full_sample","cnn1d","soft","42","","Z","rsa_spearman","0.556394519550436","outputs\runs\clean_rebuild_2026-09-23_seed42_synthetic\stage05_metrics\full_sample\cnn1d_soft.csv"
"clean_rebuild_2026-09-23_seed42_synthetic","synthetic","simulated_lag_10","A","full_sample","cnn1d","soft","42","","Z","rsa_pearson","0.545345476385384","outputs\runs\clean_rebuild_2026-09-23_seed42_synthetic\stage05_metrics\full_sample\cnn1d_soft.csv"
"clean_rebuild_2026-09-23_seed42_synthetic","synthetic","simulated_lag_10","A","full_sample","cnn1d","soft","42","","Z","linear_cka","0.5866873749209564","outputs\runs\clean_rebuild_2026-09-23_seed42_synthetic\stage05_metrics\full_sample\cnn1d_soft.csv"
"clean_rebuild_2026-09-23_seed42_synthetic","synthetic","simulated_lag_10","B","full_sample","cnn1d","soft","42","","M","procrustes_r2","0.40312600660114295","outputs\runs\clean_rebuild_2026-09-23_seed42_synthetic\stage05_metrics\full_sample\cnn1d_soft.csv"
"clean_rebuild_2026-09-23_seed42_synthetic","synthetic","simulated_lag_10","B","full_sample","cnn1d","soft","42","","M","rsa_spearman","0.5437438742580525","outputs\runs\clean_rebuild_2026-09-23_seed42_synthetic\stage05_metrics\full_sample\cnn1d_soft.csv"
"clean_rebuild_2026-09-23_seed42_synthetic","synthetic","simulated_lag_10","B","full_sample","cnn1d","soft","42","","M","rsa_pearson","0.5333393717857737","outputs\runs\clean_rebuild_2026-09-23_seed42_synthetic\stage05_metrics\full_sample\cnn1d_soft.csv"
"clean_rebuild_2026-09-23_seed42_synthetic","synthetic","simulated_lag_10","B","full_sample","cnn1d","soft","42","","M","linear_cka","0.5911346892029052","outputs\runs\clean_rebuild_2026-09-23_seed42_synthetic\stage05_metrics\full_sample\cnn1d_soft.csv"
"clean_rebuild_2026-09-23_seed42_synthetic","synthetic","simulated_lag_10","B","full_sample","cnn1d","soft","42","","eta","procrustes_r2","-0.9811509338639894","outputs\runs\clean_rebuild_2026-09-23_seed42_synthetic\stage05_metrics\full_sample\cnn1d_soft.csv"
"clean_rebuild_2026-09-23_seed42_synthetic","synthetic","simulated_lag_10","B","full_sample","cnn1d","soft","42","","eta","rsa_spearman","0.001519853284492095","outputs\runs\clean_rebuild_2026-09-23_seed42_synthetic\stage05_metrics\full_sample\cnn1d_soft.csv"
"clean_rebuild_2026-09-23_seed42_synthetic","synthetic","simulated_lag_10","B","full_sample","cnn1d","soft","42","","eta","rsa_pearson","0.0015283587518786844","outputs\runs\clean_rebuild_2026-09-23_seed42_synthetic\stage05_metrics\full_sample\cnn1d_soft.csv"
"clean_rebuild_2026-09-23_seed42_synthetic","synthetic","simulated_lag_10","B","full_sample","cnn1d","soft","42","","eta","linear_cka","0.0001277234238299751","outputs\runs\clean_rebuild_2026-09-23_seed42_synthetic\stage05_metrics\full_sample\cnn1d_soft.csv"
"clean_rebuild_2026-09-23_seed42_synthetic","synthetic","simulated_lag_10","B","full_sample","cnn1d","soft","42","","Z","procrustes_r2","0.3890950138532303","outputs\runs\clean_rebuild_2026-09-23_seed42_synthetic\stage05_metrics\full_sample\cnn1d_soft.csv"
"clean_rebuild_2026-09-23_seed42_synthetic","synthetic","simulated_lag_10","B","full_sample","cnn1d","soft","42","","Z","rsa_spearman","0.533802238538041","outputs\runs\clean_rebuild_2026-09-23_seed42_synthetic\stage05_metrics\full_sample\cnn1d_soft.csv"
"clean_rebuild_2026-09-23_seed42_synthetic","synthetic","simulated_lag_10","B","full_sample","cnn1d","soft","42","","Z","rsa_pearson","0.5237379774303921","outputs\runs\clean_rebuild_2026-09-23_seed42_synthetic\stage05_metrics\full_sample\cnn1d_soft.csv"
"clean_rebuild_2026-09-23_seed42_synthetic","synthetic","simulated_lag_10","B","full_sample","cnn1d","soft","42","","Z","linear_cka","0.5795129242441887","outputs\runs\clean_rebuild_2026-09-23_seed42_synthetic\stage05_metrics\full_sample\cnn1d_soft.csv"
"clean_rebuild_2026-09-23_seed42_synthetic","synthetic","simulated_lag_10","A_B","full_sample","cnn1d","soft","42","","","estimated_lag_bins","0","outputs\runs\clean_rebuild_2026-09-23_seed42_synthetic\stage05_metrics\full_sample\cnn1d_soft.csv"
"clean_rebuild_2026-09-23_seed42_synthetic","synthetic","simulated_lag_10","A","full_sample","cnn1d","time_contrastive_blocks","42","","M","procrustes_r2","0.7151540981170994","outputs\runs\clean_rebuild_2026-09-23_seed42_synthetic\stage05_metrics\full_sample\cnn1d_time_contrastive_blocks.csv"
"clean_rebuild_2026-09-23_seed42_synthetic","synthetic","simulated_lag_10","A","full_sample","cnn1d","time_contrastive_blocks","42","","M","rsa_spearman","0.615509415336217","outputs\runs\clean_rebuild_2026-09-23_seed42_synthetic\stage05_metrics\full_sample\cnn1d_time_contrastive_blocks.csv"
"clean_rebuild_2026-09-23_seed42_synthetic","synthetic","simulated_lag_10","A","full_sample","cnn1d","time_contrastive_blocks","42","","M","rsa_pearson","0.6557753248530805","outputs\runs\clean_rebuild_2026-09-23_seed42_synthetic\stage05_metrics\full_sample\cnn1d_time_contrastive_blocks.csv"
"clean_rebuild_2026-09-23_seed42_synthetic","synthetic","simulated_lag_10","A","full_sample","cnn1d","time_contrastive_blocks","42","","M","linear_cka","0.7235344433197065","outputs\runs\clean_rebuild_2026-09-23_seed42_synthetic\stage05_metrics\full_sample\cnn1d_time_contrastive_blocks.csv"
"clean_rebuild_2026-09-23_seed42_synthetic","synthetic","simulated_lag_10","A","full_sample","cnn1d","time_contrastive_blocks","42","","eta","procrustes_r2","-0.9685993411024532","outputs\runs\clean_rebuild_2026-09-23_seed42_synthetic\stage05_metrics\full_sample\cnn1d_time_contrastive_blocks.csv"
"clean_rebuild_2026-09-23_seed42_synthetic","synthetic","simulated_lag_10","A","full_sample","cnn1d","time_contrastive_blocks","42","","eta","rsa_spearman","0.0041149561787416","outputs\runs\clean_rebuild_2026-09-23_seed42_synthetic\stage05_metrics\full_sample\cnn1d_time_contrastive_blocks.csv"
"clean_rebuild_2026-09-23_seed42_synthetic","synthetic","simulated_lag_10","A","full_sample","cnn1d","time_contrastive_blocks","42","","eta","rsa_pearson","0.004129041899583868","outputs\runs\clean_rebuild_2026-09-23_seed42_synthetic\stage05_metrics\full_sample\cnn1d_time_contrastive_blocks.csv"
"clean_rebuild_2026-09-23_seed42_synthetic","synthetic","simulated_lag_10","A","full_sample","cnn1d","time_contrastive_blocks","42","","eta","linear_cka","0.00031452226678657235","outputs\runs\clean_rebuild_2026-09-23_seed42_synthetic\stage05_metrics\full_sample\cnn1d_time_contrastive_blocks.csv"
"clean_rebuild_2026-09-23_seed42_synthetic","synthetic","simulated_lag_10","A","full_sample","cnn1d","time_contrastive_blocks","42","","Z","procrustes_r2","0.704346121545224","outputs\runs\clean_rebuild_2026-09-23_seed42_synthetic\stage05_metrics\full_sample\cnn1d_time_contrastive_blocks.csv"
"clean_rebuild_2026-09-23_seed42_synthetic","synthetic","simulated_lag_10","A","full_sample","cnn1d","time_contrastive_blocks","42","","Z","rsa_spearman","0.6087778315868685","outputs\runs\clean_rebuild_2026-09-23_seed42_synthetic\stage05_metrics\full_sample\cnn1d_time_contrastive_blocks.csv"
"clean_rebuild_2026-09-23_seed42_synthetic","synthetic","simulated_lag_10","A","full_sample","cnn1d","time_contrastive_blocks","42","","Z","rsa_pearson","0.6441386567383647","outputs\runs\clean_rebuild_2026-09-23_seed42_synthetic\stage05_metrics\full_sample\cnn1d_time_contrastive_blocks.csv"
"clean_rebuild_2026-09-23_seed42_synthetic","synthetic","simulated_lag_10","A","full_sample","cnn1d","time_contrastive_blocks","42","","Z","linear_cka","0.71451951726495","outputs\runs\clean_rebuild_2026-09-23_seed42_synthetic\stage05_metrics\full_sample\cnn1d_time_contrastive_blocks.csv"
"clean_rebuild_2026-09-23_seed42_synthetic","synthetic","simulated_lag_10","B","full_sample","cnn1d","time_contrastive_blocks","42","","M","procrustes_r2","0.6717865833830707","outputs\runs\clean_rebuild_2026-09-23_seed42_synthetic\stage05_metrics\full_sample\cnn1d_time_contrastive_blocks.csv"
"clean_rebuild_2026-09-23_seed42_synthetic","synthetic","simulated_lag_10","B","full_sample","cnn1d","time_contrastive_blocks","42","","M","rsa_spearman","0.5864834642756995","outputs\runs\clean_rebuild_2026-09-23_seed42_synthetic\stage05_metrics\full_sample\cnn1d_time_contrastive_blocks.csv"
"clean_rebuild_2026-09-23_seed42_synthetic","synthetic","simulated_lag_10","B","full_sample","cnn1d","time_contrastive_blocks","42","","M","rsa_pearson","0.6103152910396175","outputs\runs\clean_rebuild_2026-09-23_seed42_synthetic\stage05_metrics\full_sample\cnn1d_time_contrastive_blocks.csv"
"clean_rebuild_2026-09-23_seed42_synthetic","synthetic","simulated_lag_10","B","full_sample","cnn1d","time_contrastive_blocks","42","","M","linear_cka","0.6884350135062343","outputs\runs\clean_rebuild_2026-09-23_seed42_synthetic\stage05_metrics\full_sample\cnn1d_time_contrastive_blocks.csv"
"clean_rebuild_2026-09-23_seed42_synthetic","synthetic","simulated_lag_10","B","full_sample","cnn1d","time_contrastive_blocks","42","","eta","procrustes_r2","-0.9667767234926474","outputs\runs\clean_rebuild_2026-09-23_seed42_synthetic\stage05_metrics\full_sample\cnn1d_time_contrastive_blocks.csv"
"clean_rebuild_2026-09-23_seed42_synthetic","synthetic","simulated_lag_10","B","full_sample","cnn1d","time_contrastive_blocks","42","","eta","rsa_spearman","0.0034339130005621235","outputs\runs\clean_rebuild_2026-09-23_seed42_synthetic\stage05_metrics\full_sample\cnn1d_time_contrastive_blocks.csv"
"clean_rebuild_2026-09-23_seed42_synthetic","synthetic","simulated_lag_10","B","full_sample","cnn1d","time_contrastive_blocks","42","","eta","rsa_pearson","0.0018329198209285633","outputs\runs\clean_rebuild_2026-09-23_seed42_synthetic\stage05_metrics\full_sample\cnn1d_time_contrastive_blocks.csv"
"clean_rebuild_2026-09-23_seed42_synthetic","synthetic","simulated_lag_10","B","full_sample","cnn1d","time_contrastive_blocks","42","","eta","linear_cka","0.0004074490485405686","outputs\runs\clean_rebuild_2026-09-23_seed42_synthetic\stage05_metrics\full_sample\cnn1d_time_contrastive_blocks.csv"
"clean_rebuild_2026-09-23_seed42_synthetic","synthetic","simulated_lag_10","B","full_sample","cnn1d","time_contrastive_blocks","42","","Z","procrustes_r2","0.6597514531063859","outputs\runs\clean_rebuild_2026-09-23_seed42_synthetic\stage05_metrics\full_sample\cnn1d_time_contrastive_blocks.csv"
"clean_rebuild_2026-09-23_seed42_synthetic","synthetic","simulated_lag_10","B","full_sample","cnn1d","time_contrastive_blocks","42","","Z","rsa_spearman","0.5794898384629538","outputs\runs\clean_rebuild_2026-09-23_seed42_synthetic\stage05_metrics\full_sample\cnn1d_time_contrastive_blocks.csv"
"clean_rebuild_2026-09-23_seed42_synthetic","synthetic","simulated_lag_10","B","full_sample","cnn1d","time_contrastive_blocks","42","","Z","rsa_pearson","0.5990724781468537","outputs\runs\clean_rebuild_2026-09-23_seed42_synthetic\stage05_metrics\full_sample\cnn1d_time_contrastive_blocks.csv"
"clean_rebuild_2026-09-23_seed42_synthetic","synthetic","simulated_lag_10","B","full_sample","cnn1d","time_contrastive_blocks","42","","Z","linear_cka","0.6785893515906951","outputs\runs\clean_rebuild_2026-09-23_seed42_synthetic\stage05_metrics\full_sample\cnn1d_time_contrastive_blocks.csv"
"clean_rebuild_2026-09-23_seed42_synthetic","synthetic","simulated_lag_10","A_B","full_sample","cnn1d","time_contrastive_blocks","42","","","estimated_lag_bins","18","outputs\runs\clean_rebuild_2026-09-23_seed42_synthetic\stage05_metrics\full_sample\cnn1d_time_contrastive_blocks.csv"
"clean_rebuild_2026-09-23_seed42_synthetic","synthetic","simulated_lag_10","A","full_sample","pca","none","42","","M","procrustes_r2","0.7483456985559935","outputs\runs\clean_rebuild_2026-09-23_seed42_synthetic\stage05_metrics\full_sample\pca_none.csv"
"clean_rebuild_2026-09-23_seed42_synthetic","synthetic","simulated_lag_10","A","full_sample","pca","none","42","","M","rsa_spearman","0.7039579824108447","outputs\runs\clean_rebuild_2026-09-23_seed42_synthetic\stage05_metrics\full_sample\pca_none.csv"
"clean_rebuild_2026-09-23_seed42_synthetic","synthetic","simulated_lag_10","A","full_sample","pca","none","42","","M","rsa_pearson","0.757651524316317","outputs\runs\clean_rebuild_2026-09-23_seed42_synthetic\stage05_metrics\full_sample\pca_none.csv"
"clean_rebuild_2026-09-23_seed42_synthetic","synthetic","simulated_lag_10","A","full_sample","pca","none","42","","M","linear_cka","0.7327486401078688","outputs\runs\clean_rebuild_2026-09-23_seed42_synthetic\stage05_metrics\full_sample\pca_none.csv"
"clean_rebuild_2026-09-23_seed42_synthetic","synthetic","simulated_lag_10","A","full_sample","pca","none","42","","eta","procrustes_r2","-0.9724655699208438","outputs\runs\clean_rebuild_2026-09-23_seed42_synthetic\stage05_metrics\full_sample\pca_none.csv"
"clean_rebuild_2026-09-23_seed42_synthetic","synthetic","simulated_lag_10","A","full_sample","pca","none","42","","eta","rsa_spearman","0.0037826354163319827","outputs\runs\clean_rebuild_2026-09-23_seed42_synthetic\stage05_metrics\full_sample\pca_none.csv"
"clean_rebuild_2026-09-23_seed42_synthetic","synthetic","simulated_lag_10","A","full_sample","pca","none","42","","eta","rsa_pearson","0.0036235642316253002","outputs\runs\clean_rebuild_2026-09-23_seed42_synthetic\stage05_metrics\full_sample\pca_none.csv"
"clean_rebuild_2026-09-23_seed42_synthetic","synthetic","simulated_lag_10","A","full_sample","pca","none","42","","eta","linear_cka","0.00022940533559288043","outputs\runs\clean_rebuild_2026-09-23_seed42_synthetic\stage05_metrics\full_sample\pca_none.csv"
"clean_rebuild_2026-09-23_seed42_synthetic","synthetic","simulated_lag_10","A","full_sample","pca","none","42","","Z","procrustes_r2","0.736976902704497","outputs\runs\clean_rebuild_2026-09-23_seed42_synthetic\stage05_metrics\full_sample\pca_none.csv"
"clean_rebuild_2026-09-23_seed42_synthetic","synthetic","simulated_lag_10","A","full_sample","pca","none","42","","Z","rsa_spearman","0.6980958442092782","outputs\runs\clean_rebuild_2026-09-23_seed42_synthetic\stage05_metrics\full_sample\pca_none.csv"
"clean_rebuild_2026-09-23_seed42_synthetic","synthetic","simulated_lag_10","A","full_sample","pca","none","42","","Z","rsa_pearson","0.7439599495859535","outputs\runs\clean_rebuild_2026-09-23_seed42_synthetic\stage05_metrics\full_sample\pca_none.csv"
"clean_rebuild_2026-09-23_seed42_synthetic","synthetic","simulated_lag_10","A","full_sample","pca","none","42","","Z","linear_cka","0.7232892284238936","outputs\runs\clean_rebuild_2026-09-23_seed42_synthetic\stage05_metrics\full_sample\pca_none.csv"
"clean_rebuild_2026-09-23_seed42_synthetic","synthetic","simulated_lag_10","B","full_sample","pca","none","42","","M","procrustes_r2","0.7321905166755055","outputs\runs\clean_rebuild_2026-09-23_seed42_synthetic\stage05_metrics\full_sample\pca_none.csv"
"clean_rebuild_2026-09-23_seed42_synthetic","synthetic","simulated_lag_10","B","full_sample","pca","none","42","","M","rsa_spearman","0.7096481212502479","outputs\runs\clean_rebuild_2026-09-23_seed42_synthetic\stage05_metrics\full_sample\pca_none.csv"
"clean_rebuild_2026-09-23_seed42_synthetic","synthetic","simulated_lag_10","B","full_sample","pca","none","42","","M","rsa_pearson","0.7308026954321969","outputs\runs\clean_rebuild_2026-09-23_seed42_synthetic\stage05_metrics\full_sample\pca_none.csv"
"clean_rebuild_2026-09-23_seed42_synthetic","synthetic","simulated_lag_10","B","full_sample","pca","none","42","","M","linear_cka","0.7338762427281831","outputs\runs\clean_rebuild_2026-09-23_seed42_synthetic\stage05_metrics\full_sample\pca_none.csv"
"clean_rebuild_2026-09-23_seed42_synthetic","synthetic","simulated_lag_10","B","full_sample","pca","none","42","","eta","procrustes_r2","-0.9669702788262953","outputs\runs\clean_rebuild_2026-09-23_seed42_synthetic\stage05_metrics\full_sample\pca_none.csv"
"clean_rebuild_2026-09-23_seed42_synthetic","synthetic","simulated_lag_10","B","full_sample","pca","none","42","","eta","rsa_spearman","0.002286102632441218","outputs\runs\clean_rebuild_2026-09-23_seed42_synthetic\stage05_metrics\full_sample\pca_none.csv"
"clean_rebuild_2026-09-23_seed42_synthetic","synthetic","simulated_lag_10","B","full_sample","pca","none","42","","eta","rsa_pearson","0.0003291052045497541","outputs\runs\clean_rebuild_2026-09-23_seed42_synthetic\stage05_metrics\full_sample\pca_none.csv"
"clean_rebuild_2026-09-23_seed42_synthetic","synthetic","simulated_lag_10","B","full_sample","pca","none","42","","eta","linear_cka","0.0003902516910839157","outputs\runs\clean_rebuild_2026-09-23_seed42_synthetic\stage05_metrics\full_sample\pca_none.csv"
"clean_rebuild_2026-09-23_seed42_synthetic","synthetic","simulated_lag_10","B","full_sample","pca","none","42","","Z","procrustes_r2","0.719666818339882","outputs\runs\clean_rebuild_2026-09-23_seed42_synthetic\stage05_metrics\full_sample\pca_none.csv"
"clean_rebuild_2026-09-23_seed42_synthetic","synthetic","simulated_lag_10","B","full_sample","pca","none","42","","Z","rsa_spearman","0.7016561275541323","outputs\runs\clean_rebuild_2026-09-23_seed42_synthetic\stage05_metrics\full_sample\pca_none.csv"
"clean_rebuild_2026-09-23_seed42_synthetic","synthetic","simulated_lag_10","B","full_sample","pca","none","42","","Z","rsa_pearson","0.7181234286866774","outputs\runs\clean_rebuild_2026-09-23_seed42_synthetic\stage05_metrics\full_sample\pca_none.csv"
"clean_rebuild_2026-09-23_seed42_synthetic","synthetic","simulated_lag_10","B","full_sample","pca","none","42","","Z","linear_cka","0.7233099587228152","outputs\runs\clean_rebuild_2026-09-23_seed42_synthetic\stage05_metrics\full_sample\pca_none.csv"
"clean_rebuild_2026-09-23_seed42_synthetic","synthetic","simulated_lag_10","A_B","full_sample","pca","none","42","","","estimated_lag_bins","13","outputs\runs\clean_rebuild_2026-09-23_seed42_synthetic\stage05_metrics\full_sample\pca_none.csv"
"clean_rebuild_2026-09-23_seed42_synthetic","synthetic","simulated_lag_10","A","full_sample","transformer","behavior_contrastive_blocks","42","","M","procrustes_r2","0.3962765327522004","outputs\runs\clean_rebuild_2026-09-23_seed42_synthetic\stage05_metrics\full_sample\transformer_behavior_contrastive_blocks.csv"
"clean_rebuild_2026-09-23_seed42_synthetic","synthetic","simulated_lag_10","A","full_sample","transformer","behavior_contrastive_blocks","42","","M","rsa_spearman","0.36801209103959504","outputs\runs\clean_rebuild_2026-09-23_seed42_synthetic\stage05_metrics\full_sample\transformer_behavior_contrastive_blocks.csv"
"clean_rebuild_2026-09-23_seed42_synthetic","synthetic","simulated_lag_10","A","full_sample","transformer","behavior_contrastive_blocks","42","","M","rsa_pearson","0.3486640250146358","outputs\runs\clean_rebuild_2026-09-23_seed42_synthetic\stage05_metrics\full_sample\transformer_behavior_contrastive_blocks.csv"
"clean_rebuild_2026-09-23_seed42_synthetic","synthetic","simulated_lag_10","A","full_sample","transformer","behavior_contrastive_blocks","42","","M","linear_cka","0.5295111422602011","outputs\runs\clean_rebuild_2026-09-23_seed42_synthetic\stage05_metrics\full_sample\transformer_behavior_contrastive_blocks.csv"
"clean_rebuild_2026-09-23_seed42_synthetic","synthetic","simulated_lag_10","A","full_sample","transformer","behavior_contrastive_blocks","42","","eta","procrustes_r2","-0.9593043692549139","outputs\runs\clean_rebuild_2026-09-23_seed42_synthetic\stage05_metrics\full_sample\transformer_behavior_contrastive_blocks.csv"
"clean_rebuild_2026-09-23_seed42_synthetic","synthetic","simulated_lag_10","A","full_sample","transformer","behavior_contrastive_blocks","42","","eta","rsa_spearman","0.003763680655337748","outputs\runs\clean_rebuild_2026-09-23_seed42_synthetic\stage05_metrics\full_sample\transformer_behavior_contrastive_blocks.csv"
"clean_rebuild_2026-09-23_seed42_synthetic","synthetic","simulated_lag_10","A","full_sample","transformer","behavior_contrastive_blocks","42","","eta","rsa_pearson","0.0038818625461876774","outputs\runs\clean_rebuild_2026-09-23_seed42_synthetic\stage05_metrics\full_sample\transformer_behavior_contrastive_blocks.csv"
"clean_rebuild_2026-09-23_seed42_synthetic","synthetic","simulated_lag_10","A","full_sample","transformer","behavior_contrastive_blocks","42","","eta","linear_cka","0.0005131199963848841","outputs\runs\clean_rebuild_2026-09-23_seed42_synthetic\stage05_metrics\full_sample\transformer_behavior_contrastive_blocks.csv"
"clean_rebuild_2026-09-23_seed42_synthetic","synthetic","simulated_lag_10","A","full_sample","transformer","behavior_contrastive_blocks","42","","Z","procrustes_r2","0.3891486662268736","outputs\runs\clean_rebuild_2026-09-23_seed42_synthetic\stage05_metrics\full_sample\transformer_behavior_contrastive_blocks.csv"
"clean_rebuild_2026-09-23_seed42_synthetic","synthetic","simulated_lag_10","A","full_sample","transformer","behavior_contrastive_blocks","42","","Z","rsa_spearman","0.36222391217815214","outputs\runs\clean_rebuild_2026-09-23_seed42_synthetic\stage05_metrics\full_sample\transformer_behavior_contrastive_blocks.csv"
"clean_rebuild_2026-09-23_seed42_synthetic","synthetic","simulated_lag_10","A","full_sample","transformer","behavior_contrastive_blocks","42","","Z","rsa_pearson","0.3494513656301","outputs\runs\clean_rebuild_2026-09-23_seed42_synthetic\stage05_metrics\full_sample\transformer_behavior_contrastive_blocks.csv"
"clean_rebuild_2026-09-23_seed42_synthetic","synthetic","simulated_lag_10","A","full_sample","transformer","behavior_contrastive_blocks","42","","Z","linear_cka","0.5244519883784072","outputs\runs\clean_rebuild_2026-09-23_seed42_synthetic\stage05_metrics\full_sample\transformer_behavior_contrastive_blocks.csv"
"clean_rebuild_2026-09-23_seed42_synthetic","synthetic","simulated_lag_10","B","full_sample","transformer","behavior_contrastive_blocks","42","","M","procrustes_r2","0.06456177302697752","outputs\runs\clean_rebuild_2026-09-23_seed42_synthetic\stage05_metrics\full_sample\transformer_behavior_contrastive_blocks.csv"
"clean_rebuild_2026-09-23_seed42_synthetic","synthetic","simulated_lag_10","B","full_sample","transformer","behavior_contrastive_blocks","42","","M","rsa_spearman","0.24278714652357453","outputs\runs\clean_rebuild_2026-09-23_seed42_synthetic\stage05_metrics\full_sample\transformer_behavior_contrastive_blocks.csv"
"clean_rebuild_2026-09-23_seed42_synthetic","synthetic","simulated_lag_10","B","full_sample","transformer","behavior_contrastive_blocks","42","","M","rsa_pearson","0.2869654266211509","outputs\runs\clean_rebuild_2026-09-23_seed42_synthetic\stage05_metrics\full_sample\transformer_behavior_contrastive_blocks.csv"
"clean_rebuild_2026-09-23_seed42_synthetic","synthetic","simulated_lag_10","B","full_sample","transformer","behavior_contrastive_blocks","42","","M","linear_cka","0.4191165641243801","outputs\runs\clean_rebuild_2026-09-23_seed42_synthetic\stage05_metrics\full_sample\transformer_behavior_contrastive_blocks.csv"
"clean_rebuild_2026-09-23_seed42_synthetic","synthetic","simulated_lag_10","B","full_sample","transformer","behavior_contrastive_blocks","42","","eta","procrustes_r2","-0.9795434462868817","outputs\runs\clean_rebuild_2026-09-23_seed42_synthetic\stage05_metrics\full_sample\transformer_behavior_contrastive_blocks.csv"
"clean_rebuild_2026-09-23_seed42_synthetic","synthetic","simulated_lag_10","B","full_sample","transformer","behavior_contrastive_blocks","42","","eta","rsa_spearman","0.0052386712136170575","outputs\runs\clean_rebuild_2026-09-23_seed42_synthetic\stage05_metrics\full_sample\transformer_behavior_contrastive_blocks.csv"
"clean_rebuild_2026-09-23_seed42_synthetic","synthetic","simulated_lag_10","B","full_sample","transformer","behavior_contrastive_blocks","42","","eta","rsa_pearson","0.00606605522599926","outputs\runs\clean_rebuild_2026-09-23_seed42_synthetic\stage05_metrics\full_sample\transformer_behavior_contrastive_blocks.csv"
"clean_rebuild_2026-09-23_seed42_synthetic","synthetic","simulated_lag_10","B","full_sample","transformer","behavior_contrastive_blocks","42","","eta","linear_cka","0.00012990161681592448","outputs\runs\clean_rebuild_2026-09-23_seed42_synthetic\stage05_metrics\full_sample\transformer_behavior_contrastive_blocks.csv"
"clean_rebuild_2026-09-23_seed42_synthetic","synthetic","simulated_lag_10","B","full_sample","transformer","behavior_contrastive_blocks","42","","Z","procrustes_r2","0.05520764908733611","outputs\runs\clean_rebuild_2026-09-23_seed42_synthetic\stage05_metrics\full_sample\transformer_behavior_contrastive_blocks.csv"
"clean_rebuild_2026-09-23_seed42_synthetic","synthetic","simulated_lag_10","B","full_sample","transformer","behavior_contrastive_blocks","42","","Z","rsa_spearman","0.2385919094346873","outputs\runs\clean_rebuild_2026-09-23_seed42_synthetic\stage05_metrics\full_sample\transformer_behavior_contrastive_blocks.csv"
"clean_rebuild_2026-09-23_seed42_synthetic","synthetic","simulated_lag_10","B","full_sample","transformer","behavior_contrastive_blocks","42","","Z","rsa_pearson","0.28368038819650465","outputs\runs\clean_rebuild_2026-09-23_seed42_synthetic\stage05_metrics\full_sample\transformer_behavior_contrastive_blocks.csv"
"clean_rebuild_2026-09-23_seed42_synthetic","synthetic","simulated_lag_10","B","full_sample","transformer","behavior_contrastive_blocks","42","","Z","linear_cka","0.41160891194478516","outputs\runs\clean_rebuild_2026-09-23_seed42_synthetic\stage05_metrics\full_sample\transformer_behavior_contrastive_blocks.csv"
"clean_rebuild_2026-09-23_seed42_synthetic","synthetic","simulated_lag_10","A_B","full_sample","transformer","behavior_contrastive_blocks","42","","","estimated_lag_bins","20","outputs\runs\clean_rebuild_2026-09-23_seed42_synthetic\stage05_metrics\full_sample\transformer_behavior_contrastive_blocks.csv"
"clean_rebuild_2026-09-23_seed42_synthetic","synthetic","simulated_lag_10","A","full_sample","transformer","infonce","42","","M","procrustes_r2","0.4314224476831282","outputs\runs\clean_rebuild_2026-09-23_seed42_synthetic\stage05_metrics\full_sample\transformer_infonce.csv"
"clean_rebuild_2026-09-23_seed42_synthetic","synthetic","simulated_lag_10","A","full_sample","transformer","infonce","42","","M","rsa_spearman","0.4366662701367968","outputs\runs\clean_rebuild_2026-09-23_seed42_synthetic\stage05_metrics\full_sample\transformer_infonce.csv"
"clean_rebuild_2026-09-23_seed42_synthetic","synthetic","simulated_lag_10","A","full_sample","transformer","infonce","42","","M","rsa_pearson","0.41570644055484124","outputs\runs\clean_rebuild_2026-09-23_seed42_synthetic\stage05_metrics\full_sample\transformer_infonce.csv"
"clean_rebuild_2026-09-23_seed42_synthetic","synthetic","simulated_lag_10","A","full_sample","transformer","infonce","42","","M","linear_cka","0.582514283085457","outputs\runs\clean_rebuild_2026-09-23_seed42_synthetic\stage05_metrics\full_sample\transformer_infonce.csv"
"clean_rebuild_2026-09-23_seed42_synthetic","synthetic","simulated_lag_10","A","full_sample","transformer","infonce","42","","eta","procrustes_r2","-0.9756273123365244","outputs\runs\clean_rebuild_2026-09-23_seed42_synthetic\stage05_metrics\full_sample\transformer_infonce.csv"
"clean_rebuild_2026-09-23_seed42_synthetic","synthetic","simulated_lag_10","A","full_sample","transformer","infonce","42","","eta","rsa_spearman","0.003739018660034221","outputs\runs\clean_rebuild_2026-09-23_seed42_synthetic\stage05_metrics\full_sample\transformer_infonce.csv"
"clean_rebuild_2026-09-23_seed42_synthetic","synthetic","simulated_lag_10","A","full_sample","transformer","infonce","42","","eta","rsa_pearson","0.0033469199362833463","outputs\runs\clean_rebuild_2026-09-23_seed42_synthetic\stage05_metrics\full_sample\transformer_infonce.csv"
"clean_rebuild_2026-09-23_seed42_synthetic","synthetic","simulated_lag_10","A","full_sample","transformer","infonce","42","","eta","linear_cka","0.00018608556930803667","outputs\runs\clean_rebuild_2026-09-23_seed42_synthetic\stage05_metrics\full_sample\transformer_infonce.csv"
"clean_rebuild_2026-09-23_seed42_synthetic","synthetic","simulated_lag_10","A","full_sample","transformer","infonce","42","","Z","procrustes_r2","0.4218505899902527","outputs\runs\clean_rebuild_2026-09-23_seed42_synthetic\stage05_metrics\full_sample\transformer_infonce.csv"
"clean_rebuild_2026-09-23_seed42_synthetic","synthetic","simulated_lag_10","A","full_sample","transformer","infonce","42","","Z","rsa_spearman","0.42843165045428405","outputs\runs\clean_rebuild_2026-09-23_seed42_synthetic\stage05_metrics\full_sample\transformer_infonce.csv"
"clean_rebuild_2026-09-23_seed42_synthetic","synthetic","simulated_lag_10","A","full_sample","transformer","infonce","42","","Z","rsa_pearson","0.41381304643995975","outputs\runs\clean_rebuild_2026-09-23_seed42_synthetic\stage05_metrics\full_sample\transformer_infonce.csv"
"clean_rebuild_2026-09-23_seed42_synthetic","synthetic","simulated_lag_10","A","full_sample","transformer","infonce","42","","Z","linear_cka","0.5748264122486372","outputs\runs\clean_rebuild_2026-09-23_seed42_synthetic\stage05_metrics\full_sample\transformer_infonce.csv"
"clean_rebuild_2026-09-23_seed42_synthetic","synthetic","simulated_lag_10","B","full_sample","transformer","infonce","42","","M","procrustes_r2","0.4760315892654001","outputs\runs\clean_rebuild_2026-09-23_seed42_synthetic\stage05_metrics\full_sample\transformer_infonce.csv"
"clean_rebuild_2026-09-23_seed42_synthetic","synthetic","simulated_lag_10","B","full_sample","transformer","infonce","42","","M","rsa_spearman","0.47402269705379757","outputs\runs\clean_rebuild_2026-09-23_seed42_synthetic\stage05_metrics\full_sample\transformer_infonce.csv"
"clean_rebuild_2026-09-23_seed42_synthetic","synthetic","simulated_lag_10","B","full_sample","transformer","infonce","42","","M","rsa_pearson","0.465400285938538","outputs\runs\clean_rebuild_2026-09-23_seed42_synthetic\stage05_metrics\full_sample\transformer_infonce.csv"
"clean_rebuild_2026-09-23_seed42_synthetic","synthetic","simulated_lag_10","B","full_sample","transformer","infonce","42","","M","linear_cka","0.6074389886243311","outputs\runs\clean_rebuild_2026-09-23_seed42_synthetic\stage05_metrics\full_sample\transformer_infonce.csv"
"clean_rebuild_2026-09-23_seed42_synthetic","synthetic","simulated_lag_10","B","full_sample","transformer","infonce","42","","eta","procrustes_r2","-0.9683178711146769","outputs\runs\clean_rebuild_2026-09-23_seed42_synthetic\stage05_metrics\full_sample\transformer_infonce.csv"
"clean_rebuild_2026-09-23_seed42_synthetic","synthetic","simulated_lag_10","B","full_sample","transformer","infonce","42","","eta","rsa_spearman","0.004555485222530094","outputs\runs\clean_rebuild_2026-09-23_seed42_synthetic\stage05_metrics\full_sample\transformer_infonce.csv"
"clean_rebuild_2026-09-23_seed42_synthetic","synthetic","simulated_lag_10","B","full_sample","transformer","infonce","42","","eta","rsa_pearson","0.004654291092239145","outputs\runs\clean_rebuild_2026-09-23_seed42_synthetic\stage05_metrics\full_sample\transformer_infonce.csv"
"clean_rebuild_2026-09-23_seed42_synthetic","synthetic","simulated_lag_10","B","full_sample","transformer","infonce","42","","eta","linear_cka","0.0003004828124753867","outputs\runs\clean_rebuild_2026-09-23_seed42_synthetic\stage05_metrics\full_sample\transformer_infonce.csv"
"clean_rebuild_2026-09-23_seed42_synthetic","synthetic","simulated_lag_10","B","full_sample","transformer","infonce","42","","Z","procrustes_r2","0.4650826438700406","outputs\runs\clean_rebuild_2026-09-23_seed42_synthetic\stage05_metrics\full_sample\transformer_infonce.csv"
"clean_rebuild_2026-09-23_seed42_synthetic","synthetic","simulated_lag_10","B","full_sample","transformer","infonce","42","","Z","rsa_spearman","0.4674272778237789","outputs\runs\clean_rebuild_2026-09-23_seed42_synthetic\stage05_metrics\full_sample\transformer_infonce.csv"
"clean_rebuild_2026-09-23_seed42_synthetic","synthetic","simulated_lag_10","B","full_sample","transformer","infonce","42","","Z","rsa_pearson","0.46208076955492544","outputs\runs\clean_rebuild_2026-09-23_seed42_synthetic\stage05_metrics\full_sample\transformer_infonce.csv"
"clean_rebuild_2026-09-23_seed42_synthetic","synthetic","simulated_lag_10","B","full_sample","transformer","infonce","42","","Z","linear_cka","0.5987226415922362","outputs\runs\clean_rebuild_2026-09-23_seed42_synthetic\stage05_metrics\full_sample\transformer_infonce.csv"
"clean_rebuild_2026-09-23_seed42_synthetic","synthetic","simulated_lag_10","A_B","full_sample","transformer","infonce","42","","","estimated_lag_bins","20","outputs\runs\clean_rebuild_2026-09-23_seed42_synthetic\stage05_metrics\full_sample\transformer_infonce.csv"
"clean_rebuild_2026-09-23_seed42_synthetic","synthetic","simulated_lag_10","A","full_sample","transformer","soft","42","","M","procrustes_r2","0.4083474679419232","outputs\runs\clean_rebuild_2026-09-23_seed42_synthetic\stage05_metrics\full_sample\transformer_soft.csv"
"clean_rebuild_2026-09-23_seed42_synthetic","synthetic","simulated_lag_10","A","full_sample","transformer","soft","42","","M","rsa_spearman","0.5941432903312303","outputs\runs\clean_rebuild_2026-09-23_seed42_synthetic\stage05_metrics\full_sample\transformer_soft.csv"
"clean_rebuild_2026-09-23_seed42_synthetic","synthetic","simulated_lag_10","A","full_sample","transformer","soft","42","","M","rsa_pearson","0.5837505846803249","outputs\runs\clean_rebuild_2026-09-23_seed42_synthetic\stage05_metrics\full_sample\transformer_soft.csv"
"clean_rebuild_2026-09-23_seed42_synthetic","synthetic","simulated_lag_10","A","full_sample","transformer","soft","42","","M","linear_cka","0.6017225950734462","outputs\runs\clean_rebuild_2026-09-23_seed42_synthetic\stage05_metrics\full_sample\transformer_soft.csv"
"clean_rebuild_2026-09-23_seed42_synthetic","synthetic","simulated_lag_10","A","full_sample","transformer","soft","42","","eta","procrustes_r2","-0.975748815634482","outputs\runs\clean_rebuild_2026-09-23_seed42_synthetic\stage05_metrics\full_sample\transformer_soft.csv"
"clean_rebuild_2026-09-23_seed42_synthetic","synthetic","simulated_lag_10","A","full_sample","transformer","soft","42","","eta","rsa_spearman","0.0034067520801662537","outputs\runs\clean_rebuild_2026-09-23_seed42_synthetic\stage05_metrics\full_sample\transformer_soft.csv"
"clean_rebuild_2026-09-23_seed42_synthetic","synthetic","simulated_lag_10","A","full_sample","transformer","soft","42","","eta","rsa_pearson","0.003225370595607998","outputs\runs\clean_rebuild_2026-09-23_seed42_synthetic\stage05_metrics\full_sample\transformer_soft.csv"
"clean_rebuild_2026-09-23_seed42_synthetic","synthetic","simulated_lag_10","A","full_sample","transformer","soft","42","","eta","linear_cka","0.00020903135574713817","outputs\runs\clean_rebuild_2026-09-23_seed42_synthetic\stage05_metrics\full_sample\transformer_soft.csv"
"clean_rebuild_2026-09-23_seed42_synthetic","synthetic","simulated_lag_10","A","full_sample","transformer","soft","42","","Z","procrustes_r2","0.3986033760796154","outputs\runs\clean_rebuild_2026-09-23_seed42_synthetic\stage05_metrics\full_sample\transformer_soft.csv"
"clean_rebuild_2026-09-23_seed42_synthetic","synthetic","simulated_lag_10","A","full_sample","transformer","soft","42","","Z","rsa_spearman","0.5857373407625893","outputs\runs\clean_rebuild_2026-09-23_seed42_synthetic\stage05_metrics\full_sample\transformer_soft.csv"
"clean_rebuild_2026-09-23_seed42_synthetic","synthetic","simulated_lag_10","A","full_sample","transformer","soft","42","","Z","rsa_pearson","0.5761281512309148","outputs\runs\clean_rebuild_2026-09-23_seed42_synthetic\stage05_metrics\full_sample\transformer_soft.csv"
"clean_rebuild_2026-09-23_seed42_synthetic","synthetic","simulated_lag_10","A","full_sample","transformer","soft","42","","Z","linear_cka","0.5935478706775413","outputs\runs\clean_rebuild_2026-09-23_seed42_synthetic\stage05_metrics\full_sample\transformer_soft.csv"
"clean_rebuild_2026-09-23_seed42_synthetic","synthetic","simulated_lag_10","B","full_sample","transformer","soft","42","","M","procrustes_r2","0.37914361743597436","outputs\runs\clean_rebuild_2026-09-23_seed42_synthetic\stage05_metrics\full_sample\transformer_soft.csv"
"clean_rebuild_2026-09-23_seed42_synthetic","synthetic","simulated_lag_10","B","full_sample","transformer","soft","42","","M","rsa_spearman","0.5783917222918967","outputs\runs\clean_rebuild_2026-09-23_seed42_synthetic\stage05_metrics\full_sample\transformer_soft.csv"
"clean_rebuild_2026-09-23_seed42_synthetic","synthetic","simulated_lag_10","B","full_sample","transformer","soft","42","","M","rsa_pearson","0.5664799539819745","outputs\runs\clean_rebuild_2026-09-23_seed42_synthetic\stage05_metrics\full_sample\transformer_soft.csv"
"clean_rebuild_2026-09-23_seed42_synthetic","synthetic","simulated_lag_10","B","full_sample","transformer","soft","42","","M","linear_cka","0.5758881924488949","outputs\runs\clean_rebuild_2026-09-23_seed42_synthetic\stage05_metrics\full_sample\transformer_soft.csv"
"clean_rebuild_2026-09-23_seed42_synthetic","synthetic","simulated_lag_10","B","full_sample","transformer","soft","42","","eta","procrustes_r2","-0.9795785185940018","outputs\runs\clean_rebuild_2026-09-23_seed42_synthetic\stage05_metrics\full_sample\transformer_soft.csv"
"clean_rebuild_2026-09-23_seed42_synthetic","synthetic","simulated_lag_10","B","full_sample","transformer","soft","42","","eta","rsa_spearman","0.0038305974438346676","outputs\runs\clean_rebuild_2026-09-23_seed42_synthetic\stage05_metrics\full_sample\transformer_soft.csv"
"clean_rebuild_2026-09-23_seed42_synthetic","synthetic","simulated_lag_10","B","full_sample","transformer","soft","42","","eta","rsa_pearson","0.0031362286720847117","outputs\runs\clean_rebuild_2026-09-23_seed42_synthetic\stage05_metrics\full_sample\transformer_soft.csv"
"clean_rebuild_2026-09-23_seed42_synthetic","synthetic","simulated_lag_10","B","full_sample","transformer","soft","42","","eta","linear_cka","0.00019003665969367486","outputs\runs\clean_rebuild_2026-09-23_seed42_synthetic\stage05_metrics\full_sample\transformer_soft.csv"
"clean_rebuild_2026-09-23_seed42_synthetic","synthetic","simulated_lag_10","B","full_sample","transformer","soft","42","","Z","procrustes_r2","0.36776061459969567","outputs\runs\clean_rebuild_2026-09-23_seed42_synthetic\stage05_metrics\full_sample\transformer_soft.csv"
"clean_rebuild_2026-09-23_seed42_synthetic","synthetic","simulated_lag_10","B","full_sample","transformer","soft","42","","Z","rsa_spearman","0.5708019458920063","outputs\runs\clean_rebuild_2026-09-23_seed42_synthetic\stage05_metrics\full_sample\transformer_soft.csv"
"clean_rebuild_2026-09-23_seed42_synthetic","synthetic","simulated_lag_10","B","full_sample","transformer","soft","42","","Z","rsa_pearson","0.5574835335524151","outputs\runs\clean_rebuild_2026-09-23_seed42_synthetic\stage05_metrics\full_sample\transformer_soft.csv"
"clean_rebuild_2026-09-23_seed42_synthetic","synthetic","simulated_lag_10","B","full_sample","transformer","soft","42","","Z","linear_cka","0.5664447215279929","outputs\runs\clean_rebuild_2026-09-23_seed42_synthetic\stage05_metrics\full_sample\transformer_soft.csv"
"clean_rebuild_2026-09-23_seed42_synthetic","synthetic","simulated_lag_10","A_B","full_sample","transformer","soft","42","","","estimated_lag_bins","17","outputs\runs\clean_rebuild_2026-09-23_seed42_synthetic\stage05_metrics\full_sample\transformer_soft.csv"
"clean_rebuild_2026-09-23_seed42_synthetic","synthetic","simulated_lag_10","A","full_sample","transformer","time_contrastive_blocks","42","","M","procrustes_r2","0.20020788381728283","outputs\runs\clean_rebuild_2026-09-23_seed42_synthetic\stage05_metrics\full_sample\transformer_time_contrastive_blocks.csv"
"clean_rebuild_2026-09-23_seed42_synthetic","synthetic","simulated_lag_10","A","full_sample","transformer","time_contrastive_blocks","42","","M","rsa_spearman","0.4610954380572672","outputs\runs\clean_rebuild_2026-09-23_seed42_synthetic\stage05_metrics\full_sample\transformer_time_contrastive_blocks.csv"
"clean_rebuild_2026-09-23_seed42_synthetic","synthetic","simulated_lag_10","A","full_sample","transformer","time_contrastive_blocks","42","","M","rsa_pearson","0.5149746130851984","outputs\runs\clean_rebuild_2026-09-23_seed42_synthetic\stage05_metrics\full_sample\transformer_time_contrastive_blocks.csv"
"clean_rebuild_2026-09-23_seed42_synthetic","synthetic","simulated_lag_10","A","full_sample","transformer","time_contrastive_blocks","42","","M","linear_cka","0.5038412129019401","outputs\runs\clean_rebuild_2026-09-23_seed42_synthetic\stage05_metrics\full_sample\transformer_time_contrastive_blocks.csv"
"clean_rebuild_2026-09-23_seed42_synthetic","synthetic","simulated_lag_10","A","full_sample","transformer","time_contrastive_blocks","42","","eta","procrustes_r2","-0.9754601925593187","outputs\runs\clean_rebuild_2026-09-23_seed42_synthetic\stage05_metrics\full_sample\transformer_time_contrastive_blocks.csv"
"clean_rebuild_2026-09-23_seed42_synthetic","synthetic","simulated_lag_10","A","full_sample","transformer","time_contrastive_blocks","42","","eta","rsa_spearman","-0.00037040430622788714","outputs\runs\clean_rebuild_2026-09-23_seed42_synthetic\stage05_metrics\full_sample\transformer_time_contrastive_blocks.csv"
"clean_rebuild_2026-09-23_seed42_synthetic","synthetic","simulated_lag_10","A","full_sample","transformer","time_contrastive_blocks","42","","eta","rsa_pearson","8.84797581835218e-06","outputs\runs\clean_rebuild_2026-09-23_seed42_synthetic\stage05_metrics\full_sample\transformer_time_contrastive_blocks.csv"
"clean_rebuild_2026-09-23_seed42_synthetic","synthetic","simulated_lag_10","A","full_sample","transformer","time_contrastive_blocks","42","","eta","linear_cka","0.00026517836296689577","outputs\runs\clean_rebuild_2026-09-23_seed42_synthetic\stage05_metrics\full_sample\transformer_time_contrastive_blocks.csv"
"clean_rebuild_2026-09-23_seed42_synthetic","synthetic","simulated_lag_10","A","full_sample","transformer","time_contrastive_blocks","42","","Z","procrustes_r2","0.19200816432419743","outputs\runs\clean_rebuild_2026-09-23_seed42_synthetic\stage05_metrics\full_sample\transformer_time_contrastive_blocks.csv"
"clean_rebuild_2026-09-23_seed42_synthetic","synthetic","simulated_lag_10","A","full_sample","transformer","time_contrastive_blocks","42","","Z","rsa_spearman","0.4569400591013393","outputs\runs\clean_rebuild_2026-09-23_seed42_synthetic\stage05_metrics\full_sample\transformer_time_contrastive_blocks.csv"
"clean_rebuild_2026-09-23_seed42_synthetic","synthetic","simulated_lag_10","A","full_sample","transformer","time_contrastive_blocks","42","","Z","rsa_pearson","0.5007871265117894","outputs\runs\clean_rebuild_2026-09-23_seed42_synthetic\stage05_metrics\full_sample\transformer_time_contrastive_blocks.csv"
"clean_rebuild_2026-09-23_seed42_synthetic","synthetic","simulated_lag_10","A","full_sample","transformer","time_contrastive_blocks","42","","Z","linear_cka","0.49712797559818916","outputs\runs\clean_rebuild_2026-09-23_seed42_synthetic\stage05_metrics\full_sample\transformer_time_contrastive_blocks.csv"
"clean_rebuild_2026-09-23_seed42_synthetic","synthetic","simulated_lag_10","B","full_sample","transformer","time_contrastive_blocks","42","","M","procrustes_r2","0.20591179393613812","outputs\runs\clean_rebuild_2026-09-23_seed42_synthetic\stage05_metrics\full_sample\transformer_time_contrastive_blocks.csv"
"clean_rebuild_2026-09-23_seed42_synthetic","synthetic","simulated_lag_10","B","full_sample","transformer","time_contrastive_blocks","42","","M","rsa_spearman","0.5347923483221915","outputs\runs\clean_rebuild_2026-09-23_seed42_synthetic\stage05_metrics\full_sample\transformer_time_contrastive_blocks.csv"
"clean_rebuild_2026-09-23_seed42_synthetic","synthetic","simulated_lag_10","B","full_sample","transformer","time_contrastive_blocks","42","","M","rsa_pearson","0.5573586597882961","outputs\runs\clean_rebuild_2026-09-23_seed42_synthetic\stage05_metrics\full_sample\transformer_time_contrastive_blocks.csv"
"clean_rebuild_2026-09-23_seed42_synthetic","synthetic","simulated_lag_10","B","full_sample","transformer","time_contrastive_blocks","42","","M","linear_cka","0.5165439783146556","outputs\runs\clean_rebuild_2026-09-23_seed42_synthetic\stage05_metrics\full_sample\transformer_time_contrastive_blocks.csv"
"clean_rebuild_2026-09-23_seed42_synthetic","synthetic","simulated_lag_10","B","full_sample","transformer","time_contrastive_blocks","42","","eta","procrustes_r2","-0.9720110233131058","outputs\runs\clean_rebuild_2026-09-23_seed42_synthetic\stage05_metrics\full_sample\transformer_time_contrastive_blocks.csv"
"clean_rebuild_2026-09-23_seed42_synthetic","synthetic","simulated_lag_10","B","full_sample","transformer","time_contrastive_blocks","42","","eta","rsa_spearman","0.0011575155565306306","outputs\runs\clean_rebuild_2026-09-23_seed42_synthetic\stage05_metrics\full_sample\transformer_time_contrastive_blocks.csv"
"clean_rebuild_2026-09-23_seed42_synthetic","synthetic","simulated_lag_10","B","full_sample","transformer","time_contrastive_blocks","42","","eta","rsa_pearson","-0.0019310254931112721","outputs\runs\clean_rebuild_2026-09-23_seed42_synthetic\stage05_metrics\full_sample\transformer_time_contrastive_blocks.csv"
"clean_rebuild_2026-09-23_seed42_synthetic","synthetic","simulated_lag_10","B","full_sample","transformer","time_contrastive_blocks","42","","eta","linear_cka","0.0003289102786417859","outputs\runs\clean_rebuild_2026-09-23_seed42_synthetic\stage05_metrics\full_sample\transformer_time_contrastive_blocks.csv"
"clean_rebuild_2026-09-23_seed42_synthetic","synthetic","simulated_lag_10","B","full_sample","transformer","time_contrastive_blocks","42","","Z","procrustes_r2","0.19664661823827112","outputs\runs\clean_rebuild_2026-09-23_seed42_synthetic\stage05_metrics\full_sample\transformer_time_contrastive_blocks.csv"
"clean_rebuild_2026-09-23_seed42_synthetic","synthetic","simulated_lag_10","B","full_sample","transformer","time_contrastive_blocks","42","","Z","rsa_spearman","0.5299982557741624","outputs\runs\clean_rebuild_2026-09-23_seed42_synthetic\stage05_metrics\full_sample\transformer_time_contrastive_blocks.csv"
"clean_rebuild_2026-09-23_seed42_synthetic","synthetic","simulated_lag_10","B","full_sample","transformer","time_contrastive_blocks","42","","Z","rsa_pearson","0.5448723257628296","outputs\runs\clean_rebuild_2026-09-23_seed42_synthetic\stage05_metrics\full_sample\transformer_time_contrastive_blocks.csv"
"clean_rebuild_2026-09-23_seed42_synthetic","synthetic","simulated_lag_10","B","full_sample","transformer","time_contrastive_blocks","42","","Z","linear_cka","0.5088092748322308","outputs\runs\clean_rebuild_2026-09-23_seed42_synthetic\stage05_metrics\full_sample\transformer_time_contrastive_blocks.csv"
"clean_rebuild_2026-09-23_seed42_synthetic","synthetic","simulated_lag_10","A_B","full_sample","transformer","time_contrastive_blocks","42","","","estimated_lag_bins","14","outputs\runs\clean_rebuild_2026-09-23_seed42_synthetic\stage05_metrics\full_sample\transformer_time_contrastive_blocks.csv"
"clean_rebuild_2026-09-23_seed42_synthetic","synthetic","simulated_lag_10","A","held_out","cnn1d","behavior_contrastive_blocks","42","","M","procrustes_r2","0.2585958805657823","outputs\runs\clean_rebuild_2026-09-23_seed42_synthetic\stage05_metrics\held_out\cnn1d_behavior_contrastive_blocks.csv"
"clean_rebuild_2026-09-23_seed42_synthetic","synthetic","simulated_lag_10","A","held_out","cnn1d","behavior_contrastive_blocks","42","","M","rsa_spearman","0.315914893764833","outputs\runs\clean_rebuild_2026-09-23_seed42_synthetic\stage05_metrics\held_out\cnn1d_behavior_contrastive_blocks.csv"
"clean_rebuild_2026-09-23_seed42_synthetic","synthetic","simulated_lag_10","A","held_out","cnn1d","behavior_contrastive_blocks","42","","M","rsa_pearson","0.3059159295324387","outputs\runs\clean_rebuild_2026-09-23_seed42_synthetic\stage05_metrics\held_out\cnn1d_behavior_contrastive_blocks.csv"
"clean_rebuild_2026-09-23_seed42_synthetic","synthetic","simulated_lag_10","A","held_out","cnn1d","behavior_contrastive_blocks","42","","M","linear_cka","0.47903439608548504","outputs\runs\clean_rebuild_2026-09-23_seed42_synthetic\stage05_metrics\held_out\cnn1d_behavior_contrastive_blocks.csv"
"clean_rebuild_2026-09-23_seed42_synthetic","synthetic","simulated_lag_10","A","held_out","cnn1d","behavior_contrastive_blocks","42","","eta","procrustes_r2","-0.9097344552006008","outputs\runs\clean_rebuild_2026-09-23_seed42_synthetic\stage05_metrics\held_out\cnn1d_behavior_contrastive_blocks.csv"
"clean_rebuild_2026-09-23_seed42_synthetic","synthetic","simulated_lag_10","A","held_out","cnn1d","behavior_contrastive_blocks","42","","eta","rsa_spearman","-0.0019518845471337377","outputs\runs\clean_rebuild_2026-09-23_seed42_synthetic\stage05_metrics\held_out\cnn1d_behavior_contrastive_blocks.csv"
"clean_rebuild_2026-09-23_seed42_synthetic","synthetic","simulated_lag_10","A","held_out","cnn1d","behavior_contrastive_blocks","42","","eta","rsa_pearson","-0.0024233160943407323","outputs\runs\clean_rebuild_2026-09-23_seed42_synthetic\stage05_metrics\held_out\cnn1d_behavior_contrastive_blocks.csv"
"clean_rebuild_2026-09-23_seed42_synthetic","synthetic","simulated_lag_10","A","held_out","cnn1d","behavior_contrastive_blocks","42","","eta","linear_cka","0.0026767537715516594","outputs\runs\clean_rebuild_2026-09-23_seed42_synthetic\stage05_metrics\held_out\cnn1d_behavior_contrastive_blocks.csv"
"clean_rebuild_2026-09-23_seed42_synthetic","synthetic","simulated_lag_10","A","held_out","cnn1d","behavior_contrastive_blocks","42","","Z","procrustes_r2","0.25771173647100365","outputs\runs\clean_rebuild_2026-09-23_seed42_synthetic\stage05_metrics\held_out\cnn1d_behavior_contrastive_blocks.csv"
"clean_rebuild_2026-09-23_seed42_synthetic","synthetic","simulated_lag_10","A","held_out","cnn1d","behavior_contrastive_blocks","42","","Z","rsa_spearman","0.3156597639976496","outputs\runs\clean_rebuild_2026-09-23_seed42_synthetic\stage05_metrics\held_out\cnn1d_behavior_contrastive_blocks.csv"
"clean_rebuild_2026-09-23_seed42_synthetic","synthetic","simulated_lag_10","A","held_out","cnn1d","behavior_contrastive_blocks","42","","Z","rsa_pearson","0.31049468679343284","outputs\runs\clean_rebuild_2026-09-23_seed42_synthetic\stage05_metrics\held_out\cnn1d_behavior_contrastive_blocks.csv"
"clean_rebuild_2026-09-23_seed42_synthetic","synthetic","simulated_lag_10","A","held_out","cnn1d","behavior_contrastive_blocks","42","","Z","linear_cka","0.4785264619806652","outputs\runs\clean_rebuild_2026-09-23_seed42_synthetic\stage05_metrics\held_out\cnn1d_behavior_contrastive_blocks.csv"
"clean_rebuild_2026-09-23_seed42_synthetic","synthetic","simulated_lag_10","B","held_out","cnn1d","behavior_contrastive_blocks","42","","M","procrustes_r2","0.20670192961442624","outputs\runs\clean_rebuild_2026-09-23_seed42_synthetic\stage05_metrics\held_out\cnn1d_behavior_contrastive_blocks.csv"
"clean_rebuild_2026-09-23_seed42_synthetic","synthetic","simulated_lag_10","B","held_out","cnn1d","behavior_contrastive_blocks","42","","M","rsa_spearman","0.27675929339837757","outputs\runs\clean_rebuild_2026-09-23_seed42_synthetic\stage05_metrics\held_out\cnn1d_behavior_contrastive_blocks.csv"
"clean_rebuild_2026-09-23_seed42_synthetic","synthetic","simulated_lag_10","B","held_out","cnn1d","behavior_contrastive_blocks","42","","M","rsa_pearson","0.2741561045178917","outputs\runs\clean_rebuild_2026-09-23_seed42_synthetic\stage05_metrics\held_out\cnn1d_behavior_contrastive_blocks.csv"
"clean_rebuild_2026-09-23_seed42_synthetic","synthetic","simulated_lag_10","B","held_out","cnn1d","behavior_contrastive_blocks","42","","M","linear_cka","0.44083597872931624","outputs\runs\clean_rebuild_2026-09-23_seed42_synthetic\stage05_metrics\held_out\cnn1d_behavior_contrastive_blocks.csv"
"clean_rebuild_2026-09-23_seed42_synthetic","synthetic","simulated_lag_10","B","held_out","cnn1d","behavior_contrastive_blocks","42","","eta","procrustes_r2","-0.9424066777648932","outputs\runs\clean_rebuild_2026-09-23_seed42_synthetic\stage05_metrics\held_out\cnn1d_behavior_contrastive_blocks.csv"
"clean_rebuild_2026-09-23_seed42_synthetic","synthetic","simulated_lag_10","B","held_out","cnn1d","behavior_contrastive_blocks","42","","eta","rsa_spearman","0.0064950131823896485","outputs\runs\clean_rebuild_2026-09-23_seed42_synthetic\stage05_metrics\held_out\cnn1d_behavior_contrastive_blocks.csv"
"clean_rebuild_2026-09-23_seed42_synthetic","synthetic","simulated_lag_10","B","held_out","cnn1d","behavior_contrastive_blocks","42","","eta","rsa_pearson","0.0060829565425784705","outputs\runs\clean_rebuild_2026-09-23_seed42_synthetic\stage05_metrics\held_out\cnn1d_behavior_contrastive_blocks.csv"
"clean_rebuild_2026-09-23_seed42_synthetic","synthetic","simulated_lag_10","B","held_out","cnn1d","behavior_contrastive_blocks","42","","eta","linear_cka","0.0010740638056889826","outputs\runs\clean_rebuild_2026-09-23_seed42_synthetic\stage05_metrics\held_out\cnn1d_behavior_contrastive_blocks.csv"
"clean_rebuild_2026-09-23_seed42_synthetic","synthetic","simulated_lag_10","B","held_out","cnn1d","behavior_contrastive_blocks","42","","Z","procrustes_r2","0.20231995602020314","outputs\runs\clean_rebuild_2026-09-23_seed42_synthetic\stage05_metrics\held_out\cnn1d_behavior_contrastive_blocks.csv"
"clean_rebuild_2026-09-23_seed42_synthetic","synthetic","simulated_lag_10","B","held_out","cnn1d","behavior_contrastive_blocks","42","","Z","rsa_spearman","0.276408243908545","outputs\runs\clean_rebuild_2026-09-23_seed42_synthetic\stage05_metrics\held_out\cnn1d_behavior_contrastive_blocks.csv"
"clean_rebuild_2026-09-23_seed42_synthetic","synthetic","simulated_lag_10","B","held_out","cnn1d","behavior_contrastive_blocks","42","","Z","rsa_pearson","0.27748074507677783","outputs\runs\clean_rebuild_2026-09-23_seed42_synthetic\stage05_metrics\held_out\cnn1d_behavior_contrastive_blocks.csv"
"clean_rebuild_2026-09-23_seed42_synthetic","synthetic","simulated_lag_10","B","held_out","cnn1d","behavior_contrastive_blocks","42","","Z","linear_cka","0.43772278163347694","outputs\runs\clean_rebuild_2026-09-23_seed42_synthetic\stage05_metrics\held_out\cnn1d_behavior_contrastive_blocks.csv"
"clean_rebuild_2026-09-23_seed42_synthetic","synthetic","simulated_lag_10","A_B","held_out","cnn1d","behavior_contrastive_blocks","42","","","estimated_lag_bins","20","outputs\runs\clean_rebuild_2026-09-23_seed42_synthetic\stage05_metrics\held_out\cnn1d_behavior_contrastive_blocks.csv"
"clean_rebuild_2026-09-23_seed42_synthetic","synthetic","simulated_lag_10","A","held_out","cnn1d","infonce","42","","M","procrustes_r2","0.26458900786348294","outputs\runs\clean_rebuild_2026-09-23_seed42_synthetic\stage05_metrics\held_out\cnn1d_infonce.csv"
"clean_rebuild_2026-09-23_seed42_synthetic","synthetic","simulated_lag_10","A","held_out","cnn1d","infonce","42","","M","rsa_spearman","0.3139323514796541","outputs\runs\clean_rebuild_2026-09-23_seed42_synthetic\stage05_metrics\held_out\cnn1d_infonce.csv"
"clean_rebuild_2026-09-23_seed42_synthetic","synthetic","simulated_lag_10","A","held_out","cnn1d","infonce","42","","M","rsa_pearson","0.3025824414296647","outputs\runs\clean_rebuild_2026-09-23_seed42_synthetic\stage05_metrics\held_out\cnn1d_infonce.csv"
"clean_rebuild_2026-09-23_seed42_synthetic","synthetic","simulated_lag_10","A","held_out","cnn1d","infonce","42","","M","linear_cka","0.47626084400643937","outputs\runs\clean_rebuild_2026-09-23_seed42_synthetic\stage05_metrics\held_out\cnn1d_infonce.csv"
"clean_rebuild_2026-09-23_seed42_synthetic","synthetic","simulated_lag_10","A","held_out","cnn1d","infonce","42","","eta","procrustes_r2","-0.9050389828754717","outputs\runs\clean_rebuild_2026-09-23_seed42_synthetic\stage05_metrics\held_out\cnn1d_infonce.csv"
"clean_rebuild_2026-09-23_seed42_synthetic","synthetic","simulated_lag_10","A","held_out","cnn1d","infonce","42","","eta","rsa_spearman","-0.0024300598840577086","outputs\runs\clean_rebuild_2026-09-23_seed42_synthetic\stage05_metrics\held_out\cnn1d_infonce.csv"
"clean_rebuild_2026-09-23_seed42_synthetic","synthetic","simulated_lag_10","A","held_out","cnn1d","infonce","42","","eta","rsa_pearson","-0.0020975842503292027","outputs\runs\clean_rebuild_2026-09-23_seed42_synthetic\stage05_metrics\held_out\cnn1d_infonce.csv"
"clean_rebuild_2026-09-23_seed42_synthetic","synthetic","simulated_lag_10","A","held_out","cnn1d","infonce","42","","eta","linear_cka","0.002941629477248416","outputs\runs\clean_rebuild_2026-09-23_seed42_synthetic\stage05_metrics\held_out\cnn1d_infonce.csv"
"clean_rebuild_2026-09-23_seed42_synthetic","synthetic","simulated_lag_10","A","held_out","cnn1d","infonce","42","","Z","procrustes_r2","0.2644303726447833","outputs\runs\clean_rebuild_2026-09-23_seed42_synthetic\stage05_metrics\held_out\cnn1d_infonce.csv"
"clean_rebuild_2026-09-23_seed42_synthetic","synthetic","simulated_lag_10","A","held_out","cnn1d","infonce","42","","Z","rsa_spearman","0.3145198467811916","outputs\runs\clean_rebuild_2026-09-23_seed42_synthetic\stage05_metrics\held_out\cnn1d_infonce.csv"
"clean_rebuild_2026-09-23_seed42_synthetic","synthetic","simulated_lag_10","A","held_out","cnn1d","infonce","42","","Z","rsa_pearson","0.3080050205707505","outputs\runs\clean_rebuild_2026-09-23_seed42_synthetic\stage05_metrics\held_out\cnn1d_infonce.csv"
"clean_rebuild_2026-09-23_seed42_synthetic","synthetic","simulated_lag_10","A","held_out","cnn1d","infonce","42","","Z","linear_cka","0.4763756797514837","outputs\runs\clean_rebuild_2026-09-23_seed42_synthetic\stage05_metrics\held_out\cnn1d_infonce.csv"
"clean_rebuild_2026-09-23_seed42_synthetic","synthetic","simulated_lag_10","B","held_out","cnn1d","infonce","42","","M","procrustes_r2","0.1989036305555688","outputs\runs\clean_rebuild_2026-09-23_seed42_synthetic\stage05_metrics\held_out\cnn1d_infonce.csv"
"clean_rebuild_2026-09-23_seed42_synthetic","synthetic","simulated_lag_10","B","held_out","cnn1d","infonce","42","","M","rsa_spearman","0.27147231269197286","outputs\runs\clean_rebuild_2026-09-23_seed42_synthetic\stage05_metrics\held_out\cnn1d_infonce.csv"
"clean_rebuild_2026-09-23_seed42_synthetic","synthetic","simulated_lag_10","B","held_out","cnn1d","infonce","42","","M","rsa_pearson","0.2688126768556287","outputs\runs\clean_rebuild_2026-09-23_seed42_synthetic\stage05_metrics\held_out\cnn1d_infonce.csv"
"clean_rebuild_2026-09-23_seed42_synthetic","synthetic","simulated_lag_10","B","held_out","cnn1d","infonce","42","","M","linear_cka","0.4336272692755825","outputs\runs\clean_rebuild_2026-09-23_seed42_synthetic\stage05_metrics\held_out\cnn1d_infonce.csv"
"clean_rebuild_2026-09-23_seed42_synthetic","synthetic","simulated_lag_10","B","held_out","cnn1d","infonce","42","","eta","procrustes_r2","-0.9315876836032493","outputs\runs\clean_rebuild_2026-09-23_seed42_synthetic\stage05_metrics\held_out\cnn1d_infonce.csv"
"clean_rebuild_2026-09-23_seed42_synthetic","synthetic","simulated_lag_10","B","held_out","cnn1d","infonce","42","","eta","rsa_spearman","0.007569962312995727","outputs\runs\clean_rebuild_2026-09-23_seed42_synthetic\stage05_metrics\held_out\cnn1d_infonce.csv"
"clean_rebuild_2026-09-23_seed42_synthetic","synthetic","simulated_lag_10","B","held_out","cnn1d","infonce","42","","eta","rsa_pearson","0.008559302293620442","outputs\runs\clean_rebuild_2026-09-23_seed42_synthetic\stage05_metrics\held_out\cnn1d_infonce.csv"
"clean_rebuild_2026-09-23_seed42_synthetic","synthetic","simulated_lag_10","B","held_out","cnn1d","infonce","42","","eta","linear_cka","0.001540063570944833","outputs\runs\clean_rebuild_2026-09-23_seed42_synthetic\stage05_metrics\held_out\cnn1d_infonce.csv"
"clean_rebuild_2026-09-23_seed42_synthetic","synthetic","simulated_lag_10","B","held_out","cnn1d","infonce","42","","Z","procrustes_r2","0.19587203598831093","outputs\runs\clean_rebuild_2026-09-23_seed42_synthetic\stage05_metrics\held_out\cnn1d_infonce.csv"
"clean_rebuild_2026-09-23_seed42_synthetic","synthetic","simulated_lag_10","B","held_out","cnn1d","infonce","42","","Z","rsa_spearman","0.2718174908281868","outputs\runs\clean_rebuild_2026-09-23_seed42_synthetic\stage05_metrics\held_out\cnn1d_infonce.csv"
"clean_rebuild_2026-09-23_seed42_synthetic","synthetic","simulated_lag_10","B","held_out","cnn1d","infonce","42","","Z","rsa_pearson","0.2728605181337627","outputs\runs\clean_rebuild_2026-09-23_seed42_synthetic\stage05_metrics\held_out\cnn1d_infonce.csv"
"clean_rebuild_2026-09-23_seed42_synthetic","synthetic","simulated_lag_10","B","held_out","cnn1d","infonce","42","","Z","linear_cka","0.4314738386030711","outputs\runs\clean_rebuild_2026-09-23_seed42_synthetic\stage05_metrics\held_out\cnn1d_infonce.csv"
"clean_rebuild_2026-09-23_seed42_synthetic","synthetic","simulated_lag_10","A_B","held_out","cnn1d","infonce","42","","","estimated_lag_bins","20","outputs\runs\clean_rebuild_2026-09-23_seed42_synthetic\stage05_metrics\held_out\cnn1d_infonce.csv"
"clean_rebuild_2026-09-23_seed42_synthetic","synthetic","simulated_lag_10","A","held_out","cnn1d","soft","42","","M","procrustes_r2","0.38736769107285496","outputs\runs\clean_rebuild_2026-09-23_seed42_synthetic\stage05_metrics\held_out\cnn1d_soft.csv"
"clean_rebuild_2026-09-23_seed42_synthetic","synthetic","simulated_lag_10","A","held_out","cnn1d","soft","42","","M","rsa_spearman","0.6034593202299191","outputs\runs\clean_rebuild_2026-09-23_seed42_synthetic\stage05_metrics\held_out\cnn1d_soft.csv"
"clean_rebuild_2026-09-23_seed42_synthetic","synthetic","simulated_lag_10","A","held_out","cnn1d","soft","42","","M","rsa_pearson","0.5975904169535814","outputs\runs\clean_rebuild_2026-09-23_seed42_synthetic\stage05_metrics\held_out\cnn1d_soft.csv"
"clean_rebuild_2026-09-23_seed42_synthetic","synthetic","simulated_lag_10","A","held_out","cnn1d","soft","42","","M","linear_cka","0.5728304701477077","outputs\runs\clean_rebuild_2026-09-23_seed42_synthetic\stage05_metrics\held_out\cnn1d_soft.csv"
"clean_rebuild_2026-09-23_seed42_synthetic","synthetic","simulated_lag_10","A","held_out","cnn1d","soft","42","","eta","procrustes_r2","-0.9312457063326425","outputs\runs\clean_rebuild_2026-09-23_seed42_synthetic\stage05_metrics\held_out\cnn1d_soft.csv"
"clean_rebuild_2026-09-23_seed42_synthetic","synthetic","simulated_lag_10","A","held_out","cnn1d","soft","42","","eta","rsa_spearman","0.0030732071670979723","outputs\runs\clean_rebuild_2026-09-23_seed42_synthetic\stage05_metrics\held_out\cnn1d_soft.csv"
"clean_rebuild_2026-09-23_seed42_synthetic","synthetic","simulated_lag_10","A","held_out","cnn1d","soft","42","","eta","rsa_pearson","0.0025938985867600284","outputs\runs\clean_rebuild_2026-09-23_seed42_synthetic\stage05_metrics\held_out\cnn1d_soft.csv"
"clean_rebuild_2026-09-23_seed42_synthetic","synthetic","simulated_lag_10","A","held_out","cnn1d","soft","42","","eta","linear_cka","0.0014479665150434824","outputs\runs\clean_rebuild_2026-09-23_seed42_synthetic\stage05_metrics\held_out\cnn1d_soft.csv"
"clean_rebuild_2026-09-23_seed42_synthetic","synthetic","simulated_lag_10","A","held_out","cnn1d","soft","42","","Z","procrustes_r2","0.3801187928830624","outputs\runs\clean_rebuild_2026-09-23_seed42_synthetic\stage05_metrics\held_out\cnn1d_soft.csv"
"clean_rebuild_2026-09-23_seed42_synthetic","synthetic","simulated_lag_10","A","held_out","cnn1d","soft","42","","Z","rsa_spearman","0.59853159549238","outputs\runs\clean_rebuild_2026-09-23_seed42_synthetic\stage05_metrics\held_out\cnn1d_soft.csv"
"clean_rebuild_2026-09-23_seed42_synthetic","synthetic","simulated_lag_10","A","held_out","cnn1d","soft","42","","Z","rsa_pearson","0.590924420181908","outputs\runs\clean_rebuild_2026-09-23_seed42_synthetic\stage05_metrics\held_out\cnn1d_soft.csv"
"clean_rebuild_2026-09-23_seed42_synthetic","synthetic","simulated_lag_10","A","held_out","cnn1d","soft","42","","Z","linear_cka","0.5667651343604161","outputs\runs\clean_rebuild_2026-09-23_seed42_synthetic\stage05_metrics\held_out\cnn1d_soft.csv"
"clean_rebuild_2026-09-23_seed42_synthetic","synthetic","simulated_lag_10","B","held_out","cnn1d","soft","42","","M","procrustes_r2","0.3383147937858453","outputs\runs\clean_rebuild_2026-09-23_seed42_synthetic\stage05_metrics\held_out\cnn1d_soft.csv"
"clean_rebuild_2026-09-23_seed42_synthetic","synthetic","simulated_lag_10","B","held_out","cnn1d","soft","42","","M","rsa_spearman","0.5546471056543525","outputs\runs\clean_rebuild_2026-09-23_seed42_synthetic\stage05_metrics\held_out\cnn1d_soft.csv"
"clean_rebuild_2026-09-23_seed42_synthetic","synthetic","simulated_lag_10","B","held_out","cnn1d","soft","42","","M","rsa_pearson","0.5438099034046402","outputs\runs\clean_rebuild_2026-09-23_seed42_synthetic\stage05_metrics\held_out\cnn1d_soft.csv"
"clean_rebuild_2026-09-23_seed42_synthetic","synthetic","simulated_lag_10","B","held_out","cnn1d","soft","42","","M","linear_cka","0.5350475051761204","outputs\runs\clean_rebuild_2026-09-23_seed42_synthetic\stage05_metrics\held_out\cnn1d_soft.csv"
"clean_rebuild_2026-09-23_seed42_synthetic","synthetic","simulated_lag_10","B","held_out","cnn1d","soft","42","","eta","procrustes_r2","-0.9497697597763042","outputs\runs\clean_rebuild_2026-09-23_seed42_synthetic\stage05_metrics\held_out\cnn1d_soft.csv"
"clean_rebuild_2026-09-23_seed42_synthetic","synthetic","simulated_lag_10","B","held_out","cnn1d","soft","42","","eta","rsa_spearman","0.00829437186682103","outputs\runs\clean_rebuild_2026-09-23_seed42_synthetic\stage05_metrics\held_out\cnn1d_soft.csv"
"clean_rebuild_2026-09-23_seed42_synthetic","synthetic","simulated_lag_10","B","held_out","cnn1d","soft","42","","eta","rsa_pearson","0.009664561259531284","outputs\runs\clean_rebuild_2026-09-23_seed42_synthetic\stage05_metrics\held_out\cnn1d_soft.csv"
"clean_rebuild_2026-09-23_seed42_synthetic","synthetic","simulated_lag_10","B","held_out","cnn1d","soft","42","","eta","linear_cka","0.0007169110608846488","outputs\runs\clean_rebuild_2026-09-23_seed42_synthetic\stage05_metrics\held_out\cnn1d_soft.csv"
"clean_rebuild_2026-09-23_seed42_synthetic","synthetic","simulated_lag_10","B","held_out","cnn1d","soft","42","","Z","procrustes_r2","0.33109996556650567","outputs\runs\clean_rebuild_2026-09-23_seed42_synthetic\stage05_metrics\held_out\cnn1d_soft.csv"
"clean_rebuild_2026-09-23_seed42_synthetic","synthetic","simulated_lag_10","B","held_out","cnn1d","soft","42","","Z","rsa_spearman","0.5504823498120381","outputs\runs\clean_rebuild_2026-09-23_seed42_synthetic\stage05_metrics\held_out\cnn1d_soft.csv"
"clean_rebuild_2026-09-23_seed42_synthetic","synthetic","simulated_lag_10","B","held_out","cnn1d","soft","42","","Z","rsa_pearson","0.5396516169054184","outputs\runs\clean_rebuild_2026-09-23_seed42_synthetic\stage05_metrics\held_out\cnn1d_soft.csv"
"clean_rebuild_2026-09-23_seed42_synthetic","synthetic","simulated_lag_10","B","held_out","cnn1d","soft","42","","Z","linear_cka","0.529357572756078","outputs\runs\clean_rebuild_2026-09-23_seed42_synthetic\stage05_metrics\held_out\cnn1d_soft.csv"
"clean_rebuild_2026-09-23_seed42_synthetic","synthetic","simulated_lag_10","A_B","held_out","cnn1d","soft","42","","","estimated_lag_bins","10","outputs\runs\clean_rebuild_2026-09-23_seed42_synthetic\stage05_metrics\held_out\cnn1d_soft.csv"
"clean_rebuild_2026-09-23_seed42_synthetic","synthetic","simulated_lag_10","A","held_out","cnn1d","time_contrastive_blocks","42","","M","procrustes_r2","0.7000841275860528","outputs\runs\clean_rebuild_2026-09-23_seed42_synthetic\stage05_metrics\held_out\cnn1d_time_contrastive_blocks.csv"
"clean_rebuild_2026-09-23_seed42_synthetic","synthetic","simulated_lag_10","A","held_out","cnn1d","time_contrastive_blocks","42","","M","rsa_spearman","0.6067853767949452","outputs\runs\clean_rebuild_2026-09-23_seed42_synthetic\stage05_metrics\held_out\cnn1d_time_contrastive_blocks.csv"
"clean_rebuild_2026-09-23_seed42_synthetic","synthetic","simulated_lag_10","A","held_out","cnn1d","time_contrastive_blocks","42","","M","rsa_pearson","0.6479976429836118","outputs\runs\clean_rebuild_2026-09-23_seed42_synthetic\stage05_metrics\held_out\cnn1d_time_contrastive_blocks.csv"
"clean_rebuild_2026-09-23_seed42_synthetic","synthetic","simulated_lag_10","A","held_out","cnn1d","time_contrastive_blocks","42","","M","linear_cka","0.7110737548015541","outputs\runs\clean_rebuild_2026-09-23_seed42_synthetic\stage05_metrics\held_out\cnn1d_time_contrastive_blocks.csv"
"clean_rebuild_2026-09-23_seed42_synthetic","synthetic","simulated_lag_10","A","held_out","cnn1d","time_contrastive_blocks","42","","eta","procrustes_r2","-0.9163079573900224","outputs\runs\clean_rebuild_2026-09-23_seed42_synthetic\stage05_metrics\held_out\cnn1d_time_contrastive_blocks.csv"
"clean_rebuild_2026-09-23_seed42_synthetic","synthetic","simulated_lag_10","A","held_out","cnn1d","time_contrastive_blocks","42","","eta","rsa_spearman","-0.0006038795374769572","outputs\runs\clean_rebuild_2026-09-23_seed42_synthetic\stage05_metrics\held_out\cnn1d_time_contrastive_blocks.csv"
"clean_rebuild_2026-09-23_seed42_synthetic","synthetic","simulated_lag_10","A","held_out","cnn1d","time_contrastive_blocks","42","","eta","rsa_pearson","-0.0010775573462122544","outputs\runs\clean_rebuild_2026-09-23_seed42_synthetic\stage05_metrics\held_out\cnn1d_time_contrastive_blocks.csv"
"clean_rebuild_2026-09-23_seed42_synthetic","synthetic","simulated_lag_10","A","held_out","cnn1d","time_contrastive_blocks","42","","eta","linear_cka","0.0019997753194361105","outputs\runs\clean_rebuild_2026-09-23_seed42_synthetic\stage05_metrics\held_out\cnn1d_time_contrastive_blocks.csv"
"clean_rebuild_2026-09-23_seed42_synthetic","synthetic","simulated_lag_10","A","held_out","cnn1d","time_contrastive_blocks","42","","Z","procrustes_r2","0.6933634410572033","outputs\runs\clean_rebuild_2026-09-23_seed42_synthetic\stage05_metrics\held_out\cnn1d_time_contrastive_blocks.csv"
"clean_rebuild_2026-09-23_seed42_synthetic","synthetic","simulated_lag_10","A","held_out","cnn1d","time_contrastive_blocks","42","","Z","rsa_spearman","0.6032777192725381","outputs\runs\clean_rebuild_2026-09-23_seed42_synthetic\stage05_metrics\held_out\cnn1d_time_contrastive_blocks.csv"
"clean_rebuild_2026-09-23_seed42_synthetic","synthetic","simulated_lag_10","A","held_out","cnn1d","time_contrastive_blocks","42","","Z","rsa_pearson","0.6397319631234087","outputs\runs\clean_rebuild_2026-09-23_seed42_synthetic\stage05_metrics\held_out\cnn1d_time_contrastive_blocks.csv"
"clean_rebuild_2026-09-23_seed42_synthetic","synthetic","simulated_lag_10","A","held_out","cnn1d","time_contrastive_blocks","42","","Z","linear_cka","0.7056410336775966","outputs\runs\clean_rebuild_2026-09-23_seed42_synthetic\stage05_metrics\held_out\cnn1d_time_contrastive_blocks.csv"
"clean_rebuild_2026-09-23_seed42_synthetic","synthetic","simulated_lag_10","B","held_out","cnn1d","time_contrastive_blocks","42","","M","procrustes_r2","0.6195534975054257","outputs\runs\clean_rebuild_2026-09-23_seed42_synthetic\stage05_metrics\held_out\cnn1d_time_contrastive_blocks.csv"
"clean_rebuild_2026-09-23_seed42_synthetic","synthetic","simulated_lag_10","B","held_out","cnn1d","time_contrastive_blocks","42","","M","rsa_spearman","0.5293249858718649","outputs\runs\clean_rebuild_2026-09-23_seed42_synthetic\stage05_metrics\held_out\cnn1d_time_contrastive_blocks.csv"
"clean_rebuild_2026-09-23_seed42_synthetic","synthetic","simulated_lag_10","B","held_out","cnn1d","time_contrastive_blocks","42","","M","rsa_pearson","0.5553026752872254","outputs\runs\clean_rebuild_2026-09-23_seed42_synthetic\stage05_metrics\held_out\cnn1d_time_contrastive_blocks.csv"
"clean_rebuild_2026-09-23_seed42_synthetic","synthetic","simulated_lag_10","B","held_out","cnn1d","time_contrastive_blocks","42","","M","linear_cka","0.6464656786318573","outputs\runs\clean_rebuild_2026-09-23_seed42_synthetic\stage05_metrics\held_out\cnn1d_time_contrastive_blocks.csv"
"clean_rebuild_2026-09-23_seed42_synthetic","synthetic","simulated_lag_10","B","held_out","cnn1d","time_contrastive_blocks","42","","eta","procrustes_r2","-0.9205218434343514","outputs\runs\clean_rebuild_2026-09-23_seed42_synthetic\stage05_metrics\held_out\cnn1d_time_contrastive_blocks.csv"
"clean_rebuild_2026-09-23_seed42_synthetic","synthetic","simulated_lag_10","B","held_out","cnn1d","time_contrastive_blocks","42","","eta","rsa_spearman","2.5283745701555933e-05","outputs\runs\clean_rebuild_2026-09-23_seed42_synthetic\stage05_metrics\held_out\cnn1d_time_contrastive_blocks.csv"
"clean_rebuild_2026-09-23_seed42_synthetic","synthetic","simulated_lag_10","B","held_out","cnn1d","time_contrastive_blocks","42","","eta","rsa_pearson","-0.0004214388482587767","outputs\runs\clean_rebuild_2026-09-23_seed42_synthetic\stage05_metrics\held_out\cnn1d_time_contrastive_blocks.csv"
"clean_rebuild_2026-09-23_seed42_synthetic","synthetic","simulated_lag_10","B","held_out","cnn1d","time_contrastive_blocks","42","","eta","linear_cka","0.0016734305012659878","outputs\runs\clean_rebuild_2026-09-23_seed42_synthetic\stage05_metrics\held_out\cnn1d_time_contrastive_blocks.csv"
"clean_rebuild_2026-09-23_seed42_synthetic","synthetic","simulated_lag_10","B","held_out","cnn1d","time_contrastive_blocks","42","","Z","procrustes_r2","0.613641240076941","outputs\runs\clean_rebuild_2026-09-23_seed42_synthetic\stage05_metrics\held_out\cnn1d_time_contrastive_blocks.csv"
"clean_rebuild_2026-09-23_seed42_synthetic","synthetic","simulated_lag_10","B","held_out","cnn1d","time_contrastive_blocks","42","","Z","rsa_spearman","0.5263256759914771","outputs\runs\clean_rebuild_2026-09-23_seed42_synthetic\stage05_metrics\held_out\cnn1d_time_contrastive_blocks.csv"
"clean_rebuild_2026-09-23_seed42_synthetic","synthetic","simulated_lag_10","B","held_out","cnn1d","time_contrastive_blocks","42","","Z","rsa_pearson","0.5488136131056695","outputs\runs\clean_rebuild_2026-09-23_seed42_synthetic\stage05_metrics\held_out\cnn1d_time_contrastive_blocks.csv"
"clean_rebuild_2026-09-23_seed42_synthetic","synthetic","simulated_lag_10","B","held_out","cnn1d","time_contrastive_blocks","42","","Z","linear_cka","0.6419845904985392","outputs\runs\clean_rebuild_2026-09-23_seed42_synthetic\stage05_metrics\held_out\cnn1d_time_contrastive_blocks.csv"
"clean_rebuild_2026-09-23_seed42_synthetic","synthetic","simulated_lag_10","A_B","held_out","cnn1d","time_contrastive_blocks","42","","","estimated_lag_bins","9","outputs\runs\clean_rebuild_2026-09-23_seed42_synthetic\stage05_metrics\held_out\cnn1d_time_contrastive_blocks.csv"
"clean_rebuild_2026-09-23_seed42_synthetic","synthetic","simulated_lag_10","A","held_out","pca","none","42","","M","procrustes_r2","0.7389422103142365","outputs\runs\clean_rebuild_2026-09-23_seed42_synthetic\stage05_metrics\held_out\pca_none.csv"
"clean_rebuild_2026-09-23_seed42_synthetic","synthetic","simulated_lag_10","A","held_out","pca","none","42","","M","rsa_spearman","0.6886684062448599","outputs\runs\clean_rebuild_2026-09-23_seed42_synthetic\stage05_metrics\held_out\pca_none.csv"
"clean_rebuild_2026-09-23_seed42_synthetic","synthetic","simulated_lag_10","A","held_out","pca","none","42","","M","rsa_pearson","0.7451979871314357","outputs\runs\clean_rebuild_2026-09-23_seed42_synthetic\stage05_metrics\held_out\pca_none.csv"
"clean_rebuild_2026-09-23_seed42_synthetic","synthetic","simulated_lag_10","A","held_out","pca","none","42","","M","linear_cka","0.7231323377978576","outputs\runs\clean_rebuild_2026-09-23_seed42_synthetic\stage05_metrics\held_out\pca_none.csv"
"clean_rebuild_2026-09-23_seed42_synthetic","synthetic","simulated_lag_10","A","held_out","pca","none","42","","eta","procrustes_r2","-0.9339111802158071","outputs\runs\clean_rebuild_2026-09-23_seed42_synthetic\stage05_metrics\held_out\pca_none.csv"
"clean_rebuild_2026-09-23_seed42_synthetic","synthetic","simulated_lag_10","A","held_out","pca","none","42","","eta","rsa_spearman","0.0011028067859233947","outputs\runs\clean_rebuild_2026-09-23_seed42_synthetic\stage05_metrics\held_out\pca_none.csv"
"clean_rebuild_2026-09-23_seed42_synthetic","synthetic","simulated_lag_10","A","held_out","pca","none","42","","eta","rsa_pearson","0.0007201111704912551","outputs\runs\clean_rebuild_2026-09-23_seed42_synthetic\stage05_metrics\held_out\pca_none.csv"
"clean_rebuild_2026-09-23_seed42_synthetic","synthetic","simulated_lag_10","A","held_out","pca","none","42","","eta","linear_cka","0.001192221737107497","outputs\runs\clean_rebuild_2026-09-23_seed42_synthetic\stage05_metrics\held_out\pca_none.csv"
"clean_rebuild_2026-09-23_seed42_synthetic","synthetic","simulated_lag_10","A","held_out","pca","none","42","","Z","procrustes_r2","0.7306728793490858","outputs\runs\clean_rebuild_2026-09-23_seed42_synthetic\stage05_metrics\held_out\pca_none.csv"
"clean_rebuild_2026-09-23_seed42_synthetic","synthetic","simulated_lag_10","A","held_out","pca","none","42","","Z","rsa_spearman","0.684719748641134","outputs\runs\clean_rebuild_2026-09-23_seed42_synthetic\stage05_metrics\held_out\pca_none.csv"
"clean_rebuild_2026-09-23_seed42_synthetic","synthetic","simulated_lag_10","A","held_out","pca","none","42","","Z","rsa_pearson","0.7337262106648175","outputs\runs\clean_rebuild_2026-09-23_seed42_synthetic\stage05_metrics\held_out\pca_none.csv"
"clean_rebuild_2026-09-23_seed42_synthetic","synthetic","simulated_lag_10","A","held_out","pca","none","42","","Z","linear_cka","0.7163416460053507","outputs\runs\clean_rebuild_2026-09-23_seed42_synthetic\stage05_metrics\held_out\pca_none.csv"
"clean_rebuild_2026-09-23_seed42_synthetic","synthetic","simulated_lag_10","B","held_out","pca","none","42","","M","procrustes_r2","0.7180000061879186","outputs\runs\clean_rebuild_2026-09-23_seed42_synthetic\stage05_metrics\held_out\pca_none.csv"
"clean_rebuild_2026-09-23_seed42_synthetic","synthetic","simulated_lag_10","B","held_out","pca","none","42","","M","rsa_spearman","0.6792973697854424","outputs\runs\clean_rebuild_2026-09-23_seed42_synthetic\stage05_metrics\held_out\pca_none.csv"
"clean_rebuild_2026-09-23_seed42_synthetic","synthetic","simulated_lag_10","B","held_out","pca","none","42","","M","rsa_pearson","0.7043077623831285","outputs\runs\clean_rebuild_2026-09-23_seed42_synthetic\stage05_metrics\held_out\pca_none.csv"
"clean_rebuild_2026-09-23_seed42_synthetic","synthetic","simulated_lag_10","B","held_out","pca","none","42","","M","linear_cka","0.7216891246294512","outputs\runs\clean_rebuild_2026-09-23_seed42_synthetic\stage05_metrics\held_out\pca_none.csv"
"clean_rebuild_2026-09-23_seed42_synthetic","synthetic","simulated_lag_10","B","held_out","pca","none","42","","eta","procrustes_r2","-0.9321732850960092","outputs\runs\clean_rebuild_2026-09-23_seed42_synthetic\stage05_metrics\held_out\pca_none.csv"
"clean_rebuild_2026-09-23_seed42_synthetic","synthetic","simulated_lag_10","B","held_out","pca","none","42","","eta","rsa_spearman","0.0015831696380746814","outputs\runs\clean_rebuild_2026-09-23_seed42_synthetic\stage05_metrics\held_out\pca_none.csv"
"clean_rebuild_2026-09-23_seed42_synthetic","synthetic","simulated_lag_10","B","held_out","pca","none","42","","eta","rsa_pearson","0.0014123728198377821","outputs\runs\clean_rebuild_2026-09-23_seed42_synthetic\stage05_metrics\held_out\pca_none.csv"
"clean_rebuild_2026-09-23_seed42_synthetic","synthetic","simulated_lag_10","B","held_out","pca","none","42","","eta","linear_cka","0.00127179893779327","outputs\runs\clean_rebuild_2026-09-23_seed42_synthetic\stage05_metrics\held_out\pca_none.csv"
"clean_rebuild_2026-09-23_seed42_synthetic","synthetic","simulated_lag_10","B","held_out","pca","none","42","","Z","procrustes_r2","0.7094471026857714","outputs\runs\clean_rebuild_2026-09-23_seed42_synthetic\stage05_metrics\held_out\pca_none.csv"
"clean_rebuild_2026-09-23_seed42_synthetic","synthetic","simulated_lag_10","B","held_out","pca","none","42","","Z","rsa_spearman","0.6737575103807113","outputs\runs\clean_rebuild_2026-09-23_seed42_synthetic\stage05_metrics\held_out\pca_none.csv"
"clean_rebuild_2026-09-23_seed42_synthetic","synthetic","simulated_lag_10","B","held_out","pca","none","42","","Z","rsa_pearson","0.6941122811225748","outputs\runs\clean_rebuild_2026-09-23_seed42_synthetic\stage05_metrics\held_out\pca_none.csv"
"clean_rebuild_2026-09-23_seed42_synthetic","synthetic","simulated_lag_10","B","held_out","pca","none","42","","Z","linear_cka","0.7148061350424426","outputs\runs\clean_rebuild_2026-09-23_seed42_synthetic\stage05_metrics\held_out\pca_none.csv"
"clean_rebuild_2026-09-23_seed42_synthetic","synthetic","simulated_lag_10","A_B","held_out","pca","none","42","","","estimated_lag_bins","6","outputs\runs\clean_rebuild_2026-09-23_seed42_synthetic\stage05_metrics\held_out\pca_none.csv"
"clean_rebuild_2026-09-23_seed42_synthetic","synthetic","simulated_lag_10","A","held_out","transformer","behavior_contrastive_blocks","42","","M","procrustes_r2","0.2832349030412511","outputs\runs\clean_rebuild_2026-09-23_seed42_synthetic\stage05_metrics\held_out\transformer_behavior_contrastive_blocks.csv"
"clean_rebuild_2026-09-23_seed42_synthetic","synthetic","simulated_lag_10","A","held_out","transformer","behavior_contrastive_blocks","42","","M","rsa_spearman","0.31554648486570563","outputs\runs\clean_rebuild_2026-09-23_seed42_synthetic\stage05_metrics\held_out\transformer_behavior_contrastive_blocks.csv"
"clean_rebuild_2026-09-23_seed42_synthetic","synthetic","simulated_lag_10","A","held_out","transformer","behavior_contrastive_blocks","42","","M","rsa_pearson","0.3053442714853082","outputs\runs\clean_rebuild_2026-09-23_seed42_synthetic\stage05_metrics\held_out\transformer_behavior_contrastive_blocks.csv"
"clean_rebuild_2026-09-23_seed42_synthetic","synthetic","simulated_lag_10","A","held_out","transformer","behavior_contrastive_blocks","42","","M","linear_cka","0.47686198284666553","outputs\runs\clean_rebuild_2026-09-23_seed42_synthetic\stage05_metrics\held_out\transformer_behavior_contrastive_blocks.csv"
"clean_rebuild_2026-09-23_seed42_synthetic","synthetic","simulated_lag_10","A","held_out","transformer","behavior_contrastive_blocks","42","","eta","procrustes_r2","-0.9172979375587207","outputs\runs\clean_rebuild_2026-09-23_seed42_synthetic\stage05_metrics\held_out\transformer_behavior_contrastive_blocks.csv"
"clean_rebuild_2026-09-23_seed42_synthetic","synthetic","simulated_lag_10","A","held_out","transformer","behavior_contrastive_blocks","42","","eta","rsa_spearman","-0.0032128707508556416","outputs\runs\clean_rebuild_2026-09-23_seed42_synthetic\stage05_metrics\held_out\transformer_behavior_contrastive_blocks.csv"
"clean_rebuild_2026-09-23_seed42_synthetic","synthetic","simulated_lag_10","A","held_out","transformer","behavior_contrastive_blocks","42","","eta","rsa_pearson","-0.0019251726116496358","outputs\runs\clean_rebuild_2026-09-23_seed42_synthetic\stage05_metrics\held_out\transformer_behavior_contrastive_blocks.csv"
"clean_rebuild_2026-09-23_seed42_synthetic","synthetic","simulated_lag_10","A","held_out","transformer","behavior_contrastive_blocks","42","","eta","linear_cka","0.0020752833852454317","outputs\runs\clean_rebuild_2026-09-23_seed42_synthetic\stage05_metrics\held_out\transformer_behavior_contrastive_blocks.csv"
"clean_rebuild_2026-09-23_seed42_synthetic","synthetic","simulated_lag_10","A","held_out","transformer","behavior_contrastive_blocks","42","","Z","procrustes_r2","0.2813183799857242","outputs\runs\clean_rebuild_2026-09-23_seed42_synthetic\stage05_metrics\held_out\transformer_behavior_contrastive_blocks.csv"
"clean_rebuild_2026-09-23_seed42_synthetic","synthetic","simulated_lag_10","A","held_out","transformer","behavior_contrastive_blocks","42","","Z","rsa_spearman","0.31444191488645545","outputs\runs\clean_rebuild_2026-09-23_seed42_synthetic\stage05_metrics\held_out\transformer_behavior_contrastive_blocks.csv"
"clean_rebuild_2026-09-23_seed42_synthetic","synthetic","simulated_lag_10","A","held_out","transformer","behavior_contrastive_blocks","42","","Z","rsa_pearson","0.3092004002654335","outputs\runs\clean_rebuild_2026-09-23_seed42_synthetic\stage05_metrics\held_out\transformer_behavior_contrastive_blocks.csv"
"clean_rebuild_2026-09-23_seed42_synthetic","synthetic","simulated_lag_10","A","held_out","transformer","behavior_contrastive_blocks","42","","Z","linear_cka","0.4754307097682111","outputs\runs\clean_rebuild_2026-09-23_seed42_synthetic\stage05_metrics\held_out\transformer_behavior_contrastive_blocks.csv"
"clean_rebuild_2026-09-23_seed42_synthetic","synthetic","simulated_lag_10","B","held_out","transformer","behavior_contrastive_blocks","42","","M","procrustes_r2","0.39138296414787754","outputs\runs\clean_rebuild_2026-09-23_seed42_synthetic\stage05_metrics\held_out\transformer_behavior_contrastive_blocks.csv"
"clean_rebuild_2026-09-23_seed42_synthetic","synthetic","simulated_lag_10","B","held_out","transformer","behavior_contrastive_blocks","42","","M","rsa_spearman","0.6372106099532825","outputs\runs\clean_rebuild_2026-09-23_seed42_synthetic\stage05_metrics\held_out\transformer_behavior_contrastive_blocks.csv"
"clean_rebuild_2026-09-23_seed42_synthetic","synthetic","simulated_lag_10","B","held_out","transformer","behavior_contrastive_blocks","42","","M","rsa_pearson","0.6273154072510423","outputs\runs\clean_rebuild_2026-09-23_seed42_synthetic\stage05_metrics\held_out\transformer_behavior_contrastive_blocks.csv"
"clean_rebuild_2026-09-23_seed42_synthetic","synthetic","simulated_lag_10","B","held_out","transformer","behavior_contrastive_blocks","42","","M","linear_cka","0.569182606354432","outputs\runs\clean_rebuild_2026-09-23_seed42_synthetic\stage05_metrics\held_out\transformer_behavior_contrastive_blocks.csv"
"clean_rebuild_2026-09-23_seed42_synthetic","synthetic","simulated_lag_10","B","held_out","transformer","behavior_contrastive_blocks","42","","eta","procrustes_r2","-0.9325468454886661","outputs\runs\clean_rebuild_2026-09-23_seed42_synthetic\stage05_metrics\held_out\transformer_behavior_contrastive_blocks.csv"
"clean_rebuild_2026-09-23_seed42_synthetic","synthetic","simulated_lag_10","B","held_out","transformer","behavior_contrastive_blocks","42","","eta","rsa_spearman","0.008864545419244509","outputs\runs\clean_rebuild_2026-09-23_seed42_synthetic\stage05_metrics\held_out\transformer_behavior_contrastive_blocks.csv"
"clean_rebuild_2026-09-23_seed42_synthetic","synthetic","simulated_lag_10","B","held_out","transformer","behavior_contrastive_blocks","42","","eta","rsa_pearson","0.007278600188077339","outputs\runs\clean_rebuild_2026-09-23_seed42_synthetic\stage05_metrics\held_out\transformer_behavior_contrastive_blocks.csv"
"clean_rebuild_2026-09-23_seed42_synthetic","synthetic","simulated_lag_10","B","held_out","transformer","behavior_contrastive_blocks","42","","eta","linear_cka","0.00138339360007434","outputs\runs\clean_rebuild_2026-09-23_seed42_synthetic\stage05_metrics\held_out\transformer_behavior_contrastive_blocks.csv"
"clean_rebuild_2026-09-23_seed42_synthetic","synthetic","simulated_lag_10","B","held_out","transformer","behavior_contrastive_blocks","42","","Z","procrustes_r2","0.3851272610663996","outputs\runs\clean_rebuild_2026-09-23_seed42_synthetic\stage05_metrics\held_out\transformer_behavior_contrastive_blocks.csv"
"clean_rebuild_2026-09-23_seed42_synthetic","synthetic","simulated_lag_10","B","held_out","transformer","behavior_contrastive_blocks","42","","Z","rsa_spearman","0.6341603422758457","outputs\runs\clean_rebuild_2026-09-23_seed42_synthetic\stage05_metrics\held_out\transformer_behavior_contrastive_blocks.csv"
"clean_rebuild_2026-09-23_seed42_synthetic","synthetic","simulated_lag_10","B","held_out","transformer","behavior_contrastive_blocks","42","","Z","rsa_pearson","0.625514457306094","outputs\runs\clean_rebuild_2026-09-23_seed42_synthetic\stage05_metrics\held_out\transformer_behavior_contrastive_blocks.csv"
"clean_rebuild_2026-09-23_seed42_synthetic","synthetic","simulated_lag_10","B","held_out","transformer","behavior_contrastive_blocks","42","","Z","linear_cka","0.5635732342007977","outputs\runs\clean_rebuild_2026-09-23_seed42_synthetic\stage05_metrics\held_out\transformer_behavior_contrastive_blocks.csv"
"clean_rebuild_2026-09-23_seed42_synthetic","synthetic","simulated_lag_10","A_B","held_out","transformer","behavior_contrastive_blocks","42","","","estimated_lag_bins","20","outputs\runs\clean_rebuild_2026-09-23_seed42_synthetic\stage05_metrics\held_out\transformer_behavior_contrastive_blocks.csv"
"clean_rebuild_2026-09-23_seed42_synthetic","synthetic","simulated_lag_10","A","held_out","transformer","infonce","42","","M","procrustes_r2","0.27109344052838535","outputs\runs\clean_rebuild_2026-09-23_seed42_synthetic\stage05_metrics\held_out\transformer_infonce.csv"
"clean_rebuild_2026-09-23_seed42_synthetic","synthetic","simulated_lag_10","A","held_out","transformer","infonce","42","","M","rsa_spearman","0.33544312440052837","outputs\runs\clean_rebuild_2026-09-23_seed42_synthetic\stage05_metrics\held_out\transformer_infonce.csv"
"clean_rebuild_2026-09-23_seed42_synthetic","synthetic","simulated_lag_10","A","held_out","transformer","infonce","42","","M","rsa_pearson","0.3307055634537327","outputs\runs\clean_rebuild_2026-09-23_seed42_synthetic\stage05_metrics\held_out\transformer_infonce.csv"
"clean_rebuild_2026-09-23_seed42_synthetic","synthetic","simulated_lag_10","A","held_out","transformer","infonce","42","","M","linear_cka","0.46367245671472274","outputs\runs\clean_rebuild_2026-09-23_seed42_synthetic\stage05_metrics\held_out\transformer_infonce.csv"
"clean_rebuild_2026-09-23_seed42_synthetic","synthetic","simulated_lag_10","A","held_out","transformer","infonce","42","","eta","procrustes_r2","-0.9067214027964061","outputs\runs\clean_rebuild_2026-09-23_seed42_synthetic\stage05_metrics\held_out\transformer_infonce.csv"
"clean_rebuild_2026-09-23_seed42_synthetic","synthetic","simulated_lag_10","A","held_out","transformer","infonce","42","","eta","rsa_spearman","-0.002691756756768519","outputs\runs\clean_rebuild_2026-09-23_seed42_synthetic\stage05_metrics\held_out\transformer_infonce.csv"
"clean_rebuild_2026-09-23_seed42_synthetic","synthetic","simulated_lag_10","A","held_out","transformer","infonce","42","","eta","rsa_pearson","-0.003130223515454588","outputs\runs\clean_rebuild_2026-09-23_seed42_synthetic\stage05_metrics\held_out\transformer_infonce.csv"
"clean_rebuild_2026-09-23_seed42_synthetic","synthetic","simulated_lag_10","A","held_out","transformer","infonce","42","","eta","linear_cka","0.0031593567669578027","outputs\runs\clean_rebuild_2026-09-23_seed42_synthetic\stage05_metrics\held_out\transformer_infonce.csv"
"clean_rebuild_2026-09-23_seed42_synthetic","synthetic","simulated_lag_10","A","held_out","transformer","infonce","42","","Z","procrustes_r2","0.2697879941976","outputs\runs\clean_rebuild_2026-09-23_seed42_synthetic\stage05_metrics\held_out\transformer_infonce.csv"
"clean_rebuild_2026-09-23_seed42_synthetic","synthetic","simulated_lag_10","A","held_out","transformer","infonce","42","","Z","rsa_spearman","0.33724967098034536","outputs\runs\clean_rebuild_2026-09-23_seed42_synthetic\stage05_metrics\held_out\transformer_infonce.csv"
"clean_rebuild_2026-09-23_seed42_synthetic","synthetic","simulated_lag_10","A","held_out","transformer","infonce","42","","Z","rsa_pearson","0.33523520793173694","outputs\runs\clean_rebuild_2026-09-23_seed42_synthetic\stage05_metrics\held_out\transformer_infonce.csv"
"clean_rebuild_2026-09-23_seed42_synthetic","synthetic","simulated_lag_10","A","held_out","transformer","infonce","42","","Z","linear_cka","0.46356063467682423","outputs\runs\clean_rebuild_2026-09-23_seed42_synthetic\stage05_metrics\held_out\transformer_infonce.csv"
"clean_rebuild_2026-09-23_seed42_synthetic","synthetic","simulated_lag_10","B","held_out","transformer","infonce","42","","M","procrustes_r2","0.2611087355389483","outputs\runs\clean_rebuild_2026-09-23_seed42_synthetic\stage05_metrics\held_out\transformer_infonce.csv"
"clean_rebuild_2026-09-23_seed42_synthetic","synthetic","simulated_lag_10","B","held_out","transformer","infonce","42","","M","rsa_spearman","0.3298052845495665","outputs\runs\clean_rebuild_2026-09-23_seed42_synthetic\stage05_metrics\held_out\transformer_infonce.csv"
"clean_rebuild_2026-09-23_seed42_synthetic","synthetic","simulated_lag_10","B","held_out","transformer","infonce","42","","M","rsa_pearson","0.3213378556052744","outputs\runs\clean_rebuild_2026-09-23_seed42_synthetic\stage05_metrics\held_out\transformer_infonce.csv"
"clean_rebuild_2026-09-23_seed42_synthetic","synthetic","simulated_lag_10","B","held_out","transformer","infonce","42","","M","linear_cka","0.45034950922209976","outputs\runs\clean_rebuild_2026-09-23_seed42_synthetic\stage05_metrics\held_out\transformer_infonce.csv"
"clean_rebuild_2026-09-23_seed42_synthetic","synthetic","simulated_lag_10","B","held_out","transformer","infonce","42","","eta","procrustes_r2","-0.9603119830520643","outputs\runs\clean_rebuild_2026-09-23_seed42_synthetic\stage05_metrics\held_out\transformer_infonce.csv"
"clean_rebuild_2026-09-23_seed42_synthetic","synthetic","simulated_lag_10","B","held_out","transformer","infonce","42","","eta","rsa_spearman","-0.0024807082441894025","outputs\runs\clean_rebuild_2026-09-23_seed42_synthetic\stage05_metrics\held_out\transformer_infonce.csv"
"clean_rebuild_2026-09-23_seed42_synthetic","synthetic","simulated_lag_10","B","held_out","transformer","infonce","42","","eta","rsa_pearson","-0.0016761159811258227","outputs\runs\clean_rebuild_2026-09-23_seed42_synthetic\stage05_metrics\held_out\transformer_infonce.csv"
"clean_rebuild_2026-09-23_seed42_synthetic","synthetic","simulated_lag_10","B","held_out","transformer","infonce","42","","eta","linear_cka","0.00047357294709786835","outputs\runs\clean_rebuild_2026-09-23_seed42_synthetic\stage05_metrics\held_out\transformer_infonce.csv"
"clean_rebuild_2026-09-23_seed42_synthetic","synthetic","simulated_lag_10","B","held_out","transformer","infonce","42","","Z","procrustes_r2","0.25424066099043174","outputs\runs\clean_rebuild_2026-09-23_seed42_synthetic\stage05_metrics\held_out\transformer_infonce.csv"
"clean_rebuild_2026-09-23_seed42_synthetic","synthetic","simulated_lag_10","B","held_out","transformer","infonce","42","","Z","rsa_spearman","0.3277141772905317","outputs\runs\clean_rebuild_2026-09-23_seed42_synthetic\stage05_metrics\held_out\transformer_infonce.csv"
"clean_rebuild_2026-09-23_seed42_synthetic","synthetic","simulated_lag_10","B","held_out","transformer","infonce","42","","Z","rsa_pearson","0.32237832299513747","outputs\runs\clean_rebuild_2026-09-23_seed42_synthetic\stage05_metrics\held_out\transformer_infonce.csv"
"clean_rebuild_2026-09-23_seed42_synthetic","synthetic","simulated_lag_10","B","held_out","transformer","infonce","42","","Z","linear_cka","0.44582929490854184","outputs\runs\clean_rebuild_2026-09-23_seed42_synthetic\stage05_metrics\held_out\transformer_infonce.csv"
"clean_rebuild_2026-09-23_seed42_synthetic","synthetic","simulated_lag_10","A_B","held_out","transformer","infonce","42","","","estimated_lag_bins","20","outputs\runs\clean_rebuild_2026-09-23_seed42_synthetic\stage05_metrics\held_out\transformer_infonce.csv"
"clean_rebuild_2026-09-23_seed42_synthetic","synthetic","simulated_lag_10","A","held_out","transformer","soft","42","","M","procrustes_r2","0.38117772384535276","outputs\runs\clean_rebuild_2026-09-23_seed42_synthetic\stage05_metrics\held_out\transformer_soft.csv"
"clean_rebuild_2026-09-23_seed42_synthetic","synthetic","simulated_lag_10","A","held_out","transformer","soft","42","","M","rsa_spearman","0.5816272170336878","outputs\runs\clean_rebuild_2026-09-23_seed42_synthetic\stage05_metrics\held_out\transformer_soft.csv"
"clean_rebuild_2026-09-23_seed42_synthetic","synthetic","simulated_lag_10","A","held_out","transformer","soft","42","","M","rsa_pearson","0.5768363191419311","outputs\runs\clean_rebuild_2026-09-23_seed42_synthetic\stage05_metrics\held_out\transformer_soft.csv"
"clean_rebuild_2026-09-23_seed42_synthetic","synthetic","simulated_lag_10","A","held_out","transformer","soft","42","","M","linear_cka","0.5749553009855257","outputs\runs\clean_rebuild_2026-09-23_seed42_synthetic\stage05_metrics\held_out\transformer_soft.csv"
"clean_rebuild_2026-09-23_seed42_synthetic","synthetic","simulated_lag_10","A","held_out","transformer","soft","42","","eta","procrustes_r2","-0.9460248782298002","outputs\runs\clean_rebuild_2026-09-23_seed42_synthetic\stage05_metrics\held_out\transformer_soft.csv"
"clean_rebuild_2026-09-23_seed42_synthetic","synthetic","simulated_lag_10","A","held_out","transformer","soft","42","","eta","rsa_spearman","0.0018167526816027385","outputs\runs\clean_rebuild_2026-09-23_seed42_synthetic\stage05_metrics\held_out\transformer_soft.csv"
"clean_rebuild_2026-09-23_seed42_synthetic","synthetic","simulated_lag_10","A","held_out","transformer","soft","42","","eta","rsa_pearson","0.0005344714638411033","outputs\runs\clean_rebuild_2026-09-23_seed42_synthetic\stage05_metrics\held_out\transformer_soft.csv"
"clean_rebuild_2026-09-23_seed42_synthetic","synthetic","simulated_lag_10","A","held_out","transformer","soft","42","","eta","linear_cka","0.0008359305997512054","outputs\runs\clean_rebuild_2026-09-23_seed42_synthetic\stage05_metrics\held_out\transformer_soft.csv"
"clean_rebuild_2026-09-23_seed42_synthetic","synthetic","simulated_lag_10","A","held_out","transformer","soft","42","","Z","procrustes_r2","0.37329227555896105","outputs\runs\clean_rebuild_2026-09-23_seed42_synthetic\stage05_metrics\held_out\transformer_soft.csv"
"clean_rebuild_2026-09-23_seed42_synthetic","synthetic","simulated_lag_10","A","held_out","transformer","soft","42","","Z","rsa_spearman","0.5751493772285127","outputs\runs\clean_rebuild_2026-09-23_seed42_synthetic\stage05_metrics\held_out\transformer_soft.csv"
"clean_rebuild_2026-09-23_seed42_synthetic","synthetic","simulated_lag_10","A","held_out","transformer","soft","42","","Z","rsa_pearson","0.5696938176539879","outputs\runs\clean_rebuild_2026-09-23_seed42_synthetic\stage05_metrics\held_out\transformer_soft.csv"
"clean_rebuild_2026-09-23_seed42_synthetic","synthetic","simulated_lag_10","A","held_out","transformer","soft","42","","Z","linear_cka","0.5684692118653231","outputs\runs\clean_rebuild_2026-09-23_seed42_synthetic\stage05_metrics\held_out\transformer_soft.csv"
"clean_rebuild_2026-09-23_seed42_synthetic","synthetic","simulated_lag_10","B","held_out","transformer","soft","42","","M","procrustes_r2","0.2840102784221096","outputs\runs\clean_rebuild_2026-09-23_seed42_synthetic\stage05_metrics\held_out\transformer_soft.csv"
"clean_rebuild_2026-09-23_seed42_synthetic","synthetic","simulated_lag_10","B","held_out","transformer","soft","42","","M","rsa_spearman","0.47418119582594165","outputs\runs\clean_rebuild_2026-09-23_seed42_synthetic\stage05_metrics\held_out\transformer_soft.csv"
"clean_rebuild_2026-09-23_seed42_synthetic","synthetic","simulated_lag_10","B","held_out","transformer","soft","42","","M","rsa_pearson","0.46385216133819107","outputs\runs\clean_rebuild_2026-09-23_seed42_synthetic\stage05_metrics\held_out\transformer_soft.csv"
"clean_rebuild_2026-09-23_seed42_synthetic","synthetic","simulated_lag_10","B","held_out","transformer","soft","42","","M","linear_cka","0.49937039104841363","outputs\runs\clean_rebuild_2026-09-23_seed42_synthetic\stage05_metrics\held_out\transformer_soft.csv"
"clean_rebuild_2026-09-23_seed42_synthetic","synthetic","simulated_lag_10","B","held_out","transformer","soft","42","","eta","procrustes_r2","-0.9406504534122675","outputs\runs\clean_rebuild_2026-09-23_seed42_synthetic\stage05_metrics\held_out\transformer_soft.csv"
"clean_rebuild_2026-09-23_seed42_synthetic","synthetic","simulated_lag_10","B","held_out","transformer","soft","42","","eta","rsa_spearman","-0.0006067164569116732","outputs\runs\clean_rebuild_2026-09-23_seed42_synthetic\stage05_metrics\held_out\transformer_soft.csv"
"clean_rebuild_2026-09-23_seed42_synthetic","synthetic","simulated_lag_10","B","held_out","transformer","soft","42","","eta","rsa_pearson","-0.00034657845906334317","outputs\runs\clean_rebuild_2026-09-23_seed42_synthetic\stage05_metrics\held_out\transformer_soft.csv"
"clean_rebuild_2026-09-23_seed42_synthetic","synthetic","simulated_lag_10","B","held_out","transformer","soft","42","","eta","linear_cka","0.0010743851126865784","outputs\runs\clean_rebuild_2026-09-23_seed42_synthetic\stage05_metrics\held_out\transformer_soft.csv"
"clean_rebuild_2026-09-23_seed42_synthetic","synthetic","simulated_lag_10","B","held_out","transformer","soft","42","","Z","procrustes_r2","0.27893310186059583","outputs\runs\clean_rebuild_2026-09-23_seed42_synthetic\stage05_metrics\held_out\transformer_soft.csv"
"clean_rebuild_2026-09-23_seed42_synthetic","synthetic","simulated_lag_10","B","held_out","transformer","soft","42","","Z","rsa_spearman","0.47235435257371344","outputs\runs\clean_rebuild_2026-09-23_seed42_synthetic\stage05_metrics\held_out\transformer_soft.csv"
"clean_rebuild_2026-09-23_seed42_synthetic","synthetic","simulated_lag_10","B","held_out","transformer","soft","42","","Z","rsa_pearson","0.4614542168220933","outputs\runs\clean_rebuild_2026-09-23_seed42_synthetic\stage05_metrics\held_out\transformer_soft.csv"
"clean_rebuild_2026-09-23_seed42_synthetic","synthetic","simulated_lag_10","B","held_out","transformer","soft","42","","Z","linear_cka","0.49569977832108447","outputs\runs\clean_rebuild_2026-09-23_seed42_synthetic\stage05_metrics\held_out\transformer_soft.csv"
"clean_rebuild_2026-09-23_seed42_synthetic","synthetic","simulated_lag_10","A_B","held_out","transformer","soft","42","","","estimated_lag_bins","18","outputs\runs\clean_rebuild_2026-09-23_seed42_synthetic\stage05_metrics\held_out\transformer_soft.csv"
"clean_rebuild_2026-09-23_seed42_synthetic","synthetic","simulated_lag_10","A","held_out","transformer","time_contrastive_blocks","42","","M","procrustes_r2","0.7236233883624809","outputs\runs\clean_rebuild_2026-09-23_seed42_synthetic\stage05_metrics\held_out\transformer_time_contrastive_blocks.csv"
"clean_rebuild_2026-09-23_seed42_synthetic","synthetic","simulated_lag_10","A","held_out","transformer","time_contrastive_blocks","42","","M","rsa_spearman","0.6207872947928216","outputs\runs\clean_rebuild_2026-09-23_seed42_synthetic\stage05_metrics\held_out\transformer_time_contrastive_blocks.csv"
"clean_rebuild_2026-09-23_seed42_synthetic","synthetic","simulated_lag_10","A","held_out","transformer","time_contrastive_blocks","42","","M","rsa_pearson","0.6682470440778582","outputs\runs\clean_rebuild_2026-09-23_seed42_synthetic\stage05_metrics\held_out\transformer_time_contrastive_blocks.csv"
"clean_rebuild_2026-09-23_seed42_synthetic","synthetic","simulated_lag_10","A","held_out","transformer","time_contrastive_blocks","42","","M","linear_cka","0.7291905390956878","outputs\runs\clean_rebuild_2026-09-23_seed42_synthetic\stage05_metrics\held_out\transformer_time_contrastive_blocks.csv"
"clean_rebuild_2026-09-23_seed42_synthetic","synthetic","simulated_lag_10","A","held_out","transformer","time_contrastive_blocks","42","","eta","procrustes_r2","-0.9166978673503849","outputs\runs\clean_rebuild_2026-09-23_seed42_synthetic\stage05_metrics\held_out\transformer_time_contrastive_blocks.csv"
"clean_rebuild_2026-09-23_seed42_synthetic","synthetic","simulated_lag_10","A","held_out","transformer","time_contrastive_blocks","42","","eta","rsa_spearman","-0.002114802227156141","outputs\runs\clean_rebuild_2026-09-23_seed42_synthetic\stage05_metrics\held_out\transformer_time_contrastive_blocks.csv"
"clean_rebuild_2026-09-23_seed42_synthetic","synthetic","simulated_lag_10","A","held_out","transformer","time_contrastive_blocks","42","","eta","rsa_pearson","-0.002916458409555696","outputs\runs\clean_rebuild_2026-09-23_seed42_synthetic\stage05_metrics\held_out\transformer_time_contrastive_blocks.csv"
"clean_rebuild_2026-09-23_seed42_synthetic","synthetic","simulated_lag_10","A","held_out","transformer","time_contrastive_blocks","42","","eta","linear_cka","0.001864539369640154","outputs\runs\clean_rebuild_2026-09-23_seed42_synthetic\stage05_metrics\held_out\transformer_time_contrastive_blocks.csv"
"clean_rebuild_2026-09-23_seed42_synthetic","synthetic","simulated_lag_10","A","held_out","transformer","time_contrastive_blocks","42","","Z","procrustes_r2","0.7160585607975478","outputs\runs\clean_rebuild_2026-09-23_seed42_synthetic\stage05_metrics\held_out\transformer_time_contrastive_blocks.csv"
"clean_rebuild_2026-09-23_seed42_synthetic","synthetic","simulated_lag_10","A","held_out","transformer","time_contrastive_blocks","42","","Z","rsa_spearman","0.6163538977212518","outputs\runs\clean_rebuild_2026-09-23_seed42_synthetic\stage05_metrics\held_out\transformer_time_contrastive_blocks.csv"
"clean_rebuild_2026-09-23_seed42_synthetic","synthetic","simulated_lag_10","A","held_out","transformer","time_contrastive_blocks","42","","Z","rsa_pearson","0.6588915601358122","outputs\runs\clean_rebuild_2026-09-23_seed42_synthetic\stage05_metrics\held_out\transformer_time_contrastive_blocks.csv"
"clean_rebuild_2026-09-23_seed42_synthetic","synthetic","simulated_lag_10","A","held_out","transformer","time_contrastive_blocks","42","","Z","linear_cka","0.7229221502733935","outputs\runs\clean_rebuild_2026-09-23_seed42_synthetic\stage05_metrics\held_out\transformer_time_contrastive_blocks.csv"
"clean_rebuild_2026-09-23_seed42_synthetic","synthetic","simulated_lag_10","B","held_out","transformer","time_contrastive_blocks","42","","M","procrustes_r2","0.21593164371739326","outputs\runs\clean_rebuild_2026-09-23_seed42_synthetic\stage05_metrics\held_out\transformer_time_contrastive_blocks.csv"
"clean_rebuild_2026-09-23_seed42_synthetic","synthetic","simulated_lag_10","B","held_out","transformer","time_contrastive_blocks","42","","M","rsa_spearman","0.48441364941273524","outputs\runs\clean_rebuild_2026-09-23_seed42_synthetic\stage05_metrics\held_out\transformer_time_contrastive_blocks.csv"
"clean_rebuild_2026-09-23_seed42_synthetic","synthetic","simulated_lag_10","B","held_out","transformer","time_contrastive_blocks","42","","M","rsa_pearson","0.5065962229429638","outputs\runs\clean_rebuild_2026-09-23_seed42_synthetic\stage05_metrics\held_out\transformer_time_contrastive_blocks.csv"
"clean_rebuild_2026-09-23_seed42_synthetic","synthetic","simulated_lag_10","B","held_out","transformer","time_contrastive_blocks","42","","M","linear_cka","0.4953634063123725","outputs\runs\clean_rebuild_2026-09-23_seed42_synthetic\stage05_metrics\held_out\transformer_time_contrastive_blocks.csv"
"clean_rebuild_2026-09-23_seed42_synthetic","synthetic","simulated_lag_10","B","held_out","transformer","time_contrastive_blocks","42","","eta","procrustes_r2","-0.9425641743795747","outputs\runs\clean_rebuild_2026-09-23_seed42_synthetic\stage05_metrics\held_out\transformer_time_contrastive_blocks.csv"
"clean_rebuild_2026-09-23_seed42_synthetic","synthetic","simulated_lag_10","B","held_out","transformer","time_contrastive_blocks","42","","eta","rsa_spearman","0.002557762056936061","outputs\runs\clean_rebuild_2026-09-23_seed42_synthetic\stage05_metrics\held_out\transformer_time_contrastive_blocks.csv"
"clean_rebuild_2026-09-23_seed42_synthetic","synthetic","simulated_lag_10","B","held_out","transformer","time_contrastive_blocks","42","","eta","rsa_pearson","0.001217663166617739","outputs\runs\clean_rebuild_2026-09-23_seed42_synthetic\stage05_metrics\held_out\transformer_time_contrastive_blocks.csv"
"clean_rebuild_2026-09-23_seed42_synthetic","synthetic","simulated_lag_10","B","held_out","transformer","time_contrastive_blocks","42","","eta","linear_cka","0.0011972919869412142","outputs\runs\clean_rebuild_2026-09-23_seed42_synthetic\stage05_metrics\held_out\transformer_time_contrastive_blocks.csv"
"clean_rebuild_2026-09-23_seed42_synthetic","synthetic","simulated_lag_10","B","held_out","transformer","time_contrastive_blocks","42","","Z","procrustes_r2","0.21159014410958488","outputs\runs\clean_rebuild_2026-09-23_seed42_synthetic\stage05_metrics\held_out\transformer_time_contrastive_blocks.csv"
"clean_rebuild_2026-09-23_seed42_synthetic","synthetic","simulated_lag_10","B","held_out","transformer","time_contrastive_blocks","42","","Z","rsa_spearman","0.48167444907217755","outputs\runs\clean_rebuild_2026-09-23_seed42_synthetic\stage05_metrics\held_out\transformer_time_contrastive_blocks.csv"
"clean_rebuild_2026-09-23_seed42_synthetic","synthetic","simulated_lag_10","B","held_out","transformer","time_contrastive_blocks","42","","Z","rsa_pearson","0.4982050235156217","outputs\runs\clean_rebuild_2026-09-23_seed42_synthetic\stage05_metrics\held_out\transformer_time_contrastive_blocks.csv"
"clean_rebuild_2026-09-23_seed42_synthetic","synthetic","simulated_lag_10","B","held_out","transformer","time_contrastive_blocks","42","","Z","linear_cka","0.4912367381193525","outputs\runs\clean_rebuild_2026-09-23_seed42_synthetic\stage05_metrics\held_out\transformer_time_contrastive_blocks.csv"
"clean_rebuild_2026-09-23_seed42_synthetic","synthetic","simulated_lag_10","A_B","held_out","transformer","time_contrastive_blocks","42","","","estimated_lag_bins","12","outputs\runs\clean_rebuild_2026-09-23_seed42_synthetic\stage05_metrics\held_out\transformer_time_contrastive_blocks.csv"
"v2_corrected_2026-09-23_seed123_synthetic","synthetic","simulated_lag_10","A","held_out","cnn1d","behavior_contrastive_blocks","123","","M","procrustes_r2","0.27089112963245066","outputs\runs\v2_corrected_2026-09-23_seed123_synthetic\stage05_metrics\held_out\cnn1d_behavior_contrastive_blocks.csv"
"v2_corrected_2026-09-23_seed123_synthetic","synthetic","simulated_lag_10","A","held_out","cnn1d","behavior_contrastive_blocks","123","","M","rsa_spearman","0.33551281107508035","outputs\runs\v2_corrected_2026-09-23_seed123_synthetic\stage05_metrics\held_out\cnn1d_behavior_contrastive_blocks.csv"
"v2_corrected_2026-09-23_seed123_synthetic","synthetic","simulated_lag_10","A","held_out","cnn1d","behavior_contrastive_blocks","123","","M","rsa_pearson","0.3261745324933271","outputs\runs\v2_corrected_2026-09-23_seed123_synthetic\stage05_metrics\held_out\cnn1d_behavior_contrastive_blocks.csv"
"v2_corrected_2026-09-23_seed123_synthetic","synthetic","simulated_lag_10","A","held_out","cnn1d","behavior_contrastive_blocks","123","","M","linear_cka","0.4888179314072828","outputs\runs\v2_corrected_2026-09-23_seed123_synthetic\stage05_metrics\held_out\cnn1d_behavior_contrastive_blocks.csv"
"v2_corrected_2026-09-23_seed123_synthetic","synthetic","simulated_lag_10","A","held_out","cnn1d","behavior_contrastive_blocks","123","","eta","procrustes_r2","-0.9284293189228618","outputs\runs\v2_corrected_2026-09-23_seed123_synthetic\stage05_metrics\held_out\cnn1d_behavior_contrastive_blocks.csv"
"v2_corrected_2026-09-23_seed123_synthetic","synthetic","simulated_lag_10","A","held_out","cnn1d","behavior_contrastive_blocks","123","","eta","rsa_spearman","-0.0008788160052894571","outputs\runs\v2_corrected_2026-09-23_seed123_synthetic\stage05_metrics\held_out\cnn1d_behavior_contrastive_blocks.csv"
"v2_corrected_2026-09-23_seed123_synthetic","synthetic","simulated_lag_10","A","held_out","cnn1d","behavior_contrastive_blocks","123","","eta","rsa_pearson","-0.0006139342834822571","outputs\runs\v2_corrected_2026-09-23_seed123_synthetic\stage05_metrics\held_out\cnn1d_behavior_contrastive_blocks.csv"
"v2_corrected_2026-09-23_seed123_synthetic","synthetic","simulated_lag_10","A","held_out","cnn1d","behavior_contrastive_blocks","123","","eta","linear_cka","0.0019708647098960314","outputs\runs\v2_corrected_2026-09-23_seed123_synthetic\stage05_metrics\held_out\cnn1d_behavior_contrastive_blocks.csv"
"v2_corrected_2026-09-23_seed123_synthetic","synthetic","simulated_lag_10","A","held_out","cnn1d","behavior_contrastive_blocks","123","","Z","procrustes_r2","0.26880921043474115","outputs\runs\v2_corrected_2026-09-23_seed123_synthetic\stage05_metrics\held_out\cnn1d_behavior_contrastive_blocks.csv"
"v2_corrected_2026-09-23_seed123_synthetic","synthetic","simulated_lag_10","A","held_out","cnn1d","behavior_contrastive_blocks","123","","Z","rsa_spearman","0.3346343657550524","outputs\runs\v2_corrected_2026-09-23_seed123_synthetic\stage05_metrics\held_out\cnn1d_behavior_contrastive_blocks.csv"
"v2_corrected_2026-09-23_seed123_synthetic","synthetic","simulated_lag_10","A","held_out","cnn1d","behavior_contrastive_blocks","123","","Z","rsa_pearson","0.3295578952185076","outputs\runs\v2_corrected_2026-09-23_seed123_synthetic\stage05_metrics\held_out\cnn1d_behavior_contrastive_blocks.csv"
"v2_corrected_2026-09-23_seed123_synthetic","synthetic","simulated_lag_10","A","held_out","cnn1d","behavior_contrastive_blocks","123","","Z","linear_cka","0.48732718871615255","outputs\runs\v2_corrected_2026-09-23_seed123_synthetic\stage05_metrics\held_out\cnn1d_behavior_contrastive_blocks.csv"
"v2_corrected_2026-09-23_seed123_synthetic","synthetic","simulated_lag_10","B","held_out","cnn1d","behavior_contrastive_blocks","123","","M","procrustes_r2","0.22740374733300717","outputs\runs\v2_corrected_2026-09-23_seed123_synthetic\stage05_metrics\held_out\cnn1d_behavior_contrastive_blocks.csv"
"v2_corrected_2026-09-23_seed123_synthetic","synthetic","simulated_lag_10","B","held_out","cnn1d","behavior_contrastive_blocks","123","","M","rsa_spearman","0.2898302724014989","outputs\runs\v2_corrected_2026-09-23_seed123_synthetic\stage05_metrics\held_out\cnn1d_behavior_contrastive_blocks.csv"
"v2_corrected_2026-09-23_seed123_synthetic","synthetic","simulated_lag_10","B","held_out","cnn1d","behavior_contrastive_blocks","123","","M","rsa_pearson","0.2879457631529196","outputs\runs\v2_corrected_2026-09-23_seed123_synthetic\stage05_metrics\held_out\cnn1d_behavior_contrastive_blocks.csv"
"v2_corrected_2026-09-23_seed123_synthetic","synthetic","simulated_lag_10","B","held_out","cnn1d","behavior_contrastive_blocks","123","","M","linear_cka","0.4556506066974515","outputs\runs\v2_corrected_2026-09-23_seed123_synthetic\stage05_metrics\held_out\cnn1d_behavior_contrastive_blocks.csv"
"v2_corrected_2026-09-23_seed123_synthetic","synthetic","simulated_lag_10","B","held_out","cnn1d","behavior_contrastive_blocks","123","","eta","procrustes_r2","-0.9303972038864119","outputs\runs\v2_corrected_2026-09-23_seed123_synthetic\stage05_metrics\held_out\cnn1d_behavior_contrastive_blocks.csv"
"v2_corrected_2026-09-23_seed123_synthetic","synthetic","simulated_lag_10","B","held_out","cnn1d","behavior_contrastive_blocks","123","","eta","rsa_spearman","0.004241593702305862","outputs\runs\v2_corrected_2026-09-23_seed123_synthetic\stage05_metrics\held_out\cnn1d_behavior_contrastive_blocks.csv"
"v2_corrected_2026-09-23_seed123_synthetic","synthetic","simulated_lag_10","B","held_out","cnn1d","behavior_contrastive_blocks","123","","eta","rsa_pearson","0.004541888214245439","outputs\runs\v2_corrected_2026-09-23_seed123_synthetic\stage05_metrics\held_out\cnn1d_behavior_contrastive_blocks.csv"
"v2_corrected_2026-09-23_seed123_synthetic","synthetic","simulated_lag_10","B","held_out","cnn1d","behavior_contrastive_blocks","123","","eta","linear_cka","0.0014895453987039872","outputs\runs\v2_corrected_2026-09-23_seed123_synthetic\stage05_metrics\held_out\cnn1d_behavior_contrastive_blocks.csv"
"v2_corrected_2026-09-23_seed123_synthetic","synthetic","simulated_lag_10","B","held_out","cnn1d","behavior_contrastive_blocks","123","","Z","procrustes_r2","0.22403858466057203","outputs\runs\v2_corrected_2026-09-23_seed123_synthetic\stage05_metrics\held_out\cnn1d_behavior_contrastive_blocks.csv"
"v2_corrected_2026-09-23_seed123_synthetic","synthetic","simulated_lag_10","B","held_out","cnn1d","behavior_contrastive_blocks","123","","Z","rsa_spearman","0.2893106087097207","outputs\runs\v2_corrected_2026-09-23_seed123_synthetic\stage05_metrics\held_out\cnn1d_behavior_contrastive_blocks.csv"
"v2_corrected_2026-09-23_seed123_synthetic","synthetic","simulated_lag_10","B","held_out","cnn1d","behavior_contrastive_blocks","123","","Z","rsa_pearson","0.29105183842426885","outputs\runs\v2_corrected_2026-09-23_seed123_synthetic\stage05_metrics\held_out\cnn1d_behavior_contrastive_blocks.csv"
"v2_corrected_2026-09-23_seed123_synthetic","synthetic","simulated_lag_10","B","held_out","cnn1d","behavior_contrastive_blocks","123","","Z","linear_cka","0.4532808829158128","outputs\runs\v2_corrected_2026-09-23_seed123_synthetic\stage05_metrics\held_out\cnn1d_behavior_contrastive_blocks.csv"
"v2_corrected_2026-09-23_seed123_synthetic","synthetic","simulated_lag_10","A_B","held_out","cnn1d","behavior_contrastive_blocks","123","","","estimated_lag_bins","20","outputs\runs\v2_corrected_2026-09-23_seed123_synthetic\stage05_metrics\held_out\cnn1d_behavior_contrastive_blocks.csv"
"v2_corrected_2026-09-23_seed123_synthetic","synthetic","simulated_lag_10","A","held_out","cnn1d","infonce","123","","M","procrustes_r2","0.44686088464710527","outputs\runs\v2_corrected_2026-09-23_seed123_synthetic\stage05_metrics\held_out\cnn1d_infonce.csv"
"v2_corrected_2026-09-23_seed123_synthetic","synthetic","simulated_lag_10","A","held_out","cnn1d","infonce","123","","M","rsa_spearman","0.45511741503982456","outputs\runs\v2_corrected_2026-09-23_seed123_synthetic\stage05_metrics\held_out\cnn1d_infonce.csv"
"v2_corrected_2026-09-23_seed123_synthetic","synthetic","simulated_lag_10","A","held_out","cnn1d","infonce","123","","M","rsa_pearson","0.4581468965038213","outputs\runs\v2_corrected_2026-09-23_seed123_synthetic\stage05_metrics\held_out\cnn1d_infonce.csv"
"v2_corrected_2026-09-23_seed123_synthetic","synthetic","simulated_lag_10","A","held_out","cnn1d","infonce","123","","M","linear_cka","0.5310145139833722","outputs\runs\v2_corrected_2026-09-23_seed123_synthetic\stage05_metrics\held_out\cnn1d_infonce.csv"
"v2_corrected_2026-09-23_seed123_synthetic","synthetic","simulated_lag_10","A","held_out","cnn1d","infonce","123","","eta","procrustes_r2","-0.9276597624152951","outputs\runs\v2_corrected_2026-09-23_seed123_synthetic\stage05_metrics\held_out\cnn1d_infonce.csv"
"v2_corrected_2026-09-23_seed123_synthetic","synthetic","simulated_lag_10","A","held_out","cnn1d","infonce","123","","eta","rsa_spearman","0.0014488674144553188","outputs\runs\v2_corrected_2026-09-23_seed123_synthetic\stage05_metrics\held_out\cnn1d_infonce.csv"
"v2_corrected_2026-09-23_seed123_synthetic","synthetic","simulated_lag_10","A","held_out","cnn1d","infonce","123","","eta","rsa_pearson","0.0015363630950820306","outputs\runs\v2_corrected_2026-09-23_seed123_synthetic\stage05_metrics\held_out\cnn1d_infonce.csv"
"v2_corrected_2026-09-23_seed123_synthetic","synthetic","simulated_lag_10","A","held_out","cnn1d","infonce","123","","eta","linear_cka","0.0018928647144737392","outputs\runs\v2_corrected_2026-09-23_seed123_synthetic\stage05_metrics\held_out\cnn1d_infonce.csv"
"v2_corrected_2026-09-23_seed123_synthetic","synthetic","simulated_lag_10","A","held_out","cnn1d","infonce","123","","Z","procrustes_r2","0.44337336901375346","outputs\runs\v2_corrected_2026-09-23_seed123_synthetic\stage05_metrics\held_out\cnn1d_infonce.csv"
"v2_corrected_2026-09-23_seed123_synthetic","synthetic","simulated_lag_10","A","held_out","cnn1d","infonce","123","","Z","rsa_spearman","0.4542196181565002","outputs\runs\v2_corrected_2026-09-23_seed123_synthetic\stage05_metrics\held_out\cnn1d_infonce.csv"
"v2_corrected_2026-09-23_seed123_synthetic","synthetic","simulated_lag_10","A","held_out","cnn1d","infonce","123","","Z","rsa_pearson","0.4603285200018881","outputs\runs\v2_corrected_2026-09-23_seed123_synthetic\stage05_metrics\held_out\cnn1d_infonce.csv"
"v2_corrected_2026-09-23_seed123_synthetic","synthetic","simulated_lag_10","A","held_out","cnn1d","infonce","123","","Z","linear_cka","0.5293210166822303","outputs\runs\v2_corrected_2026-09-23_seed123_synthetic\stage05_metrics\held_out\cnn1d_infonce.csv"
"v2_corrected_2026-09-23_seed123_synthetic","synthetic","simulated_lag_10","B","held_out","cnn1d","infonce","123","","M","procrustes_r2","0.26156199882502107","outputs\runs\v2_corrected_2026-09-23_seed123_synthetic\stage05_metrics\held_out\cnn1d_infonce.csv"
"v2_corrected_2026-09-23_seed123_synthetic","synthetic","simulated_lag_10","B","held_out","cnn1d","infonce","123","","M","rsa_spearman","0.30848943807540513","outputs\runs\v2_corrected_2026-09-23_seed123_synthetic\stage05_metrics\held_out\cnn1d_infonce.csv"
"v2_corrected_2026-09-23_seed123_synthetic","synthetic","simulated_lag_10","B","held_out","cnn1d","infonce","123","","M","rsa_pearson","0.30248578396019854","outputs\runs\v2_corrected_2026-09-23_seed123_synthetic\stage05_metrics\held_out\cnn1d_infonce.csv"
"v2_corrected_2026-09-23_seed123_synthetic","synthetic","simulated_lag_10","B","held_out","cnn1d","infonce","123","","M","linear_cka","0.4751607060237517","outputs\runs\v2_corrected_2026-09-23_seed123_synthetic\stage05_metrics\held_out\cnn1d_infonce.csv"
"v2_corrected_2026-09-23_seed123_synthetic","synthetic","simulated_lag_10","B","held_out","cnn1d","infonce","123","","eta","procrustes_r2","-0.9259075043044367","outputs\runs\v2_corrected_2026-09-23_seed123_synthetic\stage05_metrics\held_out\cnn1d_infonce.csv"
"v2_corrected_2026-09-23_seed123_synthetic","synthetic","simulated_lag_10","B","held_out","cnn1d","infonce","123","","eta","rsa_spearman","0.0007463416165914268","outputs\runs\v2_corrected_2026-09-23_seed123_synthetic\stage05_metrics\held_out\cnn1d_infonce.csv"
"v2_corrected_2026-09-23_seed123_synthetic","synthetic","simulated_lag_10","B","held_out","cnn1d","infonce","123","","eta","rsa_pearson","0.001731837528388877","outputs\runs\v2_corrected_2026-09-23_seed123_synthetic\stage05_metrics\held_out\cnn1d_infonce.csv"
"v2_corrected_2026-09-23_seed123_synthetic","synthetic","simulated_lag_10","B","held_out","cnn1d","infonce","123","","eta","linear_cka","0.0015933280228044217","outputs\runs\v2_corrected_2026-09-23_seed123_synthetic\stage05_metrics\held_out\cnn1d_infonce.csv"
"v2_corrected_2026-09-23_seed123_synthetic","synthetic","simulated_lag_10","B","held_out","cnn1d","infonce","123","","Z","procrustes_r2","0.2585668787292228","outputs\runs\v2_corrected_2026-09-23_seed123_synthetic\stage05_metrics\held_out\cnn1d_infonce.csv"
"v2_corrected_2026-09-23_seed123_synthetic","synthetic","simulated_lag_10","B","held_out","cnn1d","infonce","123","","Z","rsa_spearman","0.30890413112405257","outputs\runs\v2_corrected_2026-09-23_seed123_synthetic\stage05_metrics\held_out\cnn1d_infonce.csv"
"v2_corrected_2026-09-23_seed123_synthetic","synthetic","simulated_lag_10","B","held_out","cnn1d","infonce","123","","Z","rsa_pearson","0.30647970924185547","outputs\runs\v2_corrected_2026-09-23_seed123_synthetic\stage05_metrics\held_out\cnn1d_infonce.csv"
"v2_corrected_2026-09-23_seed123_synthetic","synthetic","simulated_lag_10","B","held_out","cnn1d","infonce","123","","Z","linear_cka","0.4734829783179968","outputs\runs\v2_corrected_2026-09-23_seed123_synthetic\stage05_metrics\held_out\cnn1d_infonce.csv"
"v2_corrected_2026-09-23_seed123_synthetic","synthetic","simulated_lag_10","A_B","held_out","cnn1d","infonce","123","","","estimated_lag_bins","20","outputs\runs\v2_corrected_2026-09-23_seed123_synthetic\stage05_metrics\held_out\cnn1d_infonce.csv"
"v2_corrected_2026-09-23_seed123_synthetic","synthetic","simulated_lag_10","A","held_out","cnn1d","soft","123","","M","procrustes_r2","0.3976034307809839","outputs\runs\v2_corrected_2026-09-23_seed123_synthetic\stage05_metrics\held_out\cnn1d_soft.csv"
"v2_corrected_2026-09-23_seed123_synthetic","synthetic","simulated_lag_10","A","held_out","cnn1d","soft","123","","M","rsa_spearman","0.6144604992715234","outputs\runs\v2_corrected_2026-09-23_seed123_synthetic\stage05_metrics\held_out\cnn1d_soft.csv"
"v2_corrected_2026-09-23_seed123_synthetic","synthetic","simulated_lag_10","A","held_out","cnn1d","soft","123","","M","rsa_pearson","0.606102167501934","outputs\runs\v2_corrected_2026-09-23_seed123_synthetic\stage05_metrics\held_out\cnn1d_soft.csv"
"v2_corrected_2026-09-23_seed123_synthetic","synthetic","simulated_lag_10","A","held_out","cnn1d","soft","123","","M","linear_cka","0.5863521967091921","outputs\runs\v2_corrected_2026-09-23_seed123_synthetic\stage05_metrics\held_out\cnn1d_soft.csv"
"v2_corrected_2026-09-23_seed123_synthetic","synthetic","simulated_lag_10","A","held_out","cnn1d","soft","123","","eta","procrustes_r2","-0.9318134669902562","outputs\runs\v2_corrected_2026-09-23_seed123_synthetic\stage05_metrics\held_out\cnn1d_soft.csv"
"v2_corrected_2026-09-23_seed123_synthetic","synthetic","simulated_lag_10","A","held_out","cnn1d","soft","123","","eta","rsa_spearman","0.003895192127519672","outputs\runs\v2_corrected_2026-09-23_seed123_synthetic\stage05_metrics\held_out\cnn1d_soft.csv"
"v2_corrected_2026-09-23_seed123_synthetic","synthetic","simulated_lag_10","A","held_out","cnn1d","soft","123","","eta","rsa_pearson","0.0045481092219520555","outputs\runs\v2_corrected_2026-09-23_seed123_synthetic\stage05_metrics\held_out\cnn1d_soft.csv"
"v2_corrected_2026-09-23_seed123_synthetic","synthetic","simulated_lag_10","A","held_out","cnn1d","soft","123","","eta","linear_cka","0.0014966677131086552","outputs\runs\v2_corrected_2026-09-23_seed123_synthetic\stage05_metrics\held_out\cnn1d_soft.csv"
"v2_corrected_2026-09-23_seed123_synthetic","synthetic","simulated_lag_10","A","held_out","cnn1d","soft","123","","Z","procrustes_r2","0.3931346695833202","outputs\runs\v2_corrected_2026-09-23_seed123_synthetic\stage05_metrics\held_out\cnn1d_soft.csv"
"v2_corrected_2026-09-23_seed123_synthetic","synthetic","simulated_lag_10","A","held_out","cnn1d","soft","123","","Z","rsa_spearman","0.6108702990823718","outputs\runs\v2_corrected_2026-09-23_seed123_synthetic\stage05_metrics\held_out\cnn1d_soft.csv"
"v2_corrected_2026-09-23_seed123_synthetic","synthetic","simulated_lag_10","A","held_out","cnn1d","soft","123","","Z","rsa_pearson","0.6017691093476354","outputs\runs\v2_corrected_2026-09-23_seed123_synthetic\stage05_metrics\held_out\cnn1d_soft.csv"
"v2_corrected_2026-09-23_seed123_synthetic","synthetic","simulated_lag_10","A","held_out","cnn1d","soft","123","","Z","linear_cka","0.5821605340923107","outputs\runs\v2_corrected_2026-09-23_seed123_synthetic\stage05_metrics\held_out\cnn1d_soft.csv"
"v2_corrected_2026-09-23_seed123_synthetic","synthetic","simulated_lag_10","B","held_out","cnn1d","soft","123","","M","procrustes_r2","0.30289769786855614","outputs\runs\v2_corrected_2026-09-23_seed123_synthetic\stage05_metrics\held_out\cnn1d_soft.csv"
"v2_corrected_2026-09-23_seed123_synthetic","synthetic","simulated_lag_10","B","held_out","cnn1d","soft","123","","M","rsa_spearman","0.5238204611427423","outputs\runs\v2_corrected_2026-09-23_seed123_synthetic\stage05_metrics\held_out\cnn1d_soft.csv"
"v2_corrected_2026-09-23_seed123_synthetic","synthetic","simulated_lag_10","B","held_out","cnn1d","soft","123","","M","rsa_pearson","0.5128245801222855","outputs\runs\v2_corrected_2026-09-23_seed123_synthetic\stage05_metrics\held_out\cnn1d_soft.csv"
"v2_corrected_2026-09-23_seed123_synthetic","synthetic","simulated_lag_10","B","held_out","cnn1d","soft","123","","M","linear_cka","0.5089307407812871","outputs\runs\v2_corrected_2026-09-23_seed123_synthetic\stage05_metrics\held_out\cnn1d_soft.csv"
"v2_corrected_2026-09-23_seed123_synthetic","synthetic","simulated_lag_10","B","held_out","cnn1d","soft","123","","eta","procrustes_r2","-0.9350136721529303","outputs\runs\v2_corrected_2026-09-23_seed123_synthetic\stage05_metrics\held_out\cnn1d_soft.csv"
"v2_corrected_2026-09-23_seed123_synthetic","synthetic","simulated_lag_10","B","held_out","cnn1d","soft","123","","eta","rsa_spearman","0.005192133433634894","outputs\runs\v2_corrected_2026-09-23_seed123_synthetic\stage05_metrics\held_out\cnn1d_soft.csv"
"v2_corrected_2026-09-23_seed123_synthetic","synthetic","simulated_lag_10","B","held_out","cnn1d","soft","123","","eta","rsa_pearson","0.006680581505529094","outputs\runs\v2_corrected_2026-09-23_seed123_synthetic\stage05_metrics\held_out\cnn1d_soft.csv"
"v2_corrected_2026-09-23_seed123_synthetic","synthetic","simulated_lag_10","B","held_out","cnn1d","soft","123","","eta","linear_cka","0.0015141358208047447","outputs\runs\v2_corrected_2026-09-23_seed123_synthetic\stage05_metrics\held_out\cnn1d_soft.csv"
"v2_corrected_2026-09-23_seed123_synthetic","synthetic","simulated_lag_10","B","held_out","cnn1d","soft","123","","Z","procrustes_r2","0.29900639862662337","outputs\runs\v2_corrected_2026-09-23_seed123_synthetic\stage05_metrics\held_out\cnn1d_soft.csv"
"v2_corrected_2026-09-23_seed123_synthetic","synthetic","simulated_lag_10","B","held_out","cnn1d","soft","123","","Z","rsa_spearman","0.5196616942504477","outputs\runs\v2_corrected_2026-09-23_seed123_synthetic\stage05_metrics\held_out\cnn1d_soft.csv"
"v2_corrected_2026-09-23_seed123_synthetic","synthetic","simulated_lag_10","B","held_out","cnn1d","soft","123","","Z","rsa_pearson","0.509023228177047","outputs\runs\v2_corrected_2026-09-23_seed123_synthetic\stage05_metrics\held_out\cnn1d_soft.csv"
"v2_corrected_2026-09-23_seed123_synthetic","synthetic","simulated_lag_10","B","held_out","cnn1d","soft","123","","Z","linear_cka","0.5060111897915025","outputs\runs\v2_corrected_2026-09-23_seed123_synthetic\stage05_metrics\held_out\cnn1d_soft.csv"
"v2_corrected_2026-09-23_seed123_synthetic","synthetic","simulated_lag_10","A_B","held_out","cnn1d","soft","123","","","estimated_lag_bins","12","outputs\runs\v2_corrected_2026-09-23_seed123_synthetic\stage05_metrics\held_out\cnn1d_soft.csv"
"v2_corrected_2026-09-23_seed123_synthetic","synthetic","simulated_lag_10","A","held_out","cnn1d","time_contrastive_blocks","123","","M","procrustes_r2","0.7078514000577404","outputs\runs\v2_corrected_2026-09-23_seed123_synthetic\stage05_metrics\held_out\cnn1d_time_contrastive_blocks.csv"
"v2_corrected_2026-09-23_seed123_synthetic","synthetic","simulated_lag_10","A","held_out","cnn1d","time_contrastive_blocks","123","","M","rsa_spearman","0.6209081671552084","outputs\runs\v2_corrected_2026-09-23_seed123_synthetic\stage05_metrics\held_out\cnn1d_time_contrastive_blocks.csv"
"v2_corrected_2026-09-23_seed123_synthetic","synthetic","simulated_lag_10","A","held_out","cnn1d","time_contrastive_blocks","123","","M","rsa_pearson","0.6623396264574878","outputs\runs\v2_corrected_2026-09-23_seed123_synthetic\stage05_metrics\held_out\cnn1d_time_contrastive_blocks.csv"
"v2_corrected_2026-09-23_seed123_synthetic","synthetic","simulated_lag_10","A","held_out","cnn1d","time_contrastive_blocks","123","","M","linear_cka","0.7168916806226648","outputs\runs\v2_corrected_2026-09-23_seed123_synthetic\stage05_metrics\held_out\cnn1d_time_contrastive_blocks.csv"
"v2_corrected_2026-09-23_seed123_synthetic","synthetic","simulated_lag_10","A","held_out","cnn1d","time_contrastive_blocks","123","","eta","procrustes_r2","-0.9186830332597258","outputs\runs\v2_corrected_2026-09-23_seed123_synthetic\stage05_metrics\held_out\cnn1d_time_contrastive_blocks.csv"
"v2_corrected_2026-09-23_seed123_synthetic","synthetic","simulated_lag_10","A","held_out","cnn1d","time_contrastive_blocks","123","","eta","rsa_spearman","-0.0023912992183397668","outputs\runs\v2_corrected_2026-09-23_seed123_synthetic\stage05_metrics\held_out\cnn1d_time_contrastive_blocks.csv"
"v2_corrected_2026-09-23_seed123_synthetic","synthetic","simulated_lag_10","A","held_out","cnn1d","time_contrastive_blocks","123","","eta","rsa_pearson","-0.002446948705847232","outputs\runs\v2_corrected_2026-09-23_seed123_synthetic\stage05_metrics\held_out\cnn1d_time_contrastive_blocks.csv"
"v2_corrected_2026-09-23_seed123_synthetic","synthetic","simulated_lag_10","A","held_out","cnn1d","time_contrastive_blocks","123","","eta","linear_cka","0.001850403316458426","outputs\runs\v2_corrected_2026-09-23_seed123_synthetic\stage05_metrics\held_out\cnn1d_time_contrastive_blocks.csv"
"v2_corrected_2026-09-23_seed123_synthetic","synthetic","simulated_lag_10","A","held_out","cnn1d","time_contrastive_blocks","123","","Z","procrustes_r2","0.7006926352653942","outputs\runs\v2_corrected_2026-09-23_seed123_synthetic\stage05_metrics\held_out\cnn1d_time_contrastive_blocks.csv"
"v2_corrected_2026-09-23_seed123_synthetic","synthetic","simulated_lag_10","A","held_out","cnn1d","time_contrastive_blocks","123","","Z","rsa_spearman","0.6171371302207586","outputs\runs\v2_corrected_2026-09-23_seed123_synthetic\stage05_metrics\held_out\cnn1d_time_contrastive_blocks.csv"
"v2_corrected_2026-09-23_seed123_synthetic","synthetic","simulated_lag_10","A","held_out","cnn1d","time_contrastive_blocks","123","","Z","rsa_pearson","0.6535660898560808","outputs\runs\v2_corrected_2026-09-23_seed123_synthetic\stage05_metrics\held_out\cnn1d_time_contrastive_blocks.csv"
"v2_corrected_2026-09-23_seed123_synthetic","synthetic","simulated_lag_10","A","held_out","cnn1d","time_contrastive_blocks","123","","Z","linear_cka","0.7111113550968751","outputs\runs\v2_corrected_2026-09-23_seed123_synthetic\stage05_metrics\held_out\cnn1d_time_contrastive_blocks.csv"
"v2_corrected_2026-09-23_seed123_synthetic","synthetic","simulated_lag_10","B","held_out","cnn1d","time_contrastive_blocks","123","","M","procrustes_r2","0.5939577625888641","outputs\runs\v2_corrected_2026-09-23_seed123_synthetic\stage05_metrics\held_out\cnn1d_time_contrastive_blocks.csv"
"v2_corrected_2026-09-23_seed123_synthetic","synthetic","simulated_lag_10","B","held_out","cnn1d","time_contrastive_blocks","123","","M","rsa_spearman","0.4793244435992116","outputs\runs\v2_corrected_2026-09-23_seed123_synthetic\stage05_metrics\held_out\cnn1d_time_contrastive_blocks.csv"
"v2_corrected_2026-09-23_seed123_synthetic","synthetic","simulated_lag_10","B","held_out","cnn1d","time_contrastive_blocks","123","","M","rsa_pearson","0.5082829483253294","outputs\runs\v2_corrected_2026-09-23_seed123_synthetic\stage05_metrics\held_out\cnn1d_time_contrastive_blocks.csv"
"v2_corrected_2026-09-23_seed123_synthetic","synthetic","simulated_lag_10","B","held_out","cnn1d","time_contrastive_blocks","123","","M","linear_cka","0.6262547536908072","outputs\runs\v2_corrected_2026-09-23_seed123_synthetic\stage05_metrics\held_out\cnn1d_time_contrastive_blocks.csv"
"v2_corrected_2026-09-23_seed123_synthetic","synthetic","simulated_lag_10","B","held_out","cnn1d","time_contrastive_blocks","123","","eta","procrustes_r2","-0.9215624990198514","outputs\runs\v2_corrected_2026-09-23_seed123_synthetic\stage05_metrics\held_out\cnn1d_time_contrastive_blocks.csv"
"v2_corrected_2026-09-23_seed123_synthetic","synthetic","simulated_lag_10","B","held_out","cnn1d","time_contrastive_blocks","123","","eta","rsa_spearman","-0.0013022196686752051","outputs\runs\v2_corrected_2026-09-23_seed123_synthetic\stage05_metrics\held_out\cnn1d_time_contrastive_blocks.csv"
"v2_corrected_2026-09-23_seed123_synthetic","synthetic","simulated_lag_10","B","held_out","cnn1d","time_contrastive_blocks","123","","eta","rsa_pearson","-0.0015151247031756645","outputs\runs\v2_corrected_2026-09-23_seed123_synthetic\stage05_metrics\held_out\cnn1d_time_contrastive_blocks.csv"
"v2_corrected_2026-09-23_seed123_synthetic","synthetic","simulated_lag_10","B","held_out","cnn1d","time_contrastive_blocks","123","","eta","linear_cka","0.0016048482948789538","outputs\runs\v2_corrected_2026-09-23_seed123_synthetic\stage05_metrics\held_out\cnn1d_time_contrastive_blocks.csv"
"v2_corrected_2026-09-23_seed123_synthetic","synthetic","simulated_lag_10","B","held_out","cnn1d","time_contrastive_blocks","123","","Z","procrustes_r2","0.5881487771868574","outputs\runs\v2_corrected_2026-09-23_seed123_synthetic\stage05_metrics\held_out\cnn1d_time_contrastive_blocks.csv"
"v2_corrected_2026-09-23_seed123_synthetic","synthetic","simulated_lag_10","B","held_out","cnn1d","time_contrastive_blocks","123","","Z","rsa_spearman","0.47680076472266847","outputs\runs\v2_corrected_2026-09-23_seed123_synthetic\stage05_metrics\held_out\cnn1d_time_contrastive_blocks.csv"
"v2_corrected_2026-09-23_seed123_synthetic","synthetic","simulated_lag_10","B","held_out","cnn1d","time_contrastive_blocks","123","","Z","rsa_pearson","0.5022673996366935","outputs\runs\v2_corrected_2026-09-23_seed123_synthetic\stage05_metrics\held_out\cnn1d_time_contrastive_blocks.csv"
"v2_corrected_2026-09-23_seed123_synthetic","synthetic","simulated_lag_10","B","held_out","cnn1d","time_contrastive_blocks","123","","Z","linear_cka","0.6218930794015556","outputs\runs\v2_corrected_2026-09-23_seed123_synthetic\stage05_metrics\held_out\cnn1d_time_contrastive_blocks.csv"
"v2_corrected_2026-09-23_seed123_synthetic","synthetic","simulated_lag_10","A_B","held_out","cnn1d","time_contrastive_blocks","123","","","estimated_lag_bins","8","outputs\runs\v2_corrected_2026-09-23_seed123_synthetic\stage05_metrics\held_out\cnn1d_time_contrastive_blocks.csv"
"v2_corrected_2026-09-23_seed123_synthetic","synthetic","simulated_lag_10","A","held_out","pca","none","123","","M","procrustes_r2","0.7389422103142365","outputs\runs\v2_corrected_2026-09-23_seed123_synthetic\stage05_metrics\held_out\pca_none.csv"
"v2_corrected_2026-09-23_seed123_synthetic","synthetic","simulated_lag_10","A","held_out","pca","none","123","","M","rsa_spearman","0.6886684062448599","outputs\runs\v2_corrected_2026-09-23_seed123_synthetic\stage05_metrics\held_out\pca_none.csv"
"v2_corrected_2026-09-23_seed123_synthetic","synthetic","simulated_lag_10","A","held_out","pca","none","123","","M","rsa_pearson","0.7451979871314357","outputs\runs\v2_corrected_2026-09-23_seed123_synthetic\stage05_metrics\held_out\pca_none.csv"
"v2_corrected_2026-09-23_seed123_synthetic","synthetic","simulated_lag_10","A","held_out","pca","none","123","","M","linear_cka","0.7231323377978576","outputs\runs\v2_corrected_2026-09-23_seed123_synthetic\stage05_metrics\held_out\pca_none.csv"
"v2_corrected_2026-09-23_seed123_synthetic","synthetic","simulated_lag_10","A","held_out","pca","none","123","","eta","procrustes_r2","-0.9339111802158071","outputs\runs\v2_corrected_2026-09-23_seed123_synthetic\stage05_metrics\held_out\pca_none.csv"
"v2_corrected_2026-09-23_seed123_synthetic","synthetic","simulated_lag_10","A","held_out","pca","none","123","","eta","rsa_spearman","0.0011028067859233947","outputs\runs\v2_corrected_2026-09-23_seed123_synthetic\stage05_metrics\held_out\pca_none.csv"
"v2_corrected_2026-09-23_seed123_synthetic","synthetic","simulated_lag_10","A","held_out","pca","none","123","","eta","rsa_pearson","0.0007201111704912551","outputs\runs\v2_corrected_2026-09-23_seed123_synthetic\stage05_metrics\held_out\pca_none.csv"
"v2_corrected_2026-09-23_seed123_synthetic","synthetic","simulated_lag_10","A","held_out","pca","none","123","","eta","linear_cka","0.001192221737107497","outputs\runs\v2_corrected_2026-09-23_seed123_synthetic\stage05_metrics\held_out\pca_none.csv"
"v2_corrected_2026-09-23_seed123_synthetic","synthetic","simulated_lag_10","A","held_out","pca","none","123","","Z","procrustes_r2","0.7306728793490858","outputs\runs\v2_corrected_2026-09-23_seed123_synthetic\stage05_metrics\held_out\pca_none.csv"
"v2_corrected_2026-09-23_seed123_synthetic","synthetic","simulated_lag_10","A","held_out","pca","none","123","","Z","rsa_spearman","0.684719748641134","outputs\runs\v2_corrected_2026-09-23_seed123_synthetic\stage05_metrics\held_out\pca_none.csv"
"v2_corrected_2026-09-23_seed123_synthetic","synthetic","simulated_lag_10","A","held_out","pca","none","123","","Z","rsa_pearson","0.7337262106648175","outputs\runs\v2_corrected_2026-09-23_seed123_synthetic\stage05_metrics\held_out\pca_none.csv"
"v2_corrected_2026-09-23_seed123_synthetic","synthetic","simulated_lag_10","A","held_out","pca","none","123","","Z","linear_cka","0.7163416460053507","outputs\runs\v2_corrected_2026-09-23_seed123_synthetic\stage05_metrics\held_out\pca_none.csv"
"v2_corrected_2026-09-23_seed123_synthetic","synthetic","simulated_lag_10","B","held_out","pca","none","123","","M","procrustes_r2","0.7180000061879186","outputs\runs\v2_corrected_2026-09-23_seed123_synthetic\stage05_metrics\held_out\pca_none.csv"
"v2_corrected_2026-09-23_seed123_synthetic","synthetic","simulated_lag_10","B","held_out","pca","none","123","","M","rsa_spearman","0.6792973697854424","outputs\runs\v2_corrected_2026-09-23_seed123_synthetic\stage05_metrics\held_out\pca_none.csv"
"v2_corrected_2026-09-23_seed123_synthetic","synthetic","simulated_lag_10","B","held_out","pca","none","123","","M","rsa_pearson","0.7043077623831285","outputs\runs\v2_corrected_2026-09-23_seed123_synthetic\stage05_metrics\held_out\pca_none.csv"
"v2_corrected_2026-09-23_seed123_synthetic","synthetic","simulated_lag_10","B","held_out","pca","none","123","","M","linear_cka","0.7216891246294512","outputs\runs\v2_corrected_2026-09-23_seed123_synthetic\stage05_metrics\held_out\pca_none.csv"
"v2_corrected_2026-09-23_seed123_synthetic","synthetic","simulated_lag_10","B","held_out","pca","none","123","","eta","procrustes_r2","-0.9321732850960092","outputs\runs\v2_corrected_2026-09-23_seed123_synthetic\stage05_metrics\held_out\pca_none.csv"
"v2_corrected_2026-09-23_seed123_synthetic","synthetic","simulated_lag_10","B","held_out","pca","none","123","","eta","rsa_spearman","0.0015831696380746814","outputs\runs\v2_corrected_2026-09-23_seed123_synthetic\stage05_metrics\held_out\pca_none.csv"
"v2_corrected_2026-09-23_seed123_synthetic","synthetic","simulated_lag_10","B","held_out","pca","none","123","","eta","rsa_pearson","0.0014123728198377821","outputs\runs\v2_corrected_2026-09-23_seed123_synthetic\stage05_metrics\held_out\pca_none.csv"
"v2_corrected_2026-09-23_seed123_synthetic","synthetic","simulated_lag_10","B","held_out","pca","none","123","","eta","linear_cka","0.00127179893779327","outputs\runs\v2_corrected_2026-09-23_seed123_synthetic\stage05_metrics\held_out\pca_none.csv"
"v2_corrected_2026-09-23_seed123_synthetic","synthetic","simulated_lag_10","B","held_out","pca","none","123","","Z","procrustes_r2","0.7094471026857714","outputs\runs\v2_corrected_2026-09-23_seed123_synthetic\stage05_metrics\held_out\pca_none.csv"
"v2_corrected_2026-09-23_seed123_synthetic","synthetic","simulated_lag_10","B","held_out","pca","none","123","","Z","rsa_spearman","0.6737575103807113","outputs\runs\v2_corrected_2026-09-23_seed123_synthetic\stage05_metrics\held_out\pca_none.csv"
"v2_corrected_2026-09-23_seed123_synthetic","synthetic","simulated_lag_10","B","held_out","pca","none","123","","Z","rsa_pearson","0.6941122811225748","outputs\runs\v2_corrected_2026-09-23_seed123_synthetic\stage05_metrics\held_out\pca_none.csv"
"v2_corrected_2026-09-23_seed123_synthetic","synthetic","simulated_lag_10","B","held_out","pca","none","123","","Z","linear_cka","0.7148061350424426","outputs\runs\v2_corrected_2026-09-23_seed123_synthetic\stage05_metrics\held_out\pca_none.csv"
"v2_corrected_2026-09-23_seed123_synthetic","synthetic","simulated_lag_10","A_B","held_out","pca","none","123","","","estimated_lag_bins","6","outputs\runs\v2_corrected_2026-09-23_seed123_synthetic\stage05_metrics\held_out\pca_none.csv"
"v2_corrected_2026-09-23_seed123_synthetic","synthetic","simulated_lag_10","A","held_out","transformer","behavior_contrastive_blocks","123","","M","procrustes_r2","0.22601791915951797","outputs\runs\v2_corrected_2026-09-23_seed123_synthetic\stage05_metrics\held_out\transformer_behavior_contrastive_blocks.csv"
"v2_corrected_2026-09-23_seed123_synthetic","synthetic","simulated_lag_10","A","held_out","transformer","behavior_contrastive_blocks","123","","M","rsa_spearman","0.29840046885973665","outputs\runs\v2_corrected_2026-09-23_seed123_synthetic\stage05_metrics\held_out\transformer_behavior_contrastive_blocks.csv"
"v2_corrected_2026-09-23_seed123_synthetic","synthetic","simulated_lag_10","A","held_out","transformer","behavior_contrastive_blocks","123","","M","rsa_pearson","0.2895963326029564","outputs\runs\v2_corrected_2026-09-23_seed123_synthetic\stage05_metrics\held_out\transformer_behavior_contrastive_blocks.csv"
"v2_corrected_2026-09-23_seed123_synthetic","synthetic","simulated_lag_10","A","held_out","transformer","behavior_contrastive_blocks","123","","M","linear_cka","0.4554541968874933","outputs\runs\v2_corrected_2026-09-23_seed123_synthetic\stage05_metrics\held_out\transformer_behavior_contrastive_blocks.csv"
"v2_corrected_2026-09-23_seed123_synthetic","synthetic","simulated_lag_10","A","held_out","transformer","behavior_contrastive_blocks","123","","eta","procrustes_r2","-0.9335021766298812","outputs\runs\v2_corrected_2026-09-23_seed123_synthetic\stage05_metrics\held_out\transformer_behavior_contrastive_blocks.csv"
"v2_corrected_2026-09-23_seed123_synthetic","synthetic","simulated_lag_10","A","held_out","transformer","behavior_contrastive_blocks","123","","eta","rsa_spearman","0.0032524398588386566","outputs\runs\v2_corrected_2026-09-23_seed123_synthetic\stage05_metrics\held_out\transformer_behavior_contrastive_blocks.csv"
"v2_corrected_2026-09-23_seed123_synthetic","synthetic","simulated_lag_10","A","held_out","transformer","behavior_contrastive_blocks","123","","eta","rsa_pearson","0.0037236410972671186","outputs\runs\v2_corrected_2026-09-23_seed123_synthetic\stage05_metrics\held_out\transformer_behavior_contrastive_blocks.csv"
"v2_corrected_2026-09-23_seed123_synthetic","synthetic","simulated_lag_10","A","held_out","transformer","behavior_contrastive_blocks","123","","eta","linear_cka","0.0013916971068082507","outputs\runs\v2_corrected_2026-09-23_seed123_synthetic\stage05_metrics\held_out\transformer_behavior_contrastive_blocks.csv"
"v2_corrected_2026-09-23_seed123_synthetic","synthetic","simulated_lag_10","A","held_out","transformer","behavior_contrastive_blocks","123","","Z","procrustes_r2","0.22234739643511026","outputs\runs\v2_corrected_2026-09-23_seed123_synthetic\stage05_metrics\held_out\transformer_behavior_contrastive_blocks.csv"
"v2_corrected_2026-09-23_seed123_synthetic","synthetic","simulated_lag_10","A","held_out","transformer","behavior_contrastive_blocks","123","","Z","rsa_spearman","0.29727879085184505","outputs\runs\v2_corrected_2026-09-23_seed123_synthetic\stage05_metrics\held_out\transformer_behavior_contrastive_blocks.csv"
"v2_corrected_2026-09-23_seed123_synthetic","synthetic","simulated_lag_10","A","held_out","transformer","behavior_contrastive_blocks","123","","Z","rsa_pearson","0.2934011984227271","outputs\runs\v2_corrected_2026-09-23_seed123_synthetic\stage05_metrics\held_out\transformer_behavior_contrastive_blocks.csv"
"v2_corrected_2026-09-23_seed123_synthetic","synthetic","simulated_lag_10","A","held_out","transformer","behavior_contrastive_blocks","123","","Z","linear_cka","0.4527882483089733","outputs\runs\v2_corrected_2026-09-23_seed123_synthetic\stage05_metrics\held_out\transformer_behavior_contrastive_blocks.csv"
"v2_corrected_2026-09-23_seed123_synthetic","synthetic","simulated_lag_10","B","held_out","transformer","behavior_contrastive_blocks","123","","M","procrustes_r2","0.22576042846268551","outputs\runs\v2_corrected_2026-09-23_seed123_synthetic\stage05_metrics\held_out\transformer_behavior_contrastive_blocks.csv"
"v2_corrected_2026-09-23_seed123_synthetic","synthetic","simulated_lag_10","B","held_out","transformer","behavior_contrastive_blocks","123","","M","rsa_spearman","0.2801482676515086","outputs\runs\v2_corrected_2026-09-23_seed123_synthetic\stage05_metrics\held_out\transformer_behavior_contrastive_blocks.csv"
"v2_corrected_2026-09-23_seed123_synthetic","synthetic","simulated_lag_10","B","held_out","transformer","behavior_contrastive_blocks","123","","M","rsa_pearson","0.27970763613898053","outputs\runs\v2_corrected_2026-09-23_seed123_synthetic\stage05_metrics\held_out\transformer_behavior_contrastive_blocks.csv"
"v2_corrected_2026-09-23_seed123_synthetic","synthetic","simulated_lag_10","B","held_out","transformer","behavior_contrastive_blocks","123","","M","linear_cka","0.44490298108060117","outputs\runs\v2_corrected_2026-09-23_seed123_synthetic\stage05_metrics\held_out\transformer_behavior_contrastive_blocks.csv"
"v2_corrected_2026-09-23_seed123_synthetic","synthetic","simulated_lag_10","B","held_out","transformer","behavior_contrastive_blocks","123","","eta","procrustes_r2","-0.936121204107137","outputs\runs\v2_corrected_2026-09-23_seed123_synthetic\stage05_metrics\held_out\transformer_behavior_contrastive_blocks.csv"
"v2_corrected_2026-09-23_seed123_synthetic","synthetic","simulated_lag_10","B","held_out","transformer","behavior_contrastive_blocks","123","","eta","rsa_spearman","0.003703730042080332","outputs\runs\v2_corrected_2026-09-23_seed123_synthetic\stage05_metrics\held_out\transformer_behavior_contrastive_blocks.csv"
"v2_corrected_2026-09-23_seed123_synthetic","synthetic","simulated_lag_10","B","held_out","transformer","behavior_contrastive_blocks","123","","eta","rsa_pearson","0.00326676096978141","outputs\runs\v2_corrected_2026-09-23_seed123_synthetic\stage05_metrics\held_out\transformer_behavior_contrastive_blocks.csv"
"v2_corrected_2026-09-23_seed123_synthetic","synthetic","simulated_lag_10","B","held_out","transformer","behavior_contrastive_blocks","123","","eta","linear_cka","0.0012153619743947325","outputs\runs\v2_corrected_2026-09-23_seed123_synthetic\stage05_metrics\held_out\transformer_behavior_contrastive_blocks.csv"
"v2_corrected_2026-09-23_seed123_synthetic","synthetic","simulated_lag_10","B","held_out","transformer","behavior_contrastive_blocks","123","","Z","procrustes_r2","0.22190895832450452","outputs\runs\v2_corrected_2026-09-23_seed123_synthetic\stage05_metrics\held_out\transformer_behavior_contrastive_blocks.csv"
"v2_corrected_2026-09-23_seed123_synthetic","synthetic","simulated_lag_10","B","held_out","transformer","behavior_contrastive_blocks","123","","Z","rsa_spearman","0.2793917553678185","outputs\runs\v2_corrected_2026-09-23_seed123_synthetic\stage05_metrics\held_out\transformer_behavior_contrastive_blocks.csv"
"v2_corrected_2026-09-23_seed123_synthetic","synthetic","simulated_lag_10","B","held_out","transformer","behavior_contrastive_blocks","123","","Z","rsa_pearson","0.2825511983247995","outputs\runs\v2_corrected_2026-09-23_seed123_synthetic\stage05_metrics\held_out\transformer_behavior_contrastive_blocks.csv"
"v2_corrected_2026-09-23_seed123_synthetic","synthetic","simulated_lag_10","B","held_out","transformer","behavior_contrastive_blocks","123","","Z","linear_cka","0.4422907394609995","outputs\runs\v2_corrected_2026-09-23_seed123_synthetic\stage05_metrics\held_out\transformer_behavior_contrastive_blocks.csv"
"v2_corrected_2026-09-23_seed123_synthetic","synthetic","simulated_lag_10","A_B","held_out","transformer","behavior_contrastive_blocks","123","","","estimated_lag_bins","20","outputs\runs\v2_corrected_2026-09-23_seed123_synthetic\stage05_metrics\held_out\transformer_behavior_contrastive_blocks.csv"
"v2_corrected_2026-09-23_seed123_synthetic","synthetic","simulated_lag_10","A","held_out","transformer","infonce","123","","M","procrustes_r2","0.3361727337936792","outputs\runs\v2_corrected_2026-09-23_seed123_synthetic\stage05_metrics\held_out\transformer_infonce.csv"
"v2_corrected_2026-09-23_seed123_synthetic","synthetic","simulated_lag_10","A","held_out","transformer","infonce","123","","M","rsa_spearman","0.3798364100156","outputs\runs\v2_corrected_2026-09-23_seed123_synthetic\stage05_metrics\held_out\transformer_infonce.csv"
"v2_corrected_2026-09-23_seed123_synthetic","synthetic","simulated_lag_10","A","held_out","transformer","infonce","123","","M","rsa_pearson","0.3695439313969536","outputs\runs\v2_corrected_2026-09-23_seed123_synthetic\stage05_metrics\held_out\transformer_infonce.csv"
"v2_corrected_2026-09-23_seed123_synthetic","synthetic","simulated_lag_10","A","held_out","transformer","infonce","123","","M","linear_cka","0.49600969445012244","outputs\runs\v2_corrected_2026-09-23_seed123_synthetic\stage05_metrics\held_out\transformer_infonce.csv"
"v2_corrected_2026-09-23_seed123_synthetic","synthetic","simulated_lag_10","A","held_out","transformer","infonce","123","","eta","procrustes_r2","-0.9139649525727176","outputs\runs\v2_corrected_2026-09-23_seed123_synthetic\stage05_metrics\held_out\transformer_infonce.csv"
"v2_corrected_2026-09-23_seed123_synthetic","synthetic","simulated_lag_10","A","held_out","transformer","infonce","123","","eta","rsa_spearman","0.002134838570919825","outputs\runs\v2_corrected_2026-09-23_seed123_synthetic\stage05_metrics\held_out\transformer_infonce.csv"
"v2_corrected_2026-09-23_seed123_synthetic","synthetic","simulated_lag_10","A","held_out","transformer","infonce","123","","eta","rsa_pearson","0.0019533121491127807","outputs\runs\v2_corrected_2026-09-23_seed123_synthetic\stage05_metrics\held_out\transformer_infonce.csv"
"v2_corrected_2026-09-23_seed123_synthetic","synthetic","simulated_lag_10","A","held_out","transformer","infonce","123","","eta","linear_cka","0.0022192093076433095","outputs\runs\v2_corrected_2026-09-23_seed123_synthetic\stage05_metrics\held_out\transformer_infonce.csv"
"v2_corrected_2026-09-23_seed123_synthetic","synthetic","simulated_lag_10","A","held_out","transformer","infonce","123","","Z","procrustes_r2","0.3327951599598925","outputs\runs\v2_corrected_2026-09-23_seed123_synthetic\stage05_metrics\held_out\transformer_infonce.csv"
"v2_corrected_2026-09-23_seed123_synthetic","synthetic","simulated_lag_10","A","held_out","transformer","infonce","123","","Z","rsa_spearman","0.3791654839674244","outputs\runs\v2_corrected_2026-09-23_seed123_synthetic\stage05_metrics\held_out\transformer_infonce.csv"
"v2_corrected_2026-09-23_seed123_synthetic","synthetic","simulated_lag_10","A","held_out","transformer","infonce","123","","Z","rsa_pearson","0.37210451577307163","outputs\runs\v2_corrected_2026-09-23_seed123_synthetic\stage05_metrics\held_out\transformer_infonce.csv"
"v2_corrected_2026-09-23_seed123_synthetic","synthetic","simulated_lag_10","A","held_out","transformer","infonce","123","","Z","linear_cka","0.49377915200267763","outputs\runs\v2_corrected_2026-09-23_seed123_synthetic\stage05_metrics\held_out\transformer_infonce.csv"
"v2_corrected_2026-09-23_seed123_synthetic","synthetic","simulated_lag_10","B","held_out","transformer","infonce","123","","M","procrustes_r2","0.25423597594223135","outputs\runs\v2_corrected_2026-09-23_seed123_synthetic\stage05_metrics\held_out\transformer_infonce.csv"
"v2_corrected_2026-09-23_seed123_synthetic","synthetic","simulated_lag_10","B","held_out","transformer","infonce","123","","M","rsa_spearman","0.3211740038731428","outputs\runs\v2_corrected_2026-09-23_seed123_synthetic\stage05_metrics\held_out\transformer_infonce.csv"
"v2_corrected_2026-09-23_seed123_synthetic","synthetic","simulated_lag_10","B","held_out","transformer","infonce","123","","M","rsa_pearson","0.31282751445953455","outputs\runs\v2_corrected_2026-09-23_seed123_synthetic\stage05_metrics\held_out\transformer_infonce.csv"
"v2_corrected_2026-09-23_seed123_synthetic","synthetic","simulated_lag_10","B","held_out","transformer","infonce","123","","M","linear_cka","0.4480885058727646","outputs\runs\v2_corrected_2026-09-23_seed123_synthetic\stage05_metrics\held_out\transformer_infonce.csv"
"v2_corrected_2026-09-23_seed123_synthetic","synthetic","simulated_lag_10","B","held_out","transformer","infonce","123","","eta","procrustes_r2","-0.9440340930361728","outputs\runs\v2_corrected_2026-09-23_seed123_synthetic\stage05_metrics\held_out\transformer_infonce.csv"
"v2_corrected_2026-09-23_seed123_synthetic","synthetic","simulated_lag_10","B","held_out","transformer","infonce","123","","eta","rsa_spearman","0.005607752403172353","outputs\runs\v2_corrected_2026-09-23_seed123_synthetic\stage05_metrics\held_out\transformer_infonce.csv"
"v2_corrected_2026-09-23_seed123_synthetic","synthetic","simulated_lag_10","B","held_out","transformer","infonce","123","","eta","rsa_pearson","0.0036488452049829095","outputs\runs\v2_corrected_2026-09-23_seed123_synthetic\stage05_metrics\held_out\transformer_infonce.csv"
"v2_corrected_2026-09-23_seed123_synthetic","synthetic","simulated_lag_10","B","held_out","transformer","infonce","123","","eta","linear_cka","0.0011054627683339583","outputs\runs\v2_corrected_2026-09-23_seed123_synthetic\stage05_metrics\held_out\transformer_infonce.csv"
"v2_corrected_2026-09-23_seed123_synthetic","synthetic","simulated_lag_10","B","held_out","transformer","infonce","123","","Z","procrustes_r2","0.24799212928706704","outputs\runs\v2_corrected_2026-09-23_seed123_synthetic\stage05_metrics\held_out\transformer_infonce.csv"
"v2_corrected_2026-09-23_seed123_synthetic","synthetic","simulated_lag_10","B","held_out","transformer","infonce","123","","Z","rsa_spearman","0.3188880533454011","outputs\runs\v2_corrected_2026-09-23_seed123_synthetic\stage05_metrics\held_out\transformer_infonce.csv"
"v2_corrected_2026-09-23_seed123_synthetic","synthetic","simulated_lag_10","B","held_out","transformer","infonce","123","","Z","rsa_pearson","0.3136853430331983","outputs\runs\v2_corrected_2026-09-23_seed123_synthetic\stage05_metrics\held_out\transformer_infonce.csv"
"v2_corrected_2026-09-23_seed123_synthetic","synthetic","simulated_lag_10","B","held_out","transformer","infonce","123","","Z","linear_cka","0.4438708623931904","outputs\runs\v2_corrected_2026-09-23_seed123_synthetic\stage05_metrics\held_out\transformer_infonce.csv"
"v2_corrected_2026-09-23_seed123_synthetic","synthetic","simulated_lag_10","A_B","held_out","transformer","infonce","123","","","estimated_lag_bins","20","outputs\runs\v2_corrected_2026-09-23_seed123_synthetic\stage05_metrics\held_out\transformer_infonce.csv"
"v2_corrected_2026-09-23_seed123_synthetic","synthetic","simulated_lag_10","A","held_out","transformer","soft","123","","M","procrustes_r2","0.41241226988296276","outputs\runs\v2_corrected_2026-09-23_seed123_synthetic\stage05_metrics\held_out\transformer_soft.csv"
"v2_corrected_2026-09-23_seed123_synthetic","synthetic","simulated_lag_10","A","held_out","transformer","soft","123","","M","rsa_spearman","0.6068380604852028","outputs\runs\v2_corrected_2026-09-23_seed123_synthetic\stage05_metrics\held_out\transformer_soft.csv"
"v2_corrected_2026-09-23_seed123_synthetic","synthetic","simulated_lag_10","A","held_out","transformer","soft","123","","M","rsa_pearson","0.606760888015422","outputs\runs\v2_corrected_2026-09-23_seed123_synthetic\stage05_metrics\held_out\transformer_soft.csv"
"v2_corrected_2026-09-23_seed123_synthetic","synthetic","simulated_lag_10","A","held_out","transformer","soft","123","","M","linear_cka","0.5930888746328898","outputs\runs\v2_corrected_2026-09-23_seed123_synthetic\stage05_metrics\held_out\transformer_soft.csv"
"v2_corrected_2026-09-23_seed123_synthetic","synthetic","simulated_lag_10","A","held_out","transformer","soft","123","","eta","procrustes_r2","-0.945953683557387","outputs\runs\v2_corrected_2026-09-23_seed123_synthetic\stage05_metrics\held_out\transformer_soft.csv"
"v2_corrected_2026-09-23_seed123_synthetic","synthetic","simulated_lag_10","A","held_out","transformer","soft","123","","eta","rsa_spearman","0.006904009749395157","outputs\runs\v2_corrected_2026-09-23_seed123_synthetic\stage05_metrics\held_out\transformer_soft.csv"
"v2_corrected_2026-09-23_seed123_synthetic","synthetic","simulated_lag_10","A","held_out","transformer","soft","123","","eta","rsa_pearson","0.00722532983399335","outputs\runs\v2_corrected_2026-09-23_seed123_synthetic\stage05_metrics\held_out\transformer_soft.csv"
"v2_corrected_2026-09-23_seed123_synthetic","synthetic","simulated_lag_10","A","held_out","transformer","soft","123","","eta","linear_cka","0.0008827897976374689","outputs\runs\v2_corrected_2026-09-23_seed123_synthetic\stage05_metrics\held_out\transformer_soft.csv"
"v2_corrected_2026-09-23_seed123_synthetic","synthetic","simulated_lag_10","A","held_out","transformer","soft","123","","Z","procrustes_r2","0.40616000999134105","outputs\runs\v2_corrected_2026-09-23_seed123_synthetic\stage05_metrics\held_out\transformer_soft.csv"
"v2_corrected_2026-09-23_seed123_synthetic","synthetic","simulated_lag_10","A","held_out","transformer","soft","123","","Z","rsa_spearman","0.600927596944258","outputs\runs\v2_corrected_2026-09-23_seed123_synthetic\stage05_metrics\held_out\transformer_soft.csv"
"v2_corrected_2026-09-23_seed123_synthetic","synthetic","simulated_lag_10","A","held_out","transformer","soft","123","","Z","rsa_pearson","0.5990945758919145","outputs\runs\v2_corrected_2026-09-23_seed123_synthetic\stage05_metrics\held_out\transformer_soft.csv"
"v2_corrected_2026-09-23_seed123_synthetic","synthetic","simulated_lag_10","A","held_out","transformer","soft","123","","Z","linear_cka","0.5876444975839233","outputs\runs\v2_corrected_2026-09-23_seed123_synthetic\stage05_metrics\held_out\transformer_soft.csv"
"v2_corrected_2026-09-23_seed123_synthetic","synthetic","simulated_lag_10","B","held_out","transformer","soft","123","","M","procrustes_r2","0.3032950724886132","outputs\runs\v2_corrected_2026-09-23_seed123_synthetic\stage05_metrics\held_out\transformer_soft.csv"
"v2_corrected_2026-09-23_seed123_synthetic","synthetic","simulated_lag_10","B","held_out","transformer","soft","123","","M","rsa_spearman","0.49549760983574","outputs\runs\v2_corrected_2026-09-23_seed123_synthetic\stage05_metrics\held_out\transformer_soft.csv"
"v2_corrected_2026-09-23_seed123_synthetic","synthetic","simulated_lag_10","B","held_out","transformer","soft","123","","M","rsa_pearson","0.4853066243800257","outputs\runs\v2_corrected_2026-09-23_seed123_synthetic\stage05_metrics\held_out\transformer_soft.csv"
"v2_corrected_2026-09-23_seed123_synthetic","synthetic","simulated_lag_10","B","held_out","transformer","soft","123","","M","linear_cka","0.5146694683969743","outputs\runs\v2_corrected_2026-09-23_seed123_synthetic\stage05_metrics\held_out\transformer_soft.csv"
"v2_corrected_2026-09-23_seed123_synthetic","synthetic","simulated_lag_10","B","held_out","transformer","soft","123","","eta","procrustes_r2","-0.9354843450678016","outputs\runs\v2_corrected_2026-09-23_seed123_synthetic\stage05_metrics\held_out\transformer_soft.csv"
"v2_corrected_2026-09-23_seed123_synthetic","synthetic","simulated_lag_10","B","held_out","transformer","soft","123","","eta","rsa_spearman","0.004429086567278932","outputs\runs\v2_corrected_2026-09-23_seed123_synthetic\stage05_metrics\held_out\transformer_soft.csv"
"v2_corrected_2026-09-23_seed123_synthetic","synthetic","simulated_lag_10","B","held_out","transformer","soft","123","","eta","rsa_pearson","0.004548662919592376","outputs\runs\v2_corrected_2026-09-23_seed123_synthetic\stage05_metrics\held_out\transformer_soft.csv"
"v2_corrected_2026-09-23_seed123_synthetic","synthetic","simulated_lag_10","B","held_out","transformer","soft","123","","eta","linear_cka","0.0013789525983413983","outputs\runs\v2_corrected_2026-09-23_seed123_synthetic\stage05_metrics\held_out\transformer_soft.csv"
"v2_corrected_2026-09-23_seed123_synthetic","synthetic","simulated_lag_10","B","held_out","transformer","soft","123","","Z","procrustes_r2","0.2987795294423137","outputs\runs\v2_corrected_2026-09-23_seed123_synthetic\stage05_metrics\held_out\transformer_soft.csv"
"v2_corrected_2026-09-23_seed123_synthetic","synthetic","simulated_lag_10","B","held_out","transformer","soft","123","","Z","rsa_spearman","0.4929507577921855","outputs\runs\v2_corrected_2026-09-23_seed123_synthetic\stage05_metrics\held_out\transformer_soft.csv"
"v2_corrected_2026-09-23_seed123_synthetic","synthetic","simulated_lag_10","B","held_out","transformer","soft","123","","Z","rsa_pearson","0.48198073015365744","outputs\runs\v2_corrected_2026-09-23_seed123_synthetic\stage05_metrics\held_out\transformer_soft.csv"
"v2_corrected_2026-09-23_seed123_synthetic","synthetic","simulated_lag_10","B","held_out","transformer","soft","123","","Z","linear_cka","0.5114820835056113","outputs\runs\v2_corrected_2026-09-23_seed123_synthetic\stage05_metrics\held_out\transformer_soft.csv"
"v2_corrected_2026-09-23_seed123_synthetic","synthetic","simulated_lag_10","A_B","held_out","transformer","soft","123","","","estimated_lag_bins","19","outputs\runs\v2_corrected_2026-09-23_seed123_synthetic\stage05_metrics\held_out\transformer_soft.csv"
"v2_corrected_2026-09-23_seed123_synthetic","synthetic","simulated_lag_10","A","held_out","transformer","time_contrastive_blocks","123","","M","procrustes_r2","0.27557770355955336","outputs\runs\v2_corrected_2026-09-23_seed123_synthetic\stage05_metrics\held_out\transformer_time_contrastive_blocks.csv"
"v2_corrected_2026-09-23_seed123_synthetic","synthetic","simulated_lag_10","A","held_out","transformer","time_contrastive_blocks","123","","M","rsa_spearman","0.5024387635431129","outputs\runs\v2_corrected_2026-09-23_seed123_synthetic\stage05_metrics\held_out\transformer_time_contrastive_blocks.csv"
"v2_corrected_2026-09-23_seed123_synthetic","synthetic","simulated_lag_10","A","held_out","transformer","time_contrastive_blocks","123","","M","rsa_pearson","0.5481036147659618","outputs\runs\v2_corrected_2026-09-23_seed123_synthetic\stage05_metrics\held_out\transformer_time_contrastive_blocks.csv"
"v2_corrected_2026-09-23_seed123_synthetic","synthetic","simulated_lag_10","A","held_out","transformer","time_contrastive_blocks","123","","M","linear_cka","0.52984107718722","outputs\runs\v2_corrected_2026-09-23_seed123_synthetic\stage05_metrics\held_out\transformer_time_contrastive_blocks.csv"
"v2_corrected_2026-09-23_seed123_synthetic","synthetic","simulated_lag_10","A","held_out","transformer","time_contrastive_blocks","123","","eta","procrustes_r2","-0.9308139863159561","outputs\runs\v2_corrected_2026-09-23_seed123_synthetic\stage05_metrics\held_out\transformer_time_contrastive_blocks.csv"
"v2_corrected_2026-09-23_seed123_synthetic","synthetic","simulated_lag_10","A","held_out","transformer","time_contrastive_blocks","123","","eta","rsa_spearman","-0.001839219786074685","outputs\runs\v2_corrected_2026-09-23_seed123_synthetic\stage05_metrics\held_out\transformer_time_contrastive_blocks.csv"
"v2_corrected_2026-09-23_seed123_synthetic","synthetic","simulated_lag_10","A","held_out","transformer","time_contrastive_blocks","123","","eta","rsa_pearson","-0.0018606681838889878","outputs\runs\v2_corrected_2026-09-23_seed123_synthetic\stage05_metrics\held_out\transformer_time_contrastive_blocks.csv"
"v2_corrected_2026-09-23_seed123_synthetic","synthetic","simulated_lag_10","A","held_out","transformer","time_contrastive_blocks","123","","eta","linear_cka","0.0013755046573757713","outputs\runs\v2_corrected_2026-09-23_seed123_synthetic\stage05_metrics\held_out\transformer_time_contrastive_blocks.csv"
"v2_corrected_2026-09-23_seed123_synthetic","synthetic","simulated_lag_10","A","held_out","transformer","time_contrastive_blocks","123","","Z","procrustes_r2","0.27305923326002624","outputs\runs\v2_corrected_2026-09-23_seed123_synthetic\stage05_metrics\held_out\transformer_time_contrastive_blocks.csv"
"v2_corrected_2026-09-23_seed123_synthetic","synthetic","simulated_lag_10","A","held_out","transformer","time_contrastive_blocks","123","","Z","rsa_spearman","0.5000518151573716","outputs\runs\v2_corrected_2026-09-23_seed123_synthetic\stage05_metrics\held_out\transformer_time_contrastive_blocks.csv"
"v2_corrected_2026-09-23_seed123_synthetic","synthetic","simulated_lag_10","A","held_out","transformer","time_contrastive_blocks","123","","Z","rsa_pearson","0.537151045323851","outputs\runs\v2_corrected_2026-09-23_seed123_synthetic\stage05_metrics\held_out\transformer_time_contrastive_blocks.csv"
"v2_corrected_2026-09-23_seed123_synthetic","synthetic","simulated_lag_10","A","held_out","transformer","time_contrastive_blocks","123","","Z","linear_cka","0.5261869884643774","outputs\runs\v2_corrected_2026-09-23_seed123_synthetic\stage05_metrics\held_out\transformer_time_contrastive_blocks.csv"
"v2_corrected_2026-09-23_seed123_synthetic","synthetic","simulated_lag_10","B","held_out","transformer","time_contrastive_blocks","123","","M","procrustes_r2","0.6448528387774206","outputs\runs\v2_corrected_2026-09-23_seed123_synthetic\stage05_metrics\held_out\transformer_time_contrastive_blocks.csv"
"v2_corrected_2026-09-23_seed123_synthetic","synthetic","simulated_lag_10","B","held_out","transformer","time_contrastive_blocks","123","","M","rsa_spearman","0.5591143071984399","outputs\runs\v2_corrected_2026-09-23_seed123_synthetic\stage05_metrics\held_out\transformer_time_contrastive_blocks.csv"
"v2_corrected_2026-09-23_seed123_synthetic","synthetic","simulated_lag_10","B","held_out","transformer","time_contrastive_blocks","123","","M","rsa_pearson","0.5858939036462286","outputs\runs\v2_corrected_2026-09-23_seed123_synthetic\stage05_metrics\held_out\transformer_time_contrastive_blocks.csv"
"v2_corrected_2026-09-23_seed123_synthetic","synthetic","simulated_lag_10","B","held_out","transformer","time_contrastive_blocks","123","","M","linear_cka","0.6652085188666119","outputs\runs\v2_corrected_2026-09-23_seed123_synthetic\stage05_metrics\held_out\transformer_time_contrastive_blocks.csv"
"v2_corrected_2026-09-23_seed123_synthetic","synthetic","simulated_lag_10","B","held_out","transformer","time_contrastive_blocks","123","","eta","procrustes_r2","-0.921183653641646","outputs\runs\v2_corrected_2026-09-23_seed123_synthetic\stage05_metrics\held_out\transformer_time_contrastive_blocks.csv"
"v2_corrected_2026-09-23_seed123_synthetic","synthetic","simulated_lag_10","B","held_out","transformer","time_contrastive_blocks","123","","eta","rsa_spearman","0.00095260453394305","outputs\runs\v2_corrected_2026-09-23_seed123_synthetic\stage05_metrics\held_out\transformer_time_contrastive_blocks.csv"
"v2_corrected_2026-09-23_seed123_synthetic","synthetic","simulated_lag_10","B","held_out","transformer","time_contrastive_blocks","123","","eta","rsa_pearson","0.0005786496384976175","outputs\runs\v2_corrected_2026-09-23_seed123_synthetic\stage05_metrics\held_out\transformer_time_contrastive_blocks.csv"
"v2_corrected_2026-09-23_seed123_synthetic","synthetic","simulated_lag_10","B","held_out","transformer","time_contrastive_blocks","123","","eta","linear_cka","0.0016741716862227344","outputs\runs\v2_corrected_2026-09-23_seed123_synthetic\stage05_metrics\held_out\transformer_time_contrastive_blocks.csv"
"v2_corrected_2026-09-23_seed123_synthetic","synthetic","simulated_lag_10","B","held_out","transformer","time_contrastive_blocks","123","","Z","procrustes_r2","0.6390513503622968","outputs\runs\v2_corrected_2026-09-23_seed123_synthetic\stage05_metrics\held_out\transformer_time_contrastive_blocks.csv"
"v2_corrected_2026-09-23_seed123_synthetic","synthetic","simulated_lag_10","B","held_out","transformer","time_contrastive_blocks","123","","Z","rsa_spearman","0.5566857785464376","outputs\runs\v2_corrected_2026-09-23_seed123_synthetic\stage05_metrics\held_out\transformer_time_contrastive_blocks.csv"
"v2_corrected_2026-09-23_seed123_synthetic","synthetic","simulated_lag_10","B","held_out","transformer","time_contrastive_blocks","123","","Z","rsa_pearson","0.5793981883875737","outputs\runs\v2_corrected_2026-09-23_seed123_synthetic\stage05_metrics\held_out\transformer_time_contrastive_blocks.csv"
"v2_corrected_2026-09-23_seed123_synthetic","synthetic","simulated_lag_10","B","held_out","transformer","time_contrastive_blocks","123","","Z","linear_cka","0.6607446243550431","outputs\runs\v2_corrected_2026-09-23_seed123_synthetic\stage05_metrics\held_out\transformer_time_contrastive_blocks.csv"
"v2_corrected_2026-09-23_seed123_synthetic","synthetic","simulated_lag_10","A_B","held_out","transformer","time_contrastive_blocks","123","","","estimated_lag_bins","4","outputs\runs\v2_corrected_2026-09-23_seed123_synthetic\stage05_metrics\held_out\transformer_time_contrastive_blocks.csv"
"v2_corrected_2026-09-23_seed123_synthetic","synthetic","simulated_lag_10","A","full_sample","cnn1d","behavior_contrastive_blocks","123","","M","procrustes_r2","0.3603977811042056","outputs\runs\v2_corrected_2026-09-23_seed123_synthetic\stage05_metrics\full_sample\cnn1d_behavior_contrastive_blocks.csv"
"v2_corrected_2026-09-23_seed123_synthetic","synthetic","simulated_lag_10","A","full_sample","cnn1d","behavior_contrastive_blocks","123","","M","rsa_spearman","0.3738042700581936","outputs\runs\v2_corrected_2026-09-23_seed123_synthetic\stage05_metrics\full_sample\cnn1d_behavior_contrastive_blocks.csv"
"v2_corrected_2026-09-23_seed123_synthetic","synthetic","simulated_lag_10","A","full_sample","cnn1d","behavior_contrastive_blocks","123","","M","rsa_pearson","0.36259745155559264","outputs\runs\v2_corrected_2026-09-23_seed123_synthetic\stage05_metrics\full_sample\cnn1d_behavior_contrastive_blocks.csv"
"v2_corrected_2026-09-23_seed123_synthetic","synthetic","simulated_lag_10","A","full_sample","cnn1d","behavior_contrastive_blocks","123","","M","linear_cka","0.5609304205022086","outputs\runs\v2_corrected_2026-09-23_seed123_synthetic\stage05_metrics\full_sample\cnn1d_behavior_contrastive_blocks.csv"
"v2_corrected_2026-09-23_seed123_synthetic","synthetic","simulated_lag_10","A","full_sample","cnn1d","behavior_contrastive_blocks","123","","eta","procrustes_r2","-0.978811955687027","outputs\runs\v2_corrected_2026-09-23_seed123_synthetic\stage05_metrics\full_sample\cnn1d_behavior_contrastive_blocks.csv"
"v2_corrected_2026-09-23_seed123_synthetic","synthetic","simulated_lag_10","A","full_sample","cnn1d","behavior_contrastive_blocks","123","","eta","rsa_spearman","0.0003544279399270182","outputs\runs\v2_corrected_2026-09-23_seed123_synthetic\stage05_metrics\full_sample\cnn1d_behavior_contrastive_blocks.csv"
"v2_corrected_2026-09-23_seed123_synthetic","synthetic","simulated_lag_10","A","full_sample","cnn1d","behavior_contrastive_blocks","123","","eta","rsa_pearson","0.0005730739165918425","outputs\runs\v2_corrected_2026-09-23_seed123_synthetic\stage05_metrics\full_sample\cnn1d_behavior_contrastive_blocks.csv"
"v2_corrected_2026-09-23_seed123_synthetic","synthetic","simulated_lag_10","A","full_sample","cnn1d","behavior_contrastive_blocks","123","","eta","linear_cka","0.00014528454497143902","outputs\runs\v2_corrected_2026-09-23_seed123_synthetic\stage05_metrics\full_sample\cnn1d_behavior_contrastive_blocks.csv"
"v2_corrected_2026-09-23_seed123_synthetic","synthetic","simulated_lag_10","A","full_sample","cnn1d","behavior_contrastive_blocks","123","","Z","procrustes_r2","0.3499072980344401","outputs\runs\v2_corrected_2026-09-23_seed123_synthetic\stage05_metrics\full_sample\cnn1d_behavior_contrastive_blocks.csv"
"v2_corrected_2026-09-23_seed123_synthetic","synthetic","simulated_lag_10","A","full_sample","cnn1d","behavior_contrastive_blocks","123","","Z","rsa_spearman","0.3641144435219761","outputs\runs\v2_corrected_2026-09-23_seed123_synthetic\stage05_metrics\full_sample\cnn1d_behavior_contrastive_blocks.csv"
"v2_corrected_2026-09-23_seed123_synthetic","synthetic","simulated_lag_10","A","full_sample","cnn1d","behavior_contrastive_blocks","123","","Z","rsa_pearson","0.3607114554679584","outputs\runs\v2_corrected_2026-09-23_seed123_synthetic\stage05_metrics\full_sample\cnn1d_behavior_contrastive_blocks.csv"
"v2_corrected_2026-09-23_seed123_synthetic","synthetic","simulated_lag_10","A","full_sample","cnn1d","behavior_contrastive_blocks","123","","Z","linear_cka","0.5524064152942276","outputs\runs\v2_corrected_2026-09-23_seed123_synthetic\stage05_metrics\full_sample\cnn1d_behavior_contrastive_blocks.csv"
"v2_corrected_2026-09-23_seed123_synthetic","synthetic","simulated_lag_10","B","full_sample","cnn1d","behavior_contrastive_blocks","123","","M","procrustes_r2","0.3538398719340512","outputs\runs\v2_corrected_2026-09-23_seed123_synthetic\stage05_metrics\full_sample\cnn1d_behavior_contrastive_blocks.csv"
"v2_corrected_2026-09-23_seed123_synthetic","synthetic","simulated_lag_10","B","full_sample","cnn1d","behavior_contrastive_blocks","123","","M","rsa_spearman","0.357184284477886","outputs\runs\v2_corrected_2026-09-23_seed123_synthetic\stage05_metrics\full_sample\cnn1d_behavior_contrastive_blocks.csv"
"v2_corrected_2026-09-23_seed123_synthetic","synthetic","simulated_lag_10","B","full_sample","cnn1d","behavior_contrastive_blocks","123","","M","rsa_pearson","0.35505231883437754","outputs\runs\v2_corrected_2026-09-23_seed123_synthetic\stage05_metrics\full_sample\cnn1d_behavior_contrastive_blocks.csv"
"v2_corrected_2026-09-23_seed123_synthetic","synthetic","simulated_lag_10","B","full_sample","cnn1d","behavior_contrastive_blocks","123","","M","linear_cka","0.5526500899066741","outputs\runs\v2_corrected_2026-09-23_seed123_synthetic\stage05_metrics\full_sample\cnn1d_behavior_contrastive_blocks.csv"
"v2_corrected_2026-09-23_seed123_synthetic","synthetic","simulated_lag_10","B","full_sample","cnn1d","behavior_contrastive_blocks","123","","eta","procrustes_r2","-0.9790035440718192","outputs\runs\v2_corrected_2026-09-23_seed123_synthetic\stage05_metrics\full_sample\cnn1d_behavior_contrastive_blocks.csv"
"v2_corrected_2026-09-23_seed123_synthetic","synthetic","simulated_lag_10","B","full_sample","cnn1d","behavior_contrastive_blocks","123","","eta","rsa_spearman","0.007101925415218874","outputs\runs\v2_corrected_2026-09-23_seed123_synthetic\stage05_metrics\full_sample\cnn1d_behavior_contrastive_blocks.csv"
"v2_corrected_2026-09-23_seed123_synthetic","synthetic","simulated_lag_10","B","full_sample","cnn1d","behavior_contrastive_blocks","123","","eta","rsa_pearson","0.006631299495374355","outputs\runs\v2_corrected_2026-09-23_seed123_synthetic\stage05_metrics\full_sample\cnn1d_behavior_contrastive_blocks.csv"
"v2_corrected_2026-09-23_seed123_synthetic","synthetic","simulated_lag_10","B","full_sample","cnn1d","behavior_contrastive_blocks","123","","eta","linear_cka","0.0001393144861644597","outputs\runs\v2_corrected_2026-09-23_seed123_synthetic\stage05_metrics\full_sample\cnn1d_behavior_contrastive_blocks.csv"
"v2_corrected_2026-09-23_seed123_synthetic","synthetic","simulated_lag_10","B","full_sample","cnn1d","behavior_contrastive_blocks","123","","Z","procrustes_r2","0.3425125053570417","outputs\runs\v2_corrected_2026-09-23_seed123_synthetic\stage05_metrics\full_sample\cnn1d_behavior_contrastive_blocks.csv"
"v2_corrected_2026-09-23_seed123_synthetic","synthetic","simulated_lag_10","B","full_sample","cnn1d","behavior_contrastive_blocks","123","","Z","rsa_spearman","0.3499240190556017","outputs\runs\v2_corrected_2026-09-23_seed123_synthetic\stage05_metrics\full_sample\cnn1d_behavior_contrastive_blocks.csv"
"v2_corrected_2026-09-23_seed123_synthetic","synthetic","simulated_lag_10","B","full_sample","cnn1d","behavior_contrastive_blocks","123","","Z","rsa_pearson","0.35227797040227476","outputs\runs\v2_corrected_2026-09-23_seed123_synthetic\stage05_metrics\full_sample\cnn1d_behavior_contrastive_blocks.csv"
"v2_corrected_2026-09-23_seed123_synthetic","synthetic","simulated_lag_10","B","full_sample","cnn1d","behavior_contrastive_blocks","123","","Z","linear_cka","0.5435043515917183","outputs\runs\v2_corrected_2026-09-23_seed123_synthetic\stage05_metrics\full_sample\cnn1d_behavior_contrastive_blocks.csv"
"v2_corrected_2026-09-23_seed123_synthetic","synthetic","simulated_lag_10","A_B","full_sample","cnn1d","behavior_contrastive_blocks","123","","","estimated_lag_bins","20","outputs\runs\v2_corrected_2026-09-23_seed123_synthetic\stage05_metrics\full_sample\cnn1d_behavior_contrastive_blocks.csv"
"v2_corrected_2026-09-23_seed123_synthetic","synthetic","simulated_lag_10","A","full_sample","cnn1d","infonce","123","","M","procrustes_r2","0.3718078209984781","outputs\runs\v2_corrected_2026-09-23_seed123_synthetic\stage05_metrics\full_sample\cnn1d_infonce.csv"
"v2_corrected_2026-09-23_seed123_synthetic","synthetic","simulated_lag_10","A","full_sample","cnn1d","infonce","123","","M","rsa_spearman","0.36909736671993587","outputs\runs\v2_corrected_2026-09-23_seed123_synthetic\stage05_metrics\full_sample\cnn1d_infonce.csv"
"v2_corrected_2026-09-23_seed123_synthetic","synthetic","simulated_lag_10","A","full_sample","cnn1d","infonce","123","","M","rsa_pearson","0.3599140460205783","outputs\runs\v2_corrected_2026-09-23_seed123_synthetic\stage05_metrics\full_sample\cnn1d_infonce.csv"
"v2_corrected_2026-09-23_seed123_synthetic","synthetic","simulated_lag_10","A","full_sample","cnn1d","infonce","123","","M","linear_cka","0.5579876448792341","outputs\runs\v2_corrected_2026-09-23_seed123_synthetic\stage05_metrics\full_sample\cnn1d_infonce.csv"
"v2_corrected_2026-09-23_seed123_synthetic","synthetic","simulated_lag_10","A","full_sample","cnn1d","infonce","123","","eta","procrustes_r2","-0.9780980136556341","outputs\runs\v2_corrected_2026-09-23_seed123_synthetic\stage05_metrics\full_sample\cnn1d_infonce.csv"
"v2_corrected_2026-09-23_seed123_synthetic","synthetic","simulated_lag_10","A","full_sample","cnn1d","infonce","123","","eta","rsa_spearman","-0.00029538777105623615","outputs\runs\v2_corrected_2026-09-23_seed123_synthetic\stage05_metrics\full_sample\cnn1d_infonce.csv"
"v2_corrected_2026-09-23_seed123_synthetic","synthetic","simulated_lag_10","A","full_sample","cnn1d","infonce","123","","eta","rsa_pearson","0.00043710665061325775","outputs\runs\v2_corrected_2026-09-23_seed123_synthetic\stage05_metrics\full_sample\cnn1d_infonce.csv"
"v2_corrected_2026-09-23_seed123_synthetic","synthetic","simulated_lag_10","A","full_sample","cnn1d","infonce","123","","eta","linear_cka","0.00014848749605157516","outputs\runs\v2_corrected_2026-09-23_seed123_synthetic\stage05_metrics\full_sample\cnn1d_infonce.csv"
"v2_corrected_2026-09-23_seed123_synthetic","synthetic","simulated_lag_10","A","full_sample","cnn1d","infonce","123","","Z","procrustes_r2","0.36112440840386506","outputs\runs\v2_corrected_2026-09-23_seed123_synthetic\stage05_metrics\full_sample\cnn1d_infonce.csv"
"v2_corrected_2026-09-23_seed123_synthetic","synthetic","simulated_lag_10","A","full_sample","cnn1d","infonce","123","","Z","rsa_spearman","0.3593891950876241","outputs\runs\v2_corrected_2026-09-23_seed123_synthetic\stage05_metrics\full_sample\cnn1d_infonce.csv"
"v2_corrected_2026-09-23_seed123_synthetic","synthetic","simulated_lag_10","A","full_sample","cnn1d","infonce","123","","Z","rsa_pearson","0.358137019834769","outputs\runs\v2_corrected_2026-09-23_seed123_synthetic\stage05_metrics\full_sample\cnn1d_infonce.csv"
"v2_corrected_2026-09-23_seed123_synthetic","synthetic","simulated_lag_10","A","full_sample","cnn1d","infonce","123","","Z","linear_cka","0.5494583332384074","outputs\runs\v2_corrected_2026-09-23_seed123_synthetic\stage05_metrics\full_sample\cnn1d_infonce.csv"
"v2_corrected_2026-09-23_seed123_synthetic","synthetic","simulated_lag_10","B","full_sample","cnn1d","infonce","123","","M","procrustes_r2","0.3766618608285538","outputs\runs\v2_corrected_2026-09-23_seed123_synthetic\stage05_metrics\full_sample\cnn1d_infonce.csv"
"v2_corrected_2026-09-23_seed123_synthetic","synthetic","simulated_lag_10","B","full_sample","cnn1d","infonce","123","","M","rsa_spearman","0.3586210622987196","outputs\runs\v2_corrected_2026-09-23_seed123_synthetic\stage05_metrics\full_sample\cnn1d_infonce.csv"
"v2_corrected_2026-09-23_seed123_synthetic","synthetic","simulated_lag_10","B","full_sample","cnn1d","infonce","123","","M","rsa_pearson","0.35818590080003815","outputs\runs\v2_corrected_2026-09-23_seed123_synthetic\stage05_metrics\full_sample\cnn1d_infonce.csv"
"v2_corrected_2026-09-23_seed123_synthetic","synthetic","simulated_lag_10","B","full_sample","cnn1d","infonce","123","","M","linear_cka","0.5614664279512482","outputs\runs\v2_corrected_2026-09-23_seed123_synthetic\stage05_metrics\full_sample\cnn1d_infonce.csv"
"v2_corrected_2026-09-23_seed123_synthetic","synthetic","simulated_lag_10","B","full_sample","cnn1d","infonce","123","","eta","procrustes_r2","-0.9801456790748269","outputs\runs\v2_corrected_2026-09-23_seed123_synthetic\stage05_metrics\full_sample\cnn1d_infonce.csv"
"v2_corrected_2026-09-23_seed123_synthetic","synthetic","simulated_lag_10","B","full_sample","cnn1d","infonce","123","","eta","rsa_spearman","0.007569948430405415","outputs\runs\v2_corrected_2026-09-23_seed123_synthetic\stage05_metrics\full_sample\cnn1d_infonce.csv"
"v2_corrected_2026-09-23_seed123_synthetic","synthetic","simulated_lag_10","B","full_sample","cnn1d","infonce","123","","eta","rsa_pearson","0.007569864675601223","outputs\runs\v2_corrected_2026-09-23_seed123_synthetic\stage05_metrics\full_sample\cnn1d_infonce.csv"
"v2_corrected_2026-09-23_seed123_synthetic","synthetic","simulated_lag_10","B","full_sample","cnn1d","infonce","123","","eta","linear_cka","0.00012050367338285318","outputs\runs\v2_corrected_2026-09-23_seed123_synthetic\stage05_metrics\full_sample\cnn1d_infonce.csv"
"v2_corrected_2026-09-23_seed123_synthetic","synthetic","simulated_lag_10","B","full_sample","cnn1d","infonce","123","","Z","procrustes_r2","0.3646811424257407","outputs\runs\v2_corrected_2026-09-23_seed123_synthetic\stage05_metrics\full_sample\cnn1d_infonce.csv"
"v2_corrected_2026-09-23_seed123_synthetic","synthetic","simulated_lag_10","B","full_sample","cnn1d","infonce","123","","Z","rsa_spearman","0.3514016378513036","outputs\runs\v2_corrected_2026-09-23_seed123_synthetic\stage05_metrics\full_sample\cnn1d_infonce.csv"
"v2_corrected_2026-09-23_seed123_synthetic","synthetic","simulated_lag_10","B","full_sample","cnn1d","infonce","123","","Z","rsa_pearson","0.3554911819656618","outputs\runs\v2_corrected_2026-09-23_seed123_synthetic\stage05_metrics\full_sample\cnn1d_infonce.csv"
"v2_corrected_2026-09-23_seed123_synthetic","synthetic","simulated_lag_10","B","full_sample","cnn1d","infonce","123","","Z","linear_cka","0.5518392913945407","outputs\runs\v2_corrected_2026-09-23_seed123_synthetic\stage05_metrics\full_sample\cnn1d_infonce.csv"
"v2_corrected_2026-09-23_seed123_synthetic","synthetic","simulated_lag_10","A_B","full_sample","cnn1d","infonce","123","","","estimated_lag_bins","16","outputs\runs\v2_corrected_2026-09-23_seed123_synthetic\stage05_metrics\full_sample\cnn1d_infonce.csv"
"v2_corrected_2026-09-23_seed123_synthetic","synthetic","simulated_lag_10","A","full_sample","cnn1d","soft","123","","M","procrustes_r2","0.40094656221950276","outputs\runs\v2_corrected_2026-09-23_seed123_synthetic\stage05_metrics\full_sample\cnn1d_soft.csv"
"v2_corrected_2026-09-23_seed123_synthetic","synthetic","simulated_lag_10","A","full_sample","cnn1d","soft","123","","M","rsa_spearman","0.5586429653965499","outputs\runs\v2_corrected_2026-09-23_seed123_synthetic\stage05_metrics\full_sample\cnn1d_soft.csv"
"v2_corrected_2026-09-23_seed123_synthetic","synthetic","simulated_lag_10","A","full_sample","cnn1d","soft","123","","M","rsa_pearson","0.5446034074487471","outputs\runs\v2_corrected_2026-09-23_seed123_synthetic\stage05_metrics\full_sample\cnn1d_soft.csv"
"v2_corrected_2026-09-23_seed123_synthetic","synthetic","simulated_lag_10","A","full_sample","cnn1d","soft","123","","M","linear_cka","0.5939249515098648","outputs\runs\v2_corrected_2026-09-23_seed123_synthetic\stage05_metrics\full_sample\cnn1d_soft.csv"
"v2_corrected_2026-09-23_seed123_synthetic","synthetic","simulated_lag_10","A","full_sample","cnn1d","soft","123","","eta","procrustes_r2","-0.9808854352084688","outputs\runs\v2_corrected_2026-09-23_seed123_synthetic\stage05_metrics\full_sample\cnn1d_soft.csv"
"v2_corrected_2026-09-23_seed123_synthetic","synthetic","simulated_lag_10","A","full_sample","cnn1d","soft","123","","eta","rsa_spearman","0.003006882605176598","outputs\runs\v2_corrected_2026-09-23_seed123_synthetic\stage05_metrics\full_sample\cnn1d_soft.csv"
"v2_corrected_2026-09-23_seed123_synthetic","synthetic","simulated_lag_10","A","full_sample","cnn1d","soft","123","","eta","rsa_pearson","0.002767977312472806","outputs\runs\v2_corrected_2026-09-23_seed123_synthetic\stage05_metrics\full_sample\cnn1d_soft.csv"
"v2_corrected_2026-09-23_seed123_synthetic","synthetic","simulated_lag_10","A","full_sample","cnn1d","soft","123","","eta","linear_cka","0.00011750913059791436","outputs\runs\v2_corrected_2026-09-23_seed123_synthetic\stage05_metrics\full_sample\cnn1d_soft.csv"
"v2_corrected_2026-09-23_seed123_synthetic","synthetic","simulated_lag_10","A","full_sample","cnn1d","soft","123","","Z","procrustes_r2","0.3894947027630322","outputs\runs\v2_corrected_2026-09-23_seed123_synthetic\stage05_metrics\full_sample\cnn1d_soft.csv"
"v2_corrected_2026-09-23_seed123_synthetic","synthetic","simulated_lag_10","A","full_sample","cnn1d","soft","123","","Z","rsa_spearman","0.5486462820658936","outputs\runs\v2_corrected_2026-09-23_seed123_synthetic\stage05_metrics\full_sample\cnn1d_soft.csv"
"v2_corrected_2026-09-23_seed123_synthetic","synthetic","simulated_lag_10","A","full_sample","cnn1d","soft","123","","Z","rsa_pearson","0.5373663525718582","outputs\runs\v2_corrected_2026-09-23_seed123_synthetic\stage05_metrics\full_sample\cnn1d_soft.csv"
"v2_corrected_2026-09-23_seed123_synthetic","synthetic","simulated_lag_10","A","full_sample","cnn1d","soft","123","","Z","linear_cka","0.5843798933127361","outputs\runs\v2_corrected_2026-09-23_seed123_synthetic\stage05_metrics\full_sample\cnn1d_soft.csv"
"v2_corrected_2026-09-23_seed123_synthetic","synthetic","simulated_lag_10","B","full_sample","cnn1d","soft","123","","M","procrustes_r2","0.4008250015652356","outputs\runs\v2_corrected_2026-09-23_seed123_synthetic\stage05_metrics\full_sample\cnn1d_soft.csv"
"v2_corrected_2026-09-23_seed123_synthetic","synthetic","simulated_lag_10","B","full_sample","cnn1d","soft","123","","M","rsa_spearman","0.5502584163451317","outputs\runs\v2_corrected_2026-09-23_seed123_synthetic\stage05_metrics\full_sample\cnn1d_soft.csv"
"v2_corrected_2026-09-23_seed123_synthetic","synthetic","simulated_lag_10","B","full_sample","cnn1d","soft","123","","M","rsa_pearson","0.5390604114760728","outputs\runs\v2_corrected_2026-09-23_seed123_synthetic\stage05_metrics\full_sample\cnn1d_soft.csv"
"v2_corrected_2026-09-23_seed123_synthetic","synthetic","simulated_lag_10","B","full_sample","cnn1d","soft","123","","M","linear_cka","0.5897286404709049","outputs\runs\v2_corrected_2026-09-23_seed123_synthetic\stage05_metrics\full_sample\cnn1d_soft.csv"
"v2_corrected_2026-09-23_seed123_synthetic","synthetic","simulated_lag_10","B","full_sample","cnn1d","soft","123","","eta","procrustes_r2","-0.9835252490632953","outputs\runs\v2_corrected_2026-09-23_seed123_synthetic\stage05_metrics\full_sample\cnn1d_soft.csv"
"v2_corrected_2026-09-23_seed123_synthetic","synthetic","simulated_lag_10","B","full_sample","cnn1d","soft","123","","eta","rsa_spearman","0.0037435201176697075","outputs\runs\v2_corrected_2026-09-23_seed123_synthetic\stage05_metrics\full_sample\cnn1d_soft.csv"
"v2_corrected_2026-09-23_seed123_synthetic","synthetic","simulated_lag_10","B","full_sample","cnn1d","soft","123","","eta","rsa_pearson","0.0026560007943144696","outputs\runs\v2_corrected_2026-09-23_seed123_synthetic\stage05_metrics\full_sample\cnn1d_soft.csv"
"v2_corrected_2026-09-23_seed123_synthetic","synthetic","simulated_lag_10","B","full_sample","cnn1d","soft","123","","eta","linear_cka","0.00010175551297444578","outputs\runs\v2_corrected_2026-09-23_seed123_synthetic\stage05_metrics\full_sample\cnn1d_soft.csv"
"v2_corrected_2026-09-23_seed123_synthetic","synthetic","simulated_lag_10","B","full_sample","cnn1d","soft","123","","Z","procrustes_r2","0.3875022516835861","outputs\runs\v2_corrected_2026-09-23_seed123_synthetic\stage05_metrics\full_sample\cnn1d_soft.csv"
"v2_corrected_2026-09-23_seed123_synthetic","synthetic","simulated_lag_10","B","full_sample","cnn1d","soft","123","","Z","rsa_spearman","0.5405415711960585","outputs\runs\v2_corrected_2026-09-23_seed123_synthetic\stage05_metrics\full_sample\cnn1d_soft.csv"
"v2_corrected_2026-09-23_seed123_synthetic","synthetic","simulated_lag_10","B","full_sample","cnn1d","soft","123","","Z","rsa_pearson","0.5299857060181653","outputs\runs\v2_corrected_2026-09-23_seed123_synthetic\stage05_metrics\full_sample\cnn1d_soft.csv"
"v2_corrected_2026-09-23_seed123_synthetic","synthetic","simulated_lag_10","B","full_sample","cnn1d","soft","123","","Z","linear_cka","0.5786725647082676","outputs\runs\v2_corrected_2026-09-23_seed123_synthetic\stage05_metrics\full_sample\cnn1d_soft.csv"
"v2_corrected_2026-09-23_seed123_synthetic","synthetic","simulated_lag_10","A_B","full_sample","cnn1d","soft","123","","","estimated_lag_bins","12","outputs\runs\v2_corrected_2026-09-23_seed123_synthetic\stage05_metrics\full_sample\cnn1d_soft.csv"
"v2_corrected_2026-09-23_seed123_synthetic","synthetic","simulated_lag_10","A","full_sample","cnn1d","time_contrastive_blocks","123","","M","procrustes_r2","0.7017672445335139","outputs\runs\v2_corrected_2026-09-23_seed123_synthetic\stage05_metrics\full_sample\cnn1d_time_contrastive_blocks.csv"
"v2_corrected_2026-09-23_seed123_synthetic","synthetic","simulated_lag_10","A","full_sample","cnn1d","time_contrastive_blocks","123","","M","rsa_spearman","0.5902321356945968","outputs\runs\v2_corrected_2026-09-23_seed123_synthetic\stage05_metrics\full_sample\cnn1d_time_contrastive_blocks.csv"
"v2_corrected_2026-09-23_seed123_synthetic","synthetic","simulated_lag_10","A","full_sample","cnn1d","time_contrastive_blocks","123","","M","rsa_pearson","0.6329630496206463","outputs\runs\v2_corrected_2026-09-23_seed123_synthetic\stage05_metrics\full_sample\cnn1d_time_contrastive_blocks.csv"
"v2_corrected_2026-09-23_seed123_synthetic","synthetic","simulated_lag_10","A","full_sample","cnn1d","time_contrastive_blocks","123","","M","linear_cka","0.7117862630441141","outputs\runs\v2_corrected_2026-09-23_seed123_synthetic\stage05_metrics\full_sample\cnn1d_time_contrastive_blocks.csv"
"v2_corrected_2026-09-23_seed123_synthetic","synthetic","simulated_lag_10","A","full_sample","cnn1d","time_contrastive_blocks","123","","eta","procrustes_r2","-0.9685696827980728","outputs\runs\v2_corrected_2026-09-23_seed123_synthetic\stage05_metrics\full_sample\cnn1d_time_contrastive_blocks.csv"
"v2_corrected_2026-09-23_seed123_synthetic","synthetic","simulated_lag_10","A","full_sample","cnn1d","time_contrastive_blocks","123","","eta","rsa_spearman","0.00405089045997645","outputs\runs\v2_corrected_2026-09-23_seed123_synthetic\stage05_metrics\full_sample\cnn1d_time_contrastive_blocks.csv"
"v2_corrected_2026-09-23_seed123_synthetic","synthetic","simulated_lag_10","A","full_sample","cnn1d","time_contrastive_blocks","123","","eta","rsa_pearson","0.0041964272746733014","outputs\runs\v2_corrected_2026-09-23_seed123_synthetic\stage05_metrics\full_sample\cnn1d_time_contrastive_blocks.csv"
"v2_corrected_2026-09-23_seed123_synthetic","synthetic","simulated_lag_10","A","full_sample","cnn1d","time_contrastive_blocks","123","","eta","linear_cka","0.0003168659327575791","outputs\runs\v2_corrected_2026-09-23_seed123_synthetic\stage05_metrics\full_sample\cnn1d_time_contrastive_blocks.csv"
"v2_corrected_2026-09-23_seed123_synthetic","synthetic","simulated_lag_10","A","full_sample","cnn1d","time_contrastive_blocks","123","","Z","procrustes_r2","0.6911332562753174","outputs\runs\v2_corrected_2026-09-23_seed123_synthetic\stage05_metrics\full_sample\cnn1d_time_contrastive_blocks.csv"
"v2_corrected_2026-09-23_seed123_synthetic","synthetic","simulated_lag_10","A","full_sample","cnn1d","time_contrastive_blocks","123","","Z","rsa_spearman","0.5835687119214606","outputs\runs\v2_corrected_2026-09-23_seed123_synthetic\stage05_metrics\full_sample\cnn1d_time_contrastive_blocks.csv"
"v2_corrected_2026-09-23_seed123_synthetic","synthetic","simulated_lag_10","A","full_sample","cnn1d","time_contrastive_blocks","123","","Z","rsa_pearson","0.6214415749848534","outputs\runs\v2_corrected_2026-09-23_seed123_synthetic\stage05_metrics\full_sample\cnn1d_time_contrastive_blocks.csv"
"v2_corrected_2026-09-23_seed123_synthetic","synthetic","simulated_lag_10","A","full_sample","cnn1d","time_contrastive_blocks","123","","Z","linear_cka","0.7029728456910385","outputs\runs\v2_corrected_2026-09-23_seed123_synthetic\stage05_metrics\full_sample\cnn1d_time_contrastive_blocks.csv"
"v2_corrected_2026-09-23_seed123_synthetic","synthetic","simulated_lag_10","B","full_sample","cnn1d","time_contrastive_blocks","123","","M","procrustes_r2","0.697851719669911","outputs\runs\v2_corrected_2026-09-23_seed123_synthetic\stage05_metrics\full_sample\cnn1d_time_contrastive_blocks.csv"
"v2_corrected_2026-09-23_seed123_synthetic","synthetic","simulated_lag_10","B","full_sample","cnn1d","time_contrastive_blocks","123","","M","rsa_spearman","0.6337787659694439","outputs\runs\v2_corrected_2026-09-23_seed123_synthetic\stage05_metrics\full_sample\cnn1d_time_contrastive_blocks.csv"
"v2_corrected_2026-09-23_seed123_synthetic","synthetic","simulated_lag_10","B","full_sample","cnn1d","time_contrastive_blocks","123","","M","rsa_pearson","0.6545752809936248","outputs\runs\v2_corrected_2026-09-23_seed123_synthetic\stage05_metrics\full_sample\cnn1d_time_contrastive_blocks.csv"
"v2_corrected_2026-09-23_seed123_synthetic","synthetic","simulated_lag_10","B","full_sample","cnn1d","time_contrastive_blocks","123","","M","linear_cka","0.7098900700117032","outputs\runs\v2_corrected_2026-09-23_seed123_synthetic\stage05_metrics\full_sample\cnn1d_time_contrastive_blocks.csv"
"v2_corrected_2026-09-23_seed123_synthetic","synthetic","simulated_lag_10","B","full_sample","cnn1d","time_contrastive_blocks","123","","eta","procrustes_r2","-0.9667353749475722","outputs\runs\v2_corrected_2026-09-23_seed123_synthetic\stage05_metrics\full_sample\cnn1d_time_contrastive_blocks.csv"
"v2_corrected_2026-09-23_seed123_synthetic","synthetic","simulated_lag_10","B","full_sample","cnn1d","time_contrastive_blocks","123","","eta","rsa_spearman","0.0015382574034869553","outputs\runs\v2_corrected_2026-09-23_seed123_synthetic\stage05_metrics\full_sample\cnn1d_time_contrastive_blocks.csv"
"v2_corrected_2026-09-23_seed123_synthetic","synthetic","simulated_lag_10","B","full_sample","cnn1d","time_contrastive_blocks","123","","eta","rsa_pearson","0.0003397195586694227","outputs\runs\v2_corrected_2026-09-23_seed123_synthetic\stage05_metrics\full_sample\cnn1d_time_contrastive_blocks.csv"
"v2_corrected_2026-09-23_seed123_synthetic","synthetic","simulated_lag_10","B","full_sample","cnn1d","time_contrastive_blocks","123","","eta","linear_cka","0.00038448056117774114","outputs\runs\v2_corrected_2026-09-23_seed123_synthetic\stage05_metrics\full_sample\cnn1d_time_contrastive_blocks.csv"
"v2_corrected_2026-09-23_seed123_synthetic","synthetic","simulated_lag_10","B","full_sample","cnn1d","time_contrastive_blocks","123","","Z","procrustes_r2","0.6854682576869964","outputs\runs\v2_corrected_2026-09-23_seed123_synthetic\stage05_metrics\full_sample\cnn1d_time_contrastive_blocks.csv"
"v2_corrected_2026-09-23_seed123_synthetic","synthetic","simulated_lag_10","B","full_sample","cnn1d","time_contrastive_blocks","123","","Z","rsa_spearman","0.6261707450832906","outputs\runs\v2_corrected_2026-09-23_seed123_synthetic\stage05_metrics\full_sample\cnn1d_time_contrastive_blocks.csv"
"v2_corrected_2026-09-23_seed123_synthetic","synthetic","simulated_lag_10","B","full_sample","cnn1d","time_contrastive_blocks","123","","Z","rsa_pearson","0.6426823806898699","outputs\runs\v2_corrected_2026-09-23_seed123_synthetic\stage05_metrics\full_sample\cnn1d_time_contrastive_blocks.csv"
"v2_corrected_2026-09-23_seed123_synthetic","synthetic","simulated_lag_10","B","full_sample","cnn1d","time_contrastive_blocks","123","","Z","linear_cka","0.6995964323604517","outputs\runs\v2_corrected_2026-09-23_seed123_synthetic\stage05_metrics\full_sample\cnn1d_time_contrastive_blocks.csv"
"v2_corrected_2026-09-23_seed123_synthetic","synthetic","simulated_lag_10","A_B","full_sample","cnn1d","time_contrastive_blocks","123","","","estimated_lag_bins","20","outputs\runs\v2_corrected_2026-09-23_seed123_synthetic\stage05_metrics\full_sample\cnn1d_time_contrastive_blocks.csv"
"v2_corrected_2026-09-23_seed123_synthetic","synthetic","simulated_lag_10","A","full_sample","pca","none","123","","M","procrustes_r2","0.7483456985559935","outputs\runs\v2_corrected_2026-09-23_seed123_synthetic\stage05_metrics\full_sample\pca_none.csv"
"v2_corrected_2026-09-23_seed123_synthetic","synthetic","simulated_lag_10","A","full_sample","pca","none","123","","M","rsa_spearman","0.7039579824108447","outputs\runs\v2_corrected_2026-09-23_seed123_synthetic\stage05_metrics\full_sample\pca_none.csv"
"v2_corrected_2026-09-23_seed123_synthetic","synthetic","simulated_lag_10","A","full_sample","pca","none","123","","M","rsa_pearson","0.757651524316317","outputs\runs\v2_corrected_2026-09-23_seed123_synthetic\stage05_metrics\full_sample\pca_none.csv"
"v2_corrected_2026-09-23_seed123_synthetic","synthetic","simulated_lag_10","A","full_sample","pca","none","123","","M","linear_cka","0.7327486401078688","outputs\runs\v2_corrected_2026-09-23_seed123_synthetic\stage05_metrics\full_sample\pca_none.csv"
"v2_corrected_2026-09-23_seed123_synthetic","synthetic","simulated_lag_10","A","full_sample","pca","none","123","","eta","procrustes_r2","-0.9724655699208438","outputs\runs\v2_corrected_2026-09-23_seed123_synthetic\stage05_metrics\full_sample\pca_none.csv"
"v2_corrected_2026-09-23_seed123_synthetic","synthetic","simulated_lag_10","A","full_sample","pca","none","123","","eta","rsa_spearman","0.0037826354163319827","outputs\runs\v2_corrected_2026-09-23_seed123_synthetic\stage05_metrics\full_sample\pca_none.csv"
"v2_corrected_2026-09-23_seed123_synthetic","synthetic","simulated_lag_10","A","full_sample","pca","none","123","","eta","rsa_pearson","0.0036235642316253002","outputs\runs\v2_corrected_2026-09-23_seed123_synthetic\stage05_metrics\full_sample\pca_none.csv"
"v2_corrected_2026-09-23_seed123_synthetic","synthetic","simulated_lag_10","A","full_sample","pca","none","123","","eta","linear_cka","0.00022940533559288043","outputs\runs\v2_corrected_2026-09-23_seed123_synthetic\stage05_metrics\full_sample\pca_none.csv"
"v2_corrected_2026-09-23_seed123_synthetic","synthetic","simulated_lag_10","A","full_sample","pca","none","123","","Z","procrustes_r2","0.736976902704497","outputs\runs\v2_corrected_2026-09-23_seed123_synthetic\stage05_metrics\full_sample\pca_none.csv"
"v2_corrected_2026-09-23_seed123_synthetic","synthetic","simulated_lag_10","A","full_sample","pca","none","123","","Z","rsa_spearman","0.6980958442092782","outputs\runs\v2_corrected_2026-09-23_seed123_synthetic\stage05_metrics\full_sample\pca_none.csv"
"v2_corrected_2026-09-23_seed123_synthetic","synthetic","simulated_lag_10","A","full_sample","pca","none","123","","Z","rsa_pearson","0.7439599495859535","outputs\runs\v2_corrected_2026-09-23_seed123_synthetic\stage05_metrics\full_sample\pca_none.csv"
"v2_corrected_2026-09-23_seed123_synthetic","synthetic","simulated_lag_10","A","full_sample","pca","none","123","","Z","linear_cka","0.7232892284238936","outputs\runs\v2_corrected_2026-09-23_seed123_synthetic\stage05_metrics\full_sample\pca_none.csv"
"v2_corrected_2026-09-23_seed123_synthetic","synthetic","simulated_lag_10","B","full_sample","pca","none","123","","M","procrustes_r2","0.7321905166755055","outputs\runs\v2_corrected_2026-09-23_seed123_synthetic\stage05_metrics\full_sample\pca_none.csv"
"v2_corrected_2026-09-23_seed123_synthetic","synthetic","simulated_lag_10","B","full_sample","pca","none","123","","M","rsa_spearman","0.7096481212502479","outputs\runs\v2_corrected_2026-09-23_seed123_synthetic\stage05_metrics\full_sample\pca_none.csv"
"v2_corrected_2026-09-23_seed123_synthetic","synthetic","simulated_lag_10","B","full_sample","pca","none","123","","M","rsa_pearson","0.7308026954321969","outputs\runs\v2_corrected_2026-09-23_seed123_synthetic\stage05_metrics\full_sample\pca_none.csv"
"v2_corrected_2026-09-23_seed123_synthetic","synthetic","simulated_lag_10","B","full_sample","pca","none","123","","M","linear_cka","0.7338762427281831","outputs\runs\v2_corrected_2026-09-23_seed123_synthetic\stage05_metrics\full_sample\pca_none.csv"
"v2_corrected_2026-09-23_seed123_synthetic","synthetic","simulated_lag_10","B","full_sample","pca","none","123","","eta","procrustes_r2","-0.9669702788262953","outputs\runs\v2_corrected_2026-09-23_seed123_synthetic\stage05_metrics\full_sample\pca_none.csv"
"v2_corrected_2026-09-23_seed123_synthetic","synthetic","simulated_lag_10","B","full_sample","pca","none","123","","eta","rsa_spearman","0.002286102632441218","outputs\runs\v2_corrected_2026-09-23_seed123_synthetic\stage05_metrics\full_sample\pca_none.csv"
"v2_corrected_2026-09-23_seed123_synthetic","synthetic","simulated_lag_10","B","full_sample","pca","none","123","","eta","rsa_pearson","0.0003291052045497541","outputs\runs\v2_corrected_2026-09-23_seed123_synthetic\stage05_metrics\full_sample\pca_none.csv"
"v2_corrected_2026-09-23_seed123_synthetic","synthetic","simulated_lag_10","B","full_sample","pca","none","123","","eta","linear_cka","0.0003902516910839157","outputs\runs\v2_corrected_2026-09-23_seed123_synthetic\stage05_metrics\full_sample\pca_none.csv"
"v2_corrected_2026-09-23_seed123_synthetic","synthetic","simulated_lag_10","B","full_sample","pca","none","123","","Z","procrustes_r2","0.719666818339882","outputs\runs\v2_corrected_2026-09-23_seed123_synthetic\stage05_metrics\full_sample\pca_none.csv"
"v2_corrected_2026-09-23_seed123_synthetic","synthetic","simulated_lag_10","B","full_sample","pca","none","123","","Z","rsa_spearman","0.7016561275541323","outputs\runs\v2_corrected_2026-09-23_seed123_synthetic\stage05_metrics\full_sample\pca_none.csv"
"v2_corrected_2026-09-23_seed123_synthetic","synthetic","simulated_lag_10","B","full_sample","pca","none","123","","Z","rsa_pearson","0.7181234286866774","outputs\runs\v2_corrected_2026-09-23_seed123_synthetic\stage05_metrics\full_sample\pca_none.csv"
"v2_corrected_2026-09-23_seed123_synthetic","synthetic","simulated_lag_10","B","full_sample","pca","none","123","","Z","linear_cka","0.7233099587228152","outputs\runs\v2_corrected_2026-09-23_seed123_synthetic\stage05_metrics\full_sample\pca_none.csv"
"v2_corrected_2026-09-23_seed123_synthetic","synthetic","simulated_lag_10","A_B","full_sample","pca","none","123","","","estimated_lag_bins","13","outputs\runs\v2_corrected_2026-09-23_seed123_synthetic\stage05_metrics\full_sample\pca_none.csv"
"v2_corrected_2026-09-23_seed123_synthetic","synthetic","simulated_lag_10","A","full_sample","transformer","behavior_contrastive_blocks","123","","M","procrustes_r2","0.3155608797023983","outputs\runs\v2_corrected_2026-09-23_seed123_synthetic\stage05_metrics\full_sample\transformer_behavior_contrastive_blocks.csv"
"v2_corrected_2026-09-23_seed123_synthetic","synthetic","simulated_lag_10","A","full_sample","transformer","behavior_contrastive_blocks","123","","M","rsa_spearman","0.34905551771784044","outputs\runs\v2_corrected_2026-09-23_seed123_synthetic\stage05_metrics\full_sample\transformer_behavior_contrastive_blocks.csv"
"v2_corrected_2026-09-23_seed123_synthetic","synthetic","simulated_lag_10","A","full_sample","transformer","behavior_contrastive_blocks","123","","M","rsa_pearson","0.3361429363484134","outputs\runs\v2_corrected_2026-09-23_seed123_synthetic\stage05_metrics\full_sample\transformer_behavior_contrastive_blocks.csv"
"v2_corrected_2026-09-23_seed123_synthetic","synthetic","simulated_lag_10","A","full_sample","transformer","behavior_contrastive_blocks","123","","M","linear_cka","0.5230800525476428","outputs\runs\v2_corrected_2026-09-23_seed123_synthetic\stage05_metrics\full_sample\transformer_behavior_contrastive_blocks.csv"
"v2_corrected_2026-09-23_seed123_synthetic","synthetic","simulated_lag_10","A","full_sample","transformer","behavior_contrastive_blocks","123","","eta","procrustes_r2","-0.9694518259672968","outputs\runs\v2_corrected_2026-09-23_seed123_synthetic\stage05_metrics\full_sample\transformer_behavior_contrastive_blocks.csv"
"v2_corrected_2026-09-23_seed123_synthetic","synthetic","simulated_lag_10","A","full_sample","transformer","behavior_contrastive_blocks","123","","eta","rsa_spearman","0.003021783709435076","outputs\runs\v2_corrected_2026-09-23_seed123_synthetic\stage05_metrics\full_sample\transformer_behavior_contrastive_blocks.csv"
"v2_corrected_2026-09-23_seed123_synthetic","synthetic","simulated_lag_10","A","full_sample","transformer","behavior_contrastive_blocks","123","","eta","rsa_pearson","0.003583094123335609","outputs\runs\v2_corrected_2026-09-23_seed123_synthetic\stage05_metrics\full_sample\transformer_behavior_contrastive_blocks.csv"
"v2_corrected_2026-09-23_seed123_synthetic","synthetic","simulated_lag_10","A","full_sample","transformer","behavior_contrastive_blocks","123","","eta","linear_cka","0.00028541391472492817","outputs\runs\v2_corrected_2026-09-23_seed123_synthetic\stage05_metrics\full_sample\transformer_behavior_contrastive_blocks.csv"
"v2_corrected_2026-09-23_seed123_synthetic","synthetic","simulated_lag_10","A","full_sample","transformer","behavior_contrastive_blocks","123","","Z","procrustes_r2","0.3069216173031569","outputs\runs\v2_corrected_2026-09-23_seed123_synthetic\stage05_metrics\full_sample\transformer_behavior_contrastive_blocks.csv"
"v2_corrected_2026-09-23_seed123_synthetic","synthetic","simulated_lag_10","A","full_sample","transformer","behavior_contrastive_blocks","123","","Z","rsa_spearman","0.3412166535469122","outputs\runs\v2_corrected_2026-09-23_seed123_synthetic\stage05_metrics\full_sample\transformer_behavior_contrastive_blocks.csv"
"v2_corrected_2026-09-23_seed123_synthetic","synthetic","simulated_lag_10","A","full_sample","transformer","behavior_contrastive_blocks","123","","Z","rsa_pearson","0.33580839578200816","outputs\runs\v2_corrected_2026-09-23_seed123_synthetic\stage05_metrics\full_sample\transformer_behavior_contrastive_blocks.csv"
"v2_corrected_2026-09-23_seed123_synthetic","synthetic","simulated_lag_10","A","full_sample","transformer","behavior_contrastive_blocks","123","","Z","linear_cka","0.5162910722993785","outputs\runs\v2_corrected_2026-09-23_seed123_synthetic\stage05_metrics\full_sample\transformer_behavior_contrastive_blocks.csv"
"v2_corrected_2026-09-23_seed123_synthetic","synthetic","simulated_lag_10","B","full_sample","transformer","behavior_contrastive_blocks","123","","M","procrustes_r2","0.3464323611119635","outputs\runs\v2_corrected_2026-09-23_seed123_synthetic\stage05_metrics\full_sample\transformer_behavior_contrastive_blocks.csv"
"v2_corrected_2026-09-23_seed123_synthetic","synthetic","simulated_lag_10","B","full_sample","transformer","behavior_contrastive_blocks","123","","M","rsa_spearman","0.3349363372180813","outputs\runs\v2_corrected_2026-09-23_seed123_synthetic\stage05_metrics\full_sample\transformer_behavior_contrastive_blocks.csv"
"v2_corrected_2026-09-23_seed123_synthetic","synthetic","simulated_lag_10","B","full_sample","transformer","behavior_contrastive_blocks","123","","M","rsa_pearson","0.3315342662936802","outputs\runs\v2_corrected_2026-09-23_seed123_synthetic\stage05_metrics\full_sample\transformer_behavior_contrastive_blocks.csv"
"v2_corrected_2026-09-23_seed123_synthetic","synthetic","simulated_lag_10","B","full_sample","transformer","behavior_contrastive_blocks","123","","M","linear_cka","0.5133363775247147","outputs\runs\v2_corrected_2026-09-23_seed123_synthetic\stage05_metrics\full_sample\transformer_behavior_contrastive_blocks.csv"
"v2_corrected_2026-09-23_seed123_synthetic","synthetic","simulated_lag_10","B","full_sample","transformer","behavior_contrastive_blocks","123","","eta","procrustes_r2","-0.9708565750418525","outputs\runs\v2_corrected_2026-09-23_seed123_synthetic\stage05_metrics\full_sample\transformer_behavior_contrastive_blocks.csv"
"v2_corrected_2026-09-23_seed123_synthetic","synthetic","simulated_lag_10","B","full_sample","transformer","behavior_contrastive_blocks","123","","eta","rsa_spearman","0.00533811956286193","outputs\runs\v2_corrected_2026-09-23_seed123_synthetic\stage05_metrics\full_sample\transformer_behavior_contrastive_blocks.csv"
"v2_corrected_2026-09-23_seed123_synthetic","synthetic","simulated_lag_10","B","full_sample","transformer","behavior_contrastive_blocks","123","","eta","rsa_pearson","0.0062466405795506144","outputs\runs\v2_corrected_2026-09-23_seed123_synthetic\stage05_metrics\full_sample\transformer_behavior_contrastive_blocks.csv"
"v2_corrected_2026-09-23_seed123_synthetic","synthetic","simulated_lag_10","B","full_sample","transformer","behavior_contrastive_blocks","123","","eta","linear_cka","0.0002688374941518182","outputs\runs\v2_corrected_2026-09-23_seed123_synthetic\stage05_metrics\full_sample\transformer_behavior_contrastive_blocks.csv"
"v2_corrected_2026-09-23_seed123_synthetic","synthetic","simulated_lag_10","B","full_sample","transformer","behavior_contrastive_blocks","123","","Z","procrustes_r2","0.33707130031864985","outputs\runs\v2_corrected_2026-09-23_seed123_synthetic\stage05_metrics\full_sample\transformer_behavior_contrastive_blocks.csv"
"v2_corrected_2026-09-23_seed123_synthetic","synthetic","simulated_lag_10","B","full_sample","transformer","behavior_contrastive_blocks","123","","Z","rsa_spearman","0.33018178031549955","outputs\runs\v2_corrected_2026-09-23_seed123_synthetic\stage05_metrics\full_sample\transformer_behavior_contrastive_blocks.csv"
"v2_corrected_2026-09-23_seed123_synthetic","synthetic","simulated_lag_10","B","full_sample","transformer","behavior_contrastive_blocks","123","","Z","rsa_pearson","0.33083661519299606","outputs\runs\v2_corrected_2026-09-23_seed123_synthetic\stage05_metrics\full_sample\transformer_behavior_contrastive_blocks.csv"
"v2_corrected_2026-09-23_seed123_synthetic","synthetic","simulated_lag_10","B","full_sample","transformer","behavior_contrastive_blocks","123","","Z","linear_cka","0.5065086994927204","outputs\runs\v2_corrected_2026-09-23_seed123_synthetic\stage05_metrics\full_sample\transformer_behavior_contrastive_blocks.csv"
"v2_corrected_2026-09-23_seed123_synthetic","synthetic","simulated_lag_10","A_B","full_sample","transformer","behavior_contrastive_blocks","123","","","estimated_lag_bins","20","outputs\runs\v2_corrected_2026-09-23_seed123_synthetic\stage05_metrics\full_sample\transformer_behavior_contrastive_blocks.csv"
"v2_corrected_2026-09-23_seed123_synthetic","synthetic","simulated_lag_10","A","full_sample","transformer","infonce","123","","M","procrustes_r2","0.44733414750011113","outputs\runs\v2_corrected_2026-09-23_seed123_synthetic\stage05_metrics\full_sample\transformer_infonce.csv"
"v2_corrected_2026-09-23_seed123_synthetic","synthetic","simulated_lag_10","A","full_sample","transformer","infonce","123","","M","rsa_spearman","0.44787613143635724","outputs\runs\v2_corrected_2026-09-23_seed123_synthetic\stage05_metrics\full_sample\transformer_infonce.csv"
"v2_corrected_2026-09-23_seed123_synthetic","synthetic","simulated_lag_10","A","full_sample","transformer","infonce","123","","M","rsa_pearson","0.4321701106255441","outputs\runs\v2_corrected_2026-09-23_seed123_synthetic\stage05_metrics\full_sample\transformer_infonce.csv"
"v2_corrected_2026-09-23_seed123_synthetic","synthetic","simulated_lag_10","A","full_sample","transformer","infonce","123","","M","linear_cka","0.584478740423454","outputs\runs\v2_corrected_2026-09-23_seed123_synthetic\stage05_metrics\full_sample\transformer_infonce.csv"
"v2_corrected_2026-09-23_seed123_synthetic","synthetic","simulated_lag_10","A","full_sample","transformer","infonce","123","","eta","procrustes_r2","-0.9722742655487189","outputs\runs\v2_corrected_2026-09-23_seed123_synthetic\stage05_metrics\full_sample\transformer_infonce.csv"
"v2_corrected_2026-09-23_seed123_synthetic","synthetic","simulated_lag_10","A","full_sample","transformer","infonce","123","","eta","rsa_spearman","0.003584864215429377","outputs\runs\v2_corrected_2026-09-23_seed123_synthetic\stage05_metrics\full_sample\transformer_infonce.csv"
"v2_corrected_2026-09-23_seed123_synthetic","synthetic","simulated_lag_10","A","full_sample","transformer","infonce","123","","eta","rsa_pearson","0.0032558228752759652","outputs\runs\v2_corrected_2026-09-23_seed123_synthetic\stage05_metrics\full_sample\transformer_infonce.csv"
"v2_corrected_2026-09-23_seed123_synthetic","synthetic","simulated_lag_10","A","full_sample","transformer","infonce","123","","eta","linear_cka","0.00022978611021229906","outputs\runs\v2_corrected_2026-09-23_seed123_synthetic\stage05_metrics\full_sample\transformer_infonce.csv"
"v2_corrected_2026-09-23_seed123_synthetic","synthetic","simulated_lag_10","A","full_sample","transformer","infonce","123","","Z","procrustes_r2","0.4378728834980943","outputs\runs\v2_corrected_2026-09-23_seed123_synthetic\stage05_metrics\full_sample\transformer_infonce.csv"
"v2_corrected_2026-09-23_seed123_synthetic","synthetic","simulated_lag_10","A","full_sample","transformer","infonce","123","","Z","rsa_spearman","0.44028192403907523","outputs\runs\v2_corrected_2026-09-23_seed123_synthetic\stage05_metrics\full_sample\transformer_infonce.csv"
"v2_corrected_2026-09-23_seed123_synthetic","synthetic","simulated_lag_10","A","full_sample","transformer","infonce","123","","Z","rsa_pearson","0.4303886897279107","outputs\runs\v2_corrected_2026-09-23_seed123_synthetic\stage05_metrics\full_sample\transformer_infonce.csv"
"v2_corrected_2026-09-23_seed123_synthetic","synthetic","simulated_lag_10","A","full_sample","transformer","infonce","123","","Z","linear_cka","0.5770763998470043","outputs\runs\v2_corrected_2026-09-23_seed123_synthetic\stage05_metrics\full_sample\transformer_infonce.csv"
"v2_corrected_2026-09-23_seed123_synthetic","synthetic","simulated_lag_10","B","full_sample","transformer","infonce","123","","M","procrustes_r2","0.42103992492237796","outputs\runs\v2_corrected_2026-09-23_seed123_synthetic\stage05_metrics\full_sample\transformer_infonce.csv"
"v2_corrected_2026-09-23_seed123_synthetic","synthetic","simulated_lag_10","B","full_sample","transformer","infonce","123","","M","rsa_spearman","0.41768640470507684","outputs\runs\v2_corrected_2026-09-23_seed123_synthetic\stage05_metrics\full_sample\transformer_infonce.csv"
"v2_corrected_2026-09-23_seed123_synthetic","synthetic","simulated_lag_10","B","full_sample","transformer","infonce","123","","M","rsa_pearson","0.40700217030598335","outputs\runs\v2_corrected_2026-09-23_seed123_synthetic\stage05_metrics\full_sample\transformer_infonce.csv"
"v2_corrected_2026-09-23_seed123_synthetic","synthetic","simulated_lag_10","B","full_sample","transformer","infonce","123","","M","linear_cka","0.5771468658793951","outputs\runs\v2_corrected_2026-09-23_seed123_synthetic\stage05_metrics\full_sample\transformer_infonce.csv"
"v2_corrected_2026-09-23_seed123_synthetic","synthetic","simulated_lag_10","B","full_sample","transformer","infonce","123","","eta","procrustes_r2","-0.9719024190823469","outputs\runs\v2_corrected_2026-09-23_seed123_synthetic\stage05_metrics\full_sample\transformer_infonce.csv"
"v2_corrected_2026-09-23_seed123_synthetic","synthetic","simulated_lag_10","B","full_sample","transformer","infonce","123","","eta","rsa_spearman","0.005508841885915139","outputs\runs\v2_corrected_2026-09-23_seed123_synthetic\stage05_metrics\full_sample\transformer_infonce.csv"
"v2_corrected_2026-09-23_seed123_synthetic","synthetic","simulated_lag_10","B","full_sample","transformer","infonce","123","","eta","rsa_pearson","0.005666189539573553","outputs\runs\v2_corrected_2026-09-23_seed123_synthetic\stage05_metrics\full_sample\transformer_infonce.csv"
"v2_corrected_2026-09-23_seed123_synthetic","synthetic","simulated_lag_10","B","full_sample","transformer","infonce","123","","eta","linear_cka","0.0002371548355830558","outputs\runs\v2_corrected_2026-09-23_seed123_synthetic\stage05_metrics\full_sample\transformer_infonce.csv"
"v2_corrected_2026-09-23_seed123_synthetic","synthetic","simulated_lag_10","B","full_sample","transformer","infonce","123","","Z","procrustes_r2","0.41019449611900316","outputs\runs\v2_corrected_2026-09-23_seed123_synthetic\stage05_metrics\full_sample\transformer_infonce.csv"
"v2_corrected_2026-09-23_seed123_synthetic","synthetic","simulated_lag_10","B","full_sample","transformer","infonce","123","","Z","rsa_spearman","0.411204754730731","outputs\runs\v2_corrected_2026-09-23_seed123_synthetic\stage05_metrics\full_sample\transformer_infonce.csv"
"v2_corrected_2026-09-23_seed123_synthetic","synthetic","simulated_lag_10","B","full_sample","transformer","infonce","123","","Z","rsa_pearson","0.40444601872555475","outputs\runs\v2_corrected_2026-09-23_seed123_synthetic\stage05_metrics\full_sample\transformer_infonce.csv"
"v2_corrected_2026-09-23_seed123_synthetic","synthetic","simulated_lag_10","B","full_sample","transformer","infonce","123","","Z","linear_cka","0.5685333484228497","outputs\runs\v2_corrected_2026-09-23_seed123_synthetic\stage05_metrics\full_sample\transformer_infonce.csv"
"v2_corrected_2026-09-23_seed123_synthetic","synthetic","simulated_lag_10","A_B","full_sample","transformer","infonce","123","","","estimated_lag_bins","20","outputs\runs\v2_corrected_2026-09-23_seed123_synthetic\stage05_metrics\full_sample\transformer_infonce.csv"
"v2_corrected_2026-09-23_seed123_synthetic","synthetic","simulated_lag_10","A","full_sample","transformer","soft","123","","M","procrustes_r2","0.4365040299142159","outputs\runs\v2_corrected_2026-09-23_seed123_synthetic\stage05_metrics\full_sample\transformer_soft.csv"
"v2_corrected_2026-09-23_seed123_synthetic","synthetic","simulated_lag_10","A","full_sample","transformer","soft","123","","M","rsa_spearman","0.6464175167775652","outputs\runs\v2_corrected_2026-09-23_seed123_synthetic\stage05_metrics\full_sample\transformer_soft.csv"
"v2_corrected_2026-09-23_seed123_synthetic","synthetic","simulated_lag_10","A","full_sample","transformer","soft","123","","M","rsa_pearson","0.6428381940338512","outputs\runs\v2_corrected_2026-09-23_seed123_synthetic\stage05_metrics\full_sample\transformer_soft.csv"
"v2_corrected_2026-09-23_seed123_synthetic","synthetic","simulated_lag_10","A","full_sample","transformer","soft","123","","M","linear_cka","0.6177168031554914","outputs\runs\v2_corrected_2026-09-23_seed123_synthetic\stage05_metrics\full_sample\transformer_soft.csv"
"v2_corrected_2026-09-23_seed123_synthetic","synthetic","simulated_lag_10","A","full_sample","transformer","soft","123","","eta","procrustes_r2","-0.9721389381178032","outputs\runs\v2_corrected_2026-09-23_seed123_synthetic\stage05_metrics\full_sample\transformer_soft.csv"
"v2_corrected_2026-09-23_seed123_synthetic","synthetic","simulated_lag_10","A","full_sample","transformer","soft","123","","eta","rsa_spearman","0.004350338979479415","outputs\runs\v2_corrected_2026-09-23_seed123_synthetic\stage05_metrics\full_sample\transformer_soft.csv"
"v2_corrected_2026-09-23_seed123_synthetic","synthetic","simulated_lag_10","A","full_sample","transformer","soft","123","","eta","rsa_pearson","0.0048595073846088984","outputs\runs\v2_corrected_2026-09-23_seed123_synthetic\stage05_metrics\full_sample\transformer_soft.csv"
"v2_corrected_2026-09-23_seed123_synthetic","synthetic","simulated_lag_10","A","full_sample","transformer","soft","123","","eta","linear_cka","0.00026799791124164433","outputs\runs\v2_corrected_2026-09-23_seed123_synthetic\stage05_metrics\full_sample\transformer_soft.csv"
"v2_corrected_2026-09-23_seed123_synthetic","synthetic","simulated_lag_10","A","full_sample","transformer","soft","123","","Z","procrustes_r2","0.4276035069633023","outputs\runs\v2_corrected_2026-09-23_seed123_synthetic\stage05_metrics\full_sample\transformer_soft.csv"
"v2_corrected_2026-09-23_seed123_synthetic","synthetic","simulated_lag_10","A","full_sample","transformer","soft","123","","Z","rsa_spearman","0.6395071230471553","outputs\runs\v2_corrected_2026-09-23_seed123_synthetic\stage05_metrics\full_sample\transformer_soft.csv"
"v2_corrected_2026-09-23_seed123_synthetic","synthetic","simulated_lag_10","A","full_sample","transformer","soft","123","","Z","rsa_pearson","0.6343132469550119","outputs\runs\v2_corrected_2026-09-23_seed123_synthetic\stage05_metrics\full_sample\transformer_soft.csv"
"v2_corrected_2026-09-23_seed123_synthetic","synthetic","simulated_lag_10","A","full_sample","transformer","soft","123","","Z","linear_cka","0.610092185133266","outputs\runs\v2_corrected_2026-09-23_seed123_synthetic\stage05_metrics\full_sample\transformer_soft.csv"
"v2_corrected_2026-09-23_seed123_synthetic","synthetic","simulated_lag_10","B","full_sample","transformer","soft","123","","M","procrustes_r2","0.38985242153124455","outputs\runs\v2_corrected_2026-09-23_seed123_synthetic\stage05_metrics\full_sample\transformer_soft.csv"
"v2_corrected_2026-09-23_seed123_synthetic","synthetic","simulated_lag_10","B","full_sample","transformer","soft","123","","M","rsa_spearman","0.5858357443546562","outputs\runs\v2_corrected_2026-09-23_seed123_synthetic\stage05_metrics\full_sample\transformer_soft.csv"
"v2_corrected_2026-09-23_seed123_synthetic","synthetic","simulated_lag_10","B","full_sample","transformer","soft","123","","M","rsa_pearson","0.5738645411124808","outputs\runs\v2_corrected_2026-09-23_seed123_synthetic\stage05_metrics\full_sample\transformer_soft.csv"
"v2_corrected_2026-09-23_seed123_synthetic","synthetic","simulated_lag_10","B","full_sample","transformer","soft","123","","M","linear_cka","0.5851359269327226","outputs\runs\v2_corrected_2026-09-23_seed123_synthetic\stage05_metrics\full_sample\transformer_soft.csv"
"v2_corrected_2026-09-23_seed123_synthetic","synthetic","simulated_lag_10","B","full_sample","transformer","soft","123","","eta","procrustes_r2","-0.9795280196575031","outputs\runs\v2_corrected_2026-09-23_seed123_synthetic\stage05_metrics\full_sample\transformer_soft.csv"
"v2_corrected_2026-09-23_seed123_synthetic","synthetic","simulated_lag_10","B","full_sample","transformer","soft","123","","eta","rsa_spearman","0.005820760484958088","outputs\runs\v2_corrected_2026-09-23_seed123_synthetic\stage05_metrics\full_sample\transformer_soft.csv"
"v2_corrected_2026-09-23_seed123_synthetic","synthetic","simulated_lag_10","B","full_sample","transformer","soft","123","","eta","rsa_pearson","0.004860679281436204","outputs\runs\v2_corrected_2026-09-23_seed123_synthetic\stage05_metrics\full_sample\transformer_soft.csv"
"v2_corrected_2026-09-23_seed123_synthetic","synthetic","simulated_lag_10","B","full_sample","transformer","soft","123","","eta","linear_cka","0.00023193261806598691","outputs\runs\v2_corrected_2026-09-23_seed123_synthetic\stage05_metrics\full_sample\transformer_soft.csv"
"v2_corrected_2026-09-23_seed123_synthetic","synthetic","simulated_lag_10","B","full_sample","transformer","soft","123","","Z","procrustes_r2","0.378743948056525","outputs\runs\v2_corrected_2026-09-23_seed123_synthetic\stage05_metrics\full_sample\transformer_soft.csv"
"v2_corrected_2026-09-23_seed123_synthetic","synthetic","simulated_lag_10","B","full_sample","transformer","soft","123","","Z","rsa_spearman","0.578221495681437","outputs\runs\v2_corrected_2026-09-23_seed123_synthetic\stage05_metrics\full_sample\transformer_soft.csv"
"v2_corrected_2026-09-23_seed123_synthetic","synthetic","simulated_lag_10","B","full_sample","transformer","soft","123","","Z","rsa_pearson","0.5648592875617382","outputs\runs\v2_corrected_2026-09-23_seed123_synthetic\stage05_metrics\full_sample\transformer_soft.csv"
"v2_corrected_2026-09-23_seed123_synthetic","synthetic","simulated_lag_10","B","full_sample","transformer","soft","123","","Z","linear_cka","0.5758782449152426","outputs\runs\v2_corrected_2026-09-23_seed123_synthetic\stage05_metrics\full_sample\transformer_soft.csv"
"v2_corrected_2026-09-23_seed123_synthetic","synthetic","simulated_lag_10","A_B","full_sample","transformer","soft","123","","","estimated_lag_bins","10","outputs\runs\v2_corrected_2026-09-23_seed123_synthetic\stage05_metrics\full_sample\transformer_soft.csv"
"v2_corrected_2026-09-23_seed123_synthetic","synthetic","simulated_lag_10","A","full_sample","transformer","time_contrastive_blocks","123","","M","procrustes_r2","0.25986038583338444","outputs\runs\v2_corrected_2026-09-23_seed123_synthetic\stage05_metrics\full_sample\transformer_time_contrastive_blocks.csv"
"v2_corrected_2026-09-23_seed123_synthetic","synthetic","simulated_lag_10","A","full_sample","transformer","time_contrastive_blocks","123","","M","rsa_spearman","0.48465251809704446","outputs\runs\v2_corrected_2026-09-23_seed123_synthetic\stage05_metrics\full_sample\transformer_time_contrastive_blocks.csv"
"v2_corrected_2026-09-23_seed123_synthetic","synthetic","simulated_lag_10","A","full_sample","transformer","time_contrastive_blocks","123","","M","rsa_pearson","0.5229530839565331","outputs\runs\v2_corrected_2026-09-23_seed123_synthetic\stage05_metrics\full_sample\transformer_time_contrastive_blocks.csv"
"v2_corrected_2026-09-23_seed123_synthetic","synthetic","simulated_lag_10","A","full_sample","transformer","time_contrastive_blocks","123","","M","linear_cka","0.5342353842885138","outputs\runs\v2_corrected_2026-09-23_seed123_synthetic\stage05_metrics\full_sample\transformer_time_contrastive_blocks.csv"
"v2_corrected_2026-09-23_seed123_synthetic","synthetic","simulated_lag_10","A","full_sample","transformer","time_contrastive_blocks","123","","eta","procrustes_r2","-0.9744759232297993","outputs\runs\v2_corrected_2026-09-23_seed123_synthetic\stage05_metrics\full_sample\transformer_time_contrastive_blocks.csv"
"v2_corrected_2026-09-23_seed123_synthetic","synthetic","simulated_lag_10","A","full_sample","transformer","time_contrastive_blocks","123","","eta","rsa_spearman","0.0034588741342397745","outputs\runs\v2_corrected_2026-09-23_seed123_synthetic\stage05_metrics\full_sample\transformer_time_contrastive_blocks.csv"
"v2_corrected_2026-09-23_seed123_synthetic","synthetic","simulated_lag_10","A","full_sample","transformer","time_contrastive_blocks","123","","eta","rsa_pearson","0.0027593860674747653","outputs\runs\v2_corrected_2026-09-23_seed123_synthetic\stage05_metrics\full_sample\transformer_time_contrastive_blocks.csv"
"v2_corrected_2026-09-23_seed123_synthetic","synthetic","simulated_lag_10","A","full_sample","transformer","time_contrastive_blocks","123","","eta","linear_cka","0.00023710844129904384","outputs\runs\v2_corrected_2026-09-23_seed123_synthetic\stage05_metrics\full_sample\transformer_time_contrastive_blocks.csv"
"v2_corrected_2026-09-23_seed123_synthetic","synthetic","simulated_lag_10","A","full_sample","transformer","time_contrastive_blocks","123","","Z","procrustes_r2","0.251136428380735","outputs\runs\v2_corrected_2026-09-23_seed123_synthetic\stage05_metrics\full_sample\transformer_time_contrastive_blocks.csv"
"v2_corrected_2026-09-23_seed123_synthetic","synthetic","simulated_lag_10","A","full_sample","transformer","time_contrastive_blocks","123","","Z","rsa_spearman","0.47996373524711994","outputs\runs\v2_corrected_2026-09-23_seed123_synthetic\stage05_metrics\full_sample\transformer_time_contrastive_blocks.csv"
"v2_corrected_2026-09-23_seed123_synthetic","synthetic","simulated_lag_10","A","full_sample","transformer","time_contrastive_blocks","123","","Z","rsa_pearson","0.5100909394155311","outputs\runs\v2_corrected_2026-09-23_seed123_synthetic\stage05_metrics\full_sample\transformer_time_contrastive_blocks.csv"
"v2_corrected_2026-09-23_seed123_synthetic","synthetic","simulated_lag_10","A","full_sample","transformer","time_contrastive_blocks","123","","Z","linear_cka","0.5271956051867169","outputs\runs\v2_corrected_2026-09-23_seed123_synthetic\stage05_metrics\full_sample\transformer_time_contrastive_blocks.csv"
"v2_corrected_2026-09-23_seed123_synthetic","synthetic","simulated_lag_10","B","full_sample","transformer","time_contrastive_blocks","123","","M","procrustes_r2","0.6837288013006737","outputs\runs\v2_corrected_2026-09-23_seed123_synthetic\stage05_metrics\full_sample\transformer_time_contrastive_blocks.csv"
"v2_corrected_2026-09-23_seed123_synthetic","synthetic","simulated_lag_10","B","full_sample","transformer","time_contrastive_blocks","123","","M","rsa_spearman","0.6040170303852568","outputs\runs\v2_corrected_2026-09-23_seed123_synthetic\stage05_metrics\full_sample\transformer_time_contrastive_blocks.csv"
"v2_corrected_2026-09-23_seed123_synthetic","synthetic","simulated_lag_10","B","full_sample","transformer","time_contrastive_blocks","123","","M","rsa_pearson","0.6300059656090746","outputs\runs\v2_corrected_2026-09-23_seed123_synthetic\stage05_metrics\full_sample\transformer_time_contrastive_blocks.csv"
"v2_corrected_2026-09-23_seed123_synthetic","synthetic","simulated_lag_10","B","full_sample","transformer","time_contrastive_blocks","123","","M","linear_cka","0.6964132996758967","outputs\runs\v2_corrected_2026-09-23_seed123_synthetic\stage05_metrics\full_sample\transformer_time_contrastive_blocks.csv"
"v2_corrected_2026-09-23_seed123_synthetic","synthetic","simulated_lag_10","B","full_sample","transformer","time_contrastive_blocks","123","","eta","procrustes_r2","-0.9632160392713938","outputs\runs\v2_corrected_2026-09-23_seed123_synthetic\stage05_metrics\full_sample\transformer_time_contrastive_blocks.csv"
"v2_corrected_2026-09-23_seed123_synthetic","synthetic","simulated_lag_10","B","full_sample","transformer","time_contrastive_blocks","123","","eta","rsa_spearman","0.0019202480860032337","outputs\runs\v2_corrected_2026-09-23_seed123_synthetic\stage05_metrics\full_sample\transformer_time_contrastive_blocks.csv"
"v2_corrected_2026-09-23_seed123_synthetic","synthetic","simulated_lag_10","B","full_sample","transformer","time_contrastive_blocks","123","","eta","rsa_pearson","0.0008042628240240404","outputs\runs\v2_corrected_2026-09-23_seed123_synthetic\stage05_metrics\full_sample\transformer_time_contrastive_blocks.csv"
"v2_corrected_2026-09-23_seed123_synthetic","synthetic","simulated_lag_10","B","full_sample","transformer","time_contrastive_blocks","123","","eta","linear_cka","0.0004718387755086345","outputs\runs\v2_corrected_2026-09-23_seed123_synthetic\stage05_metrics\full_sample\transformer_time_contrastive_blocks.csv"
"v2_corrected_2026-09-23_seed123_synthetic","synthetic","simulated_lag_10","B","full_sample","transformer","time_contrastive_blocks","123","","Z","procrustes_r2","0.6718528123037929","outputs\runs\v2_corrected_2026-09-23_seed123_synthetic\stage05_metrics\full_sample\transformer_time_contrastive_blocks.csv"
"v2_corrected_2026-09-23_seed123_synthetic","synthetic","simulated_lag_10","B","full_sample","transformer","time_contrastive_blocks","123","","Z","rsa_spearman","0.5972521443026906","outputs\runs\v2_corrected_2026-09-23_seed123_synthetic\stage05_metrics\full_sample\transformer_time_contrastive_blocks.csv"
"v2_corrected_2026-09-23_seed123_synthetic","synthetic","simulated_lag_10","B","full_sample","transformer","time_contrastive_blocks","123","","Z","rsa_pearson","0.6184919807786013","outputs\runs\v2_corrected_2026-09-23_seed123_synthetic\stage05_metrics\full_sample\transformer_time_contrastive_blocks.csv"
"v2_corrected_2026-09-23_seed123_synthetic","synthetic","simulated_lag_10","B","full_sample","transformer","time_contrastive_blocks","123","","Z","linear_cka","0.6865280170725991","outputs\runs\v2_corrected_2026-09-23_seed123_synthetic\stage05_metrics\full_sample\transformer_time_contrastive_blocks.csv"
"v2_corrected_2026-09-23_seed123_synthetic","synthetic","simulated_lag_10","A_B","full_sample","transformer","time_contrastive_blocks","123","","","estimated_lag_bins","1","outputs\runs\v2_corrected_2026-09-23_seed123_synthetic\stage05_metrics\full_sample\transformer_time_contrastive_blocks.csv"
"v2_corrected_2026-09-23_seed456_synthetic","synthetic","simulated_lag_10","A","held_out","cnn1d","behavior_contrastive_blocks","456","","M","procrustes_r2","0.29108847273830174","outputs\runs\v2_corrected_2026-09-23_seed456_synthetic\stage05_metrics\held_out\cnn1d_behavior_contrastive_blocks.csv"
"v2_corrected_2026-09-23_seed456_synthetic","synthetic","simulated_lag_10","A","held_out","cnn1d","behavior_contrastive_blocks","456","","M","rsa_spearman","0.3365715414840221","outputs\runs\v2_corrected_2026-09-23_seed456_synthetic\stage05_metrics\held_out\cnn1d_behavior_contrastive_blocks.csv"
"v2_corrected_2026-09-23_seed456_synthetic","synthetic","simulated_lag_10","A","held_out","cnn1d","behavior_contrastive_blocks","456","","M","rsa_pearson","0.32618635668437046","outputs\runs\v2_corrected_2026-09-23_seed456_synthetic\stage05_metrics\held_out\cnn1d_behavior_contrastive_blocks.csv"
"v2_corrected_2026-09-23_seed456_synthetic","synthetic","simulated_lag_10","A","held_out","cnn1d","behavior_contrastive_blocks","456","","M","linear_cka","0.4943598662561463","outputs\runs\v2_corrected_2026-09-23_seed456_synthetic\stage05_metrics\held_out\cnn1d_behavior_contrastive_blocks.csv"
"v2_corrected_2026-09-23_seed456_synthetic","synthetic","simulated_lag_10","A","held_out","cnn1d","behavior_contrastive_blocks","456","","eta","procrustes_r2","-0.9296541612962983","outputs\runs\v2_corrected_2026-09-23_seed456_synthetic\stage05_metrics\held_out\cnn1d_behavior_contrastive_blocks.csv"
"v2_corrected_2026-09-23_seed456_synthetic","synthetic","simulated_lag_10","A","held_out","cnn1d","behavior_contrastive_blocks","456","","eta","rsa_spearman","0.002771927607340742","outputs\runs\v2_corrected_2026-09-23_seed456_synthetic\stage05_metrics\held_out\cnn1d_behavior_contrastive_blocks.csv"
"v2_corrected_2026-09-23_seed456_synthetic","synthetic","simulated_lag_10","A","held_out","cnn1d","behavior_contrastive_blocks","456","","eta","rsa_pearson","0.002432599688573494","outputs\runs\v2_corrected_2026-09-23_seed456_synthetic\stage05_metrics\held_out\cnn1d_behavior_contrastive_blocks.csv"
"v2_corrected_2026-09-23_seed456_synthetic","synthetic","simulated_lag_10","A","held_out","cnn1d","behavior_contrastive_blocks","456","","eta","linear_cka","0.0017499370302478242","outputs\runs\v2_corrected_2026-09-23_seed456_synthetic\stage05_metrics\held_out\cnn1d_behavior_contrastive_blocks.csv"
"v2_corrected_2026-09-23_seed456_synthetic","synthetic","simulated_lag_10","A","held_out","cnn1d","behavior_contrastive_blocks","456","","Z","procrustes_r2","0.2876840321728784","outputs\runs\v2_corrected_2026-09-23_seed456_synthetic\stage05_metrics\held_out\cnn1d_behavior_contrastive_blocks.csv"
"v2_corrected_2026-09-23_seed456_synthetic","synthetic","simulated_lag_10","A","held_out","cnn1d","behavior_contrastive_blocks","456","","Z","rsa_spearman","0.3345639424031806","outputs\runs\v2_corrected_2026-09-23_seed456_synthetic\stage05_metrics\held_out\cnn1d_behavior_contrastive_blocks.csv"
"v2_corrected_2026-09-23_seed456_synthetic","synthetic","simulated_lag_10","A","held_out","cnn1d","behavior_contrastive_blocks","456","","Z","rsa_pearson","0.32922536821816495","outputs\runs\v2_corrected_2026-09-23_seed456_synthetic\stage05_metrics\held_out\cnn1d_behavior_contrastive_blocks.csv"
"v2_corrected_2026-09-23_seed456_synthetic","synthetic","simulated_lag_10","A","held_out","cnn1d","behavior_contrastive_blocks","456","","Z","linear_cka","0.4917522728499374","outputs\runs\v2_corrected_2026-09-23_seed456_synthetic\stage05_metrics\held_out\cnn1d_behavior_contrastive_blocks.csv"
"v2_corrected_2026-09-23_seed456_synthetic","synthetic","simulated_lag_10","B","held_out","cnn1d","behavior_contrastive_blocks","456","","M","procrustes_r2","0.23213577335944513","outputs\runs\v2_corrected_2026-09-23_seed456_synthetic\stage05_metrics\held_out\cnn1d_behavior_contrastive_blocks.csv"
"v2_corrected_2026-09-23_seed456_synthetic","synthetic","simulated_lag_10","B","held_out","cnn1d","behavior_contrastive_blocks","456","","M","rsa_spearman","0.2910910326961742","outputs\runs\v2_corrected_2026-09-23_seed456_synthetic\stage05_metrics\held_out\cnn1d_behavior_contrastive_blocks.csv"
"v2_corrected_2026-09-23_seed456_synthetic","synthetic","simulated_lag_10","B","held_out","cnn1d","behavior_contrastive_blocks","456","","M","rsa_pearson","0.28835398685344854","outputs\runs\v2_corrected_2026-09-23_seed456_synthetic\stage05_metrics\held_out\cnn1d_behavior_contrastive_blocks.csv"
"v2_corrected_2026-09-23_seed456_synthetic","synthetic","simulated_lag_10","B","held_out","cnn1d","behavior_contrastive_blocks","456","","M","linear_cka","0.45877933131490223","outputs\runs\v2_corrected_2026-09-23_seed456_synthetic\stage05_metrics\held_out\cnn1d_behavior_contrastive_blocks.csv"
"v2_corrected_2026-09-23_seed456_synthetic","synthetic","simulated_lag_10","B","held_out","cnn1d","behavior_contrastive_blocks","456","","eta","procrustes_r2","-0.9471775577321191","outputs\runs\v2_corrected_2026-09-23_seed456_synthetic\stage05_metrics\held_out\cnn1d_behavior_contrastive_blocks.csv"
"v2_corrected_2026-09-23_seed456_synthetic","synthetic","simulated_lag_10","B","held_out","cnn1d","behavior_contrastive_blocks","456","","eta","rsa_spearman","0.0015415829772320545","outputs\runs\v2_corrected_2026-09-23_seed456_synthetic\stage05_metrics\held_out\cnn1d_behavior_contrastive_blocks.csv"
"v2_corrected_2026-09-23_seed456_synthetic","synthetic","simulated_lag_10","B","held_out","cnn1d","behavior_contrastive_blocks","456","","eta","rsa_pearson","0.0015631723110699346","outputs\runs\v2_corrected_2026-09-23_seed456_synthetic\stage05_metrics\held_out\cnn1d_behavior_contrastive_blocks.csv"
"v2_corrected_2026-09-23_seed456_synthetic","synthetic","simulated_lag_10","B","held_out","cnn1d","behavior_contrastive_blocks","456","","eta","linear_cka","0.0009521779224938715","outputs\runs\v2_corrected_2026-09-23_seed456_synthetic\stage05_metrics\held_out\cnn1d_behavior_contrastive_blocks.csv"
"v2_corrected_2026-09-23_seed456_synthetic","synthetic","simulated_lag_10","B","held_out","cnn1d","behavior_contrastive_blocks","456","","Z","procrustes_r2","0.2260237484811879","outputs\runs\v2_corrected_2026-09-23_seed456_synthetic\stage05_metrics\held_out\cnn1d_behavior_contrastive_blocks.csv"
"v2_corrected_2026-09-23_seed456_synthetic","synthetic","simulated_lag_10","B","held_out","cnn1d","behavior_contrastive_blocks","456","","Z","rsa_spearman","0.2888227499995085","outputs\runs\v2_corrected_2026-09-23_seed456_synthetic\stage05_metrics\held_out\cnn1d_behavior_contrastive_blocks.csv"
"v2_corrected_2026-09-23_seed456_synthetic","synthetic","simulated_lag_10","B","held_out","cnn1d","behavior_contrastive_blocks","456","","Z","rsa_pearson","0.29003763685058487","outputs\runs\v2_corrected_2026-09-23_seed456_synthetic\stage05_metrics\held_out\cnn1d_behavior_contrastive_blocks.csv"
"v2_corrected_2026-09-23_seed456_synthetic","synthetic","simulated_lag_10","B","held_out","cnn1d","behavior_contrastive_blocks","456","","Z","linear_cka","0.4543762814694822","outputs\runs\v2_corrected_2026-09-23_seed456_synthetic\stage05_metrics\held_out\cnn1d_behavior_contrastive_blocks.csv"
"v2_corrected_2026-09-23_seed456_synthetic","synthetic","simulated_lag_10","A_B","held_out","cnn1d","behavior_contrastive_blocks","456","","","estimated_lag_bins","20","outputs\runs\v2_corrected_2026-09-23_seed456_synthetic\stage05_metrics\held_out\cnn1d_behavior_contrastive_blocks.csv"
"v2_corrected_2026-09-23_seed456_synthetic","synthetic","simulated_lag_10","A","held_out","cnn1d","infonce","456","","M","procrustes_r2","0.27541602335692816","outputs\runs\v2_corrected_2026-09-23_seed456_synthetic\stage05_metrics\held_out\cnn1d_infonce.csv"
"v2_corrected_2026-09-23_seed456_synthetic","synthetic","simulated_lag_10","A","held_out","cnn1d","infonce","456","","M","rsa_spearman","0.31472227564298805","outputs\runs\v2_corrected_2026-09-23_seed456_synthetic\stage05_metrics\held_out\cnn1d_infonce.csv"
"v2_corrected_2026-09-23_seed456_synthetic","synthetic","simulated_lag_10","A","held_out","cnn1d","infonce","456","","M","rsa_pearson","0.3039178694797861","outputs\runs\v2_corrected_2026-09-23_seed456_synthetic\stage05_metrics\held_out\cnn1d_infonce.csv"
"v2_corrected_2026-09-23_seed456_synthetic","synthetic","simulated_lag_10","A","held_out","cnn1d","infonce","456","","M","linear_cka","0.48067870135465685","outputs\runs\v2_corrected_2026-09-23_seed456_synthetic\stage05_metrics\held_out\cnn1d_infonce.csv"
"v2_corrected_2026-09-23_seed456_synthetic","synthetic","simulated_lag_10","A","held_out","cnn1d","infonce","456","","eta","procrustes_r2","-0.9224223014584647","outputs\runs\v2_corrected_2026-09-23_seed456_synthetic\stage05_metrics\held_out\cnn1d_infonce.csv"
"v2_corrected_2026-09-23_seed456_synthetic","synthetic","simulated_lag_10","A","held_out","cnn1d","infonce","456","","eta","rsa_spearman","0.00012646943364876502","outputs\runs\v2_corrected_2026-09-23_seed456_synthetic\stage05_metrics\held_out\cnn1d_infonce.csv"
"v2_corrected_2026-09-23_seed456_synthetic","synthetic","simulated_lag_10","A","held_out","cnn1d","infonce","456","","eta","rsa_pearson","-8.681553320312929e-05","outputs\runs\v2_corrected_2026-09-23_seed456_synthetic\stage05_metrics\held_out\cnn1d_infonce.csv"
"v2_corrected_2026-09-23_seed456_synthetic","synthetic","simulated_lag_10","A","held_out","cnn1d","infonce","456","","eta","linear_cka","0.0018191011322299423","outputs\runs\v2_corrected_2026-09-23_seed456_synthetic\stage05_metrics\held_out\cnn1d_infonce.csv"
"v2_corrected_2026-09-23_seed456_synthetic","synthetic","simulated_lag_10","A","held_out","cnn1d","infonce","456","","Z","procrustes_r2","0.27212235774479887","outputs\runs\v2_corrected_2026-09-23_seed456_synthetic\stage05_metrics\held_out\cnn1d_infonce.csv"
"v2_corrected_2026-09-23_seed456_synthetic","synthetic","simulated_lag_10","A","held_out","cnn1d","infonce","456","","Z","rsa_spearman","0.3135037072965143","outputs\runs\v2_corrected_2026-09-23_seed456_synthetic\stage05_metrics\held_out\cnn1d_infonce.csv"
"v2_corrected_2026-09-23_seed456_synthetic","synthetic","simulated_lag_10","A","held_out","cnn1d","infonce","456","","Z","rsa_pearson","0.30791046678633305","outputs\runs\v2_corrected_2026-09-23_seed456_synthetic\stage05_metrics\held_out\cnn1d_infonce.csv"
"v2_corrected_2026-09-23_seed456_synthetic","synthetic","simulated_lag_10","A","held_out","cnn1d","infonce","456","","Z","linear_cka","0.47852836782730035","outputs\runs\v2_corrected_2026-09-23_seed456_synthetic\stage05_metrics\held_out\cnn1d_infonce.csv"
"v2_corrected_2026-09-23_seed456_synthetic","synthetic","simulated_lag_10","B","held_out","cnn1d","infonce","456","","M","procrustes_r2","0.23704511273178275","outputs\runs\v2_corrected_2026-09-23_seed456_synthetic\stage05_metrics\held_out\cnn1d_infonce.csv"
"v2_corrected_2026-09-23_seed456_synthetic","synthetic","simulated_lag_10","B","held_out","cnn1d","infonce","456","","M","rsa_spearman","0.29346220485347513","outputs\runs\v2_corrected_2026-09-23_seed456_synthetic\stage05_metrics\held_out\cnn1d_infonce.csv"
"v2_corrected_2026-09-23_seed456_synthetic","synthetic","simulated_lag_10","B","held_out","cnn1d","infonce","456","","M","rsa_pearson","0.28916310791276756","outputs\runs\v2_corrected_2026-09-23_seed456_synthetic\stage05_metrics\held_out\cnn1d_infonce.csv"
"v2_corrected_2026-09-23_seed456_synthetic","synthetic","simulated_lag_10","B","held_out","cnn1d","infonce","456","","M","linear_cka","0.4638246656866776","outputs\runs\v2_corrected_2026-09-23_seed456_synthetic\stage05_metrics\held_out\cnn1d_infonce.csv"
"v2_corrected_2026-09-23_seed456_synthetic","synthetic","simulated_lag_10","B","held_out","cnn1d","infonce","456","","eta","procrustes_r2","-0.9604195939853195","outputs\runs\v2_corrected_2026-09-23_seed456_synthetic\stage05_metrics\held_out\cnn1d_infonce.csv"
"v2_corrected_2026-09-23_seed456_synthetic","synthetic","simulated_lag_10","B","held_out","cnn1d","infonce","456","","eta","rsa_spearman","0.003586274842596512","outputs\runs\v2_corrected_2026-09-23_seed456_synthetic\stage05_metrics\held_out\cnn1d_infonce.csv"
"v2_corrected_2026-09-23_seed456_synthetic","synthetic","simulated_lag_10","B","held_out","cnn1d","infonce","456","","eta","rsa_pearson","0.0033446739937793937","outputs\runs\v2_corrected_2026-09-23_seed456_synthetic\stage05_metrics\held_out\cnn1d_infonce.csv"
"v2_corrected_2026-09-23_seed456_synthetic","synthetic","simulated_lag_10","B","held_out","cnn1d","infonce","456","","eta","linear_cka","0.0004763641263650145","outputs\runs\v2_corrected_2026-09-23_seed456_synthetic\stage05_metrics\held_out\cnn1d_infonce.csv"
"v2_corrected_2026-09-23_seed456_synthetic","synthetic","simulated_lag_10","B","held_out","cnn1d","infonce","456","","Z","procrustes_r2","0.229402822911573","outputs\runs\v2_corrected_2026-09-23_seed456_synthetic\stage05_metrics\held_out\cnn1d_infonce.csv"
"v2_corrected_2026-09-23_seed456_synthetic","synthetic","simulated_lag_10","B","held_out","cnn1d","infonce","456","","Z","rsa_spearman","0.29104717665200996","outputs\runs\v2_corrected_2026-09-23_seed456_synthetic\stage05_metrics\held_out\cnn1d_infonce.csv"
"v2_corrected_2026-09-23_seed456_synthetic","synthetic","simulated_lag_10","B","held_out","cnn1d","infonce","456","","Z","rsa_pearson","0.29087070481099475","outputs\runs\v2_corrected_2026-09-23_seed456_synthetic\stage05_metrics\held_out\cnn1d_infonce.csv"
"v2_corrected_2026-09-23_seed456_synthetic","synthetic","simulated_lag_10","B","held_out","cnn1d","infonce","456","","Z","linear_cka","0.45854977097937594","outputs\runs\v2_corrected_2026-09-23_seed456_synthetic\stage05_metrics\held_out\cnn1d_infonce.csv"
"v2_corrected_2026-09-23_seed456_synthetic","synthetic","simulated_lag_10","A_B","held_out","cnn1d","infonce","456","","","estimated_lag_bins","20","outputs\runs\v2_corrected_2026-09-23_seed456_synthetic\stage05_metrics\held_out\cnn1d_infonce.csv"
"v2_corrected_2026-09-23_seed456_synthetic","synthetic","simulated_lag_10","A","held_out","cnn1d","soft","456","","M","procrustes_r2","0.38851921246682464","outputs\runs\v2_corrected_2026-09-23_seed456_synthetic\stage05_metrics\held_out\cnn1d_soft.csv"
"v2_corrected_2026-09-23_seed456_synthetic","synthetic","simulated_lag_10","A","held_out","cnn1d","soft","456","","M","rsa_spearman","0.6038420207990357","outputs\runs\v2_corrected_2026-09-23_seed456_synthetic\stage05_metrics\held_out\cnn1d_soft.csv"
"v2_corrected_2026-09-23_seed456_synthetic","synthetic","simulated_lag_10","A","held_out","cnn1d","soft","456","","M","rsa_pearson","0.5969396613136446","outputs\runs\v2_corrected_2026-09-23_seed456_synthetic\stage05_metrics\held_out\cnn1d_soft.csv"
"v2_corrected_2026-09-23_seed456_synthetic","synthetic","simulated_lag_10","A","held_out","cnn1d","soft","456","","M","linear_cka","0.5727671220568614","outputs\runs\v2_corrected_2026-09-23_seed456_synthetic\stage05_metrics\held_out\cnn1d_soft.csv"
"v2_corrected_2026-09-23_seed456_synthetic","synthetic","simulated_lag_10","A","held_out","cnn1d","soft","456","","eta","procrustes_r2","-0.9418329487843085","outputs\runs\v2_corrected_2026-09-23_seed456_synthetic\stage05_metrics\held_out\cnn1d_soft.csv"
"v2_corrected_2026-09-23_seed456_synthetic","synthetic","simulated_lag_10","A","held_out","cnn1d","soft","456","","eta","rsa_spearman","0.0008193642600388783","outputs\runs\v2_corrected_2026-09-23_seed456_synthetic\stage05_metrics\held_out\cnn1d_soft.csv"
"v2_corrected_2026-09-23_seed456_synthetic","synthetic","simulated_lag_10","A","held_out","cnn1d","soft","456","","eta","rsa_pearson","0.0001989766202120859","outputs\runs\v2_corrected_2026-09-23_seed456_synthetic\stage05_metrics\held_out\cnn1d_soft.csv"
"v2_corrected_2026-09-23_seed456_synthetic","synthetic","simulated_lag_10","A","held_out","cnn1d","soft","456","","eta","linear_cka","0.0011021597738142814","outputs\runs\v2_corrected_2026-09-23_seed456_synthetic\stage05_metrics\held_out\cnn1d_soft.csv"
"v2_corrected_2026-09-23_seed456_synthetic","synthetic","simulated_lag_10","A","held_out","cnn1d","soft","456","","Z","procrustes_r2","0.3818468469013604","outputs\runs\v2_corrected_2026-09-23_seed456_synthetic\stage05_metrics\held_out\cnn1d_soft.csv"
"v2_corrected_2026-09-23_seed456_synthetic","synthetic","simulated_lag_10","A","held_out","cnn1d","soft","456","","Z","rsa_spearman","0.5980686111696232","outputs\runs\v2_corrected_2026-09-23_seed456_synthetic\stage05_metrics\held_out\cnn1d_soft.csv"
"v2_corrected_2026-09-23_seed456_synthetic","synthetic","simulated_lag_10","A","held_out","cnn1d","soft","456","","Z","rsa_pearson","0.5898443100447299","outputs\runs\v2_corrected_2026-09-23_seed456_synthetic\stage05_metrics\held_out\cnn1d_soft.csv"
"v2_corrected_2026-09-23_seed456_synthetic","synthetic","simulated_lag_10","A","held_out","cnn1d","soft","456","","Z","linear_cka","0.5670374490497799","outputs\runs\v2_corrected_2026-09-23_seed456_synthetic\stage05_metrics\held_out\cnn1d_soft.csv"
"v2_corrected_2026-09-23_seed456_synthetic","synthetic","simulated_lag_10","B","held_out","cnn1d","soft","456","","M","procrustes_r2","0.34601599723123533","outputs\runs\v2_corrected_2026-09-23_seed456_synthetic\stage05_metrics\held_out\cnn1d_soft.csv"
"v2_corrected_2026-09-23_seed456_synthetic","synthetic","simulated_lag_10","B","held_out","cnn1d","soft","456","","M","rsa_spearman","0.5815446914452418","outputs\runs\v2_corrected_2026-09-23_seed456_synthetic\stage05_metrics\held_out\cnn1d_soft.csv"
"v2_corrected_2026-09-23_seed456_synthetic","synthetic","simulated_lag_10","B","held_out","cnn1d","soft","456","","M","rsa_pearson","0.5681175122973559","outputs\runs\v2_corrected_2026-09-23_seed456_synthetic\stage05_metrics\held_out\cnn1d_soft.csv"
"v2_corrected_2026-09-23_seed456_synthetic","synthetic","simulated_lag_10","B","held_out","cnn1d","soft","456","","M","linear_cka","0.544780772418022","outputs\runs\v2_corrected_2026-09-23_seed456_synthetic\stage05_metrics\held_out\cnn1d_soft.csv"
"v2_corrected_2026-09-23_seed456_synthetic","synthetic","simulated_lag_10","B","held_out","cnn1d","soft","456","","eta","procrustes_r2","-0.9515252520080741","outputs\runs\v2_corrected_2026-09-23_seed456_synthetic\stage05_metrics\held_out\cnn1d_soft.csv"
"v2_corrected_2026-09-23_seed456_synthetic","synthetic","simulated_lag_10","B","held_out","cnn1d","soft","456","","eta","rsa_spearman","0.005281311834977279","outputs\runs\v2_corrected_2026-09-23_seed456_synthetic\stage05_metrics\held_out\cnn1d_soft.csv"
"v2_corrected_2026-09-23_seed456_synthetic","synthetic","simulated_lag_10","B","held_out","cnn1d","soft","456","","eta","rsa_pearson","0.007384065855517553","outputs\runs\v2_corrected_2026-09-23_seed456_synthetic\stage05_metrics\held_out\cnn1d_soft.csv"
"v2_corrected_2026-09-23_seed456_synthetic","synthetic","simulated_lag_10","B","held_out","cnn1d","soft","456","","eta","linear_cka","0.0009086599789847723","outputs\runs\v2_corrected_2026-09-23_seed456_synthetic\stage05_metrics\held_out\cnn1d_soft.csv"
"v2_corrected_2026-09-23_seed456_synthetic","synthetic","simulated_lag_10","B","held_out","cnn1d","soft","456","","Z","procrustes_r2","0.3382024953344648","outputs\runs\v2_corrected_2026-09-23_seed456_synthetic\stage05_metrics\held_out\cnn1d_soft.csv"
"v2_corrected_2026-09-23_seed456_synthetic","synthetic","simulated_lag_10","B","held_out","cnn1d","soft","456","","Z","rsa_spearman","0.5761063488003295","outputs\runs\v2_corrected_2026-09-23_seed456_synthetic\stage05_metrics\held_out\cnn1d_soft.csv"
"v2_corrected_2026-09-23_seed456_synthetic","synthetic","simulated_lag_10","B","held_out","cnn1d","soft","456","","Z","rsa_pearson","0.5627824535144011","outputs\runs\v2_corrected_2026-09-23_seed456_synthetic\stage05_metrics\held_out\cnn1d_soft.csv"
"v2_corrected_2026-09-23_seed456_synthetic","synthetic","simulated_lag_10","B","held_out","cnn1d","soft","456","","Z","linear_cka","0.5387352796474427","outputs\runs\v2_corrected_2026-09-23_seed456_synthetic\stage05_metrics\held_out\cnn1d_soft.csv"
"v2_corrected_2026-09-23_seed456_synthetic","synthetic","simulated_lag_10","A_B","held_out","cnn1d","soft","456","","","estimated_lag_bins","17","outputs\runs\v2_corrected_2026-09-23_seed456_synthetic\stage05_metrics\held_out\cnn1d_soft.csv"
"v2_corrected_2026-09-23_seed456_synthetic","synthetic","simulated_lag_10","A","held_out","cnn1d","time_contrastive_blocks","456","","M","procrustes_r2","0.6679584449485113","outputs\runs\v2_corrected_2026-09-23_seed456_synthetic\stage05_metrics\held_out\cnn1d_time_contrastive_blocks.csv"
"v2_corrected_2026-09-23_seed456_synthetic","synthetic","simulated_lag_10","A","held_out","cnn1d","time_contrastive_blocks","456","","M","rsa_spearman","0.5506351637404729","outputs\runs\v2_corrected_2026-09-23_seed456_synthetic\stage05_metrics\held_out\cnn1d_time_contrastive_blocks.csv"
"v2_corrected_2026-09-23_seed456_synthetic","synthetic","simulated_lag_10","A","held_out","cnn1d","time_contrastive_blocks","456","","M","rsa_pearson","0.5951480483762162","outputs\runs\v2_corrected_2026-09-23_seed456_synthetic\stage05_metrics\held_out\cnn1d_time_contrastive_blocks.csv"
"v2_corrected_2026-09-23_seed456_synthetic","synthetic","simulated_lag_10","A","held_out","cnn1d","time_contrastive_blocks","456","","M","linear_cka","0.6833662383795959","outputs\runs\v2_corrected_2026-09-23_seed456_synthetic\stage05_metrics\held_out\cnn1d_time_contrastive_blocks.csv"
"v2_corrected_2026-09-23_seed456_synthetic","synthetic","simulated_lag_10","A","held_out","cnn1d","time_contrastive_blocks","456","","eta","procrustes_r2","-0.9135526093060593","outputs\runs\v2_corrected_2026-09-23_seed456_synthetic\stage05_metrics\held_out\cnn1d_time_contrastive_blocks.csv"
"v2_corrected_2026-09-23_seed456_synthetic","synthetic","simulated_lag_10","A","held_out","cnn1d","time_contrastive_blocks","456","","eta","rsa_spearman","-0.001331573928243558","outputs\runs\v2_corrected_2026-09-23_seed456_synthetic\stage05_metrics\held_out\cnn1d_time_contrastive_blocks.csv"
"v2_corrected_2026-09-23_seed456_synthetic","synthetic","simulated_lag_10","A","held_out","cnn1d","time_contrastive_blocks","456","","eta","rsa_pearson","-0.0019491234858209335","outputs\runs\v2_corrected_2026-09-23_seed456_synthetic\stage05_metrics\held_out\cnn1d_time_contrastive_blocks.csv"
"v2_corrected_2026-09-23_seed456_synthetic","synthetic","simulated_lag_10","A","held_out","cnn1d","time_contrastive_blocks","456","","eta","linear_cka","0.0020728950123632536","outputs\runs\v2_corrected_2026-09-23_seed456_synthetic\stage05_metrics\held_out\cnn1d_time_contrastive_blocks.csv"
"v2_corrected_2026-09-23_seed456_synthetic","synthetic","simulated_lag_10","A","held_out","cnn1d","time_contrastive_blocks","456","","Z","procrustes_r2","0.6614543055759392","outputs\runs\v2_corrected_2026-09-23_seed456_synthetic\stage05_metrics\held_out\cnn1d_time_contrastive_blocks.csv"
"v2_corrected_2026-09-23_seed456_synthetic","synthetic","simulated_lag_10","A","held_out","cnn1d","time_contrastive_blocks","456","","Z","rsa_spearman","0.5472732133839318","outputs\runs\v2_corrected_2026-09-23_seed456_synthetic\stage05_metrics\held_out\cnn1d_time_contrastive_blocks.csv"
"v2_corrected_2026-09-23_seed456_synthetic","synthetic","simulated_lag_10","A","held_out","cnn1d","time_contrastive_blocks","456","","Z","rsa_pearson","0.5871862660604649","outputs\runs\v2_corrected_2026-09-23_seed456_synthetic\stage05_metrics\held_out\cnn1d_time_contrastive_blocks.csv"
"v2_corrected_2026-09-23_seed456_synthetic","synthetic","simulated_lag_10","A","held_out","cnn1d","time_contrastive_blocks","456","","Z","linear_cka","0.678183195054573","outputs\runs\v2_corrected_2026-09-23_seed456_synthetic\stage05_metrics\held_out\cnn1d_time_contrastive_blocks.csv"
"v2_corrected_2026-09-23_seed456_synthetic","synthetic","simulated_lag_10","B","held_out","cnn1d","time_contrastive_blocks","456","","M","procrustes_r2","0.6562564929079662","outputs\runs\v2_corrected_2026-09-23_seed456_synthetic\stage05_metrics\held_out\cnn1d_time_contrastive_blocks.csv"
"v2_corrected_2026-09-23_seed456_synthetic","synthetic","simulated_lag_10","B","held_out","cnn1d","time_contrastive_blocks","456","","M","rsa_spearman","0.5958377500865885","outputs\runs\v2_corrected_2026-09-23_seed456_synthetic\stage05_metrics\held_out\cnn1d_time_contrastive_blocks.csv"
"v2_corrected_2026-09-23_seed456_synthetic","synthetic","simulated_lag_10","B","held_out","cnn1d","time_contrastive_blocks","456","","M","rsa_pearson","0.6173247659944853","outputs\runs\v2_corrected_2026-09-23_seed456_synthetic\stage05_metrics\held_out\cnn1d_time_contrastive_blocks.csv"
"v2_corrected_2026-09-23_seed456_synthetic","synthetic","simulated_lag_10","B","held_out","cnn1d","time_contrastive_blocks","456","","M","linear_cka","0.6765355425473185","outputs\runs\v2_corrected_2026-09-23_seed456_synthetic\stage05_metrics\held_out\cnn1d_time_contrastive_blocks.csv"
"v2_corrected_2026-09-23_seed456_synthetic","synthetic","simulated_lag_10","B","held_out","cnn1d","time_contrastive_blocks","456","","eta","procrustes_r2","-0.9263995446657689","outputs\runs\v2_corrected_2026-09-23_seed456_synthetic\stage05_metrics\held_out\cnn1d_time_contrastive_blocks.csv"
"v2_corrected_2026-09-23_seed456_synthetic","synthetic","simulated_lag_10","B","held_out","cnn1d","time_contrastive_blocks","456","","eta","rsa_spearman","4.1655885320976726e-05","outputs\runs\v2_corrected_2026-09-23_seed456_synthetic\stage05_metrics\held_out\cnn1d_time_contrastive_blocks.csv"
"v2_corrected_2026-09-23_seed456_synthetic","synthetic","simulated_lag_10","B","held_out","cnn1d","time_contrastive_blocks","456","","eta","rsa_pearson","-0.000859380946007335","outputs\runs\v2_corrected_2026-09-23_seed456_synthetic\stage05_metrics\held_out\cnn1d_time_contrastive_blocks.csv"
"v2_corrected_2026-09-23_seed456_synthetic","synthetic","simulated_lag_10","B","held_out","cnn1d","time_contrastive_blocks","456","","eta","linear_cka","0.0014073843070089298","outputs\runs\v2_corrected_2026-09-23_seed456_synthetic\stage05_metrics\held_out\cnn1d_time_contrastive_blocks.csv"
"v2_corrected_2026-09-23_seed456_synthetic","synthetic","simulated_lag_10","B","held_out","cnn1d","time_contrastive_blocks","456","","Z","procrustes_r2","0.6494326194652071","outputs\runs\v2_corrected_2026-09-23_seed456_synthetic\stage05_metrics\held_out\cnn1d_time_contrastive_blocks.csv"
"v2_corrected_2026-09-23_seed456_synthetic","synthetic","simulated_lag_10","B","held_out","cnn1d","time_contrastive_blocks","456","","Z","rsa_spearman","0.5918569249881327","outputs\runs\v2_corrected_2026-09-23_seed456_synthetic\stage05_metrics\held_out\cnn1d_time_contrastive_blocks.csv"
"v2_corrected_2026-09-23_seed456_synthetic","synthetic","simulated_lag_10","B","held_out","cnn1d","time_contrastive_blocks","456","","Z","rsa_pearson","0.6096174838524009","outputs\runs\v2_corrected_2026-09-23_seed456_synthetic\stage05_metrics\held_out\cnn1d_time_contrastive_blocks.csv"
"v2_corrected_2026-09-23_seed456_synthetic","synthetic","simulated_lag_10","B","held_out","cnn1d","time_contrastive_blocks","456","","Z","linear_cka","0.6712376707919059","outputs\runs\v2_corrected_2026-09-23_seed456_synthetic\stage05_metrics\held_out\cnn1d_time_contrastive_blocks.csv"
"v2_corrected_2026-09-23_seed456_synthetic","synthetic","simulated_lag_10","A_B","held_out","cnn1d","time_contrastive_blocks","456","","","estimated_lag_bins","11","outputs\runs\v2_corrected_2026-09-23_seed456_synthetic\stage05_metrics\held_out\cnn1d_time_contrastive_blocks.csv"
"v2_corrected_2026-09-23_seed456_synthetic","synthetic","simulated_lag_10","A","held_out","pca","none","456","","M","procrustes_r2","0.7389422103142365","outputs\runs\v2_corrected_2026-09-23_seed456_synthetic\stage05_metrics\held_out\pca_none.csv"
"v2_corrected_2026-09-23_seed456_synthetic","synthetic","simulated_lag_10","A","held_out","pca","none","456","","M","rsa_spearman","0.6886684062448599","outputs\runs\v2_corrected_2026-09-23_seed456_synthetic\stage05_metrics\held_out\pca_none.csv"
"v2_corrected_2026-09-23_seed456_synthetic","synthetic","simulated_lag_10","A","held_out","pca","none","456","","M","rsa_pearson","0.7451979871314357","outputs\runs\v2_corrected_2026-09-23_seed456_synthetic\stage05_metrics\held_out\pca_none.csv"
"v2_corrected_2026-09-23_seed456_synthetic","synthetic","simulated_lag_10","A","held_out","pca","none","456","","M","linear_cka","0.7231323377978576","outputs\runs\v2_corrected_2026-09-23_seed456_synthetic\stage05_metrics\held_out\pca_none.csv"
"v2_corrected_2026-09-23_seed456_synthetic","synthetic","simulated_lag_10","A","held_out","pca","none","456","","eta","procrustes_r2","-0.9339111802158071","outputs\runs\v2_corrected_2026-09-23_seed456_synthetic\stage05_metrics\held_out\pca_none.csv"
"v2_corrected_2026-09-23_seed456_synthetic","synthetic","simulated_lag_10","A","held_out","pca","none","456","","eta","rsa_spearman","0.0011028067859233947","outputs\runs\v2_corrected_2026-09-23_seed456_synthetic\stage05_metrics\held_out\pca_none.csv"
"v2_corrected_2026-09-23_seed456_synthetic","synthetic","simulated_lag_10","A","held_out","pca","none","456","","eta","rsa_pearson","0.0007201111704912551","outputs\runs\v2_corrected_2026-09-23_seed456_synthetic\stage05_metrics\held_out\pca_none.csv"
"v2_corrected_2026-09-23_seed456_synthetic","synthetic","simulated_lag_10","A","held_out","pca","none","456","","eta","linear_cka","0.001192221737107497","outputs\runs\v2_corrected_2026-09-23_seed456_synthetic\stage05_metrics\held_out\pca_none.csv"
"v2_corrected_2026-09-23_seed456_synthetic","synthetic","simulated_lag_10","A","held_out","pca","none","456","","Z","procrustes_r2","0.7306728793490858","outputs\runs\v2_corrected_2026-09-23_seed456_synthetic\stage05_metrics\held_out\pca_none.csv"
"v2_corrected_2026-09-23_seed456_synthetic","synthetic","simulated_lag_10","A","held_out","pca","none","456","","Z","rsa_spearman","0.684719748641134","outputs\runs\v2_corrected_2026-09-23_seed456_synthetic\stage05_metrics\held_out\pca_none.csv"
"v2_corrected_2026-09-23_seed456_synthetic","synthetic","simulated_lag_10","A","held_out","pca","none","456","","Z","rsa_pearson","0.7337262106648175","outputs\runs\v2_corrected_2026-09-23_seed456_synthetic\stage05_metrics\held_out\pca_none.csv"
"v2_corrected_2026-09-23_seed456_synthetic","synthetic","simulated_lag_10","A","held_out","pca","none","456","","Z","linear_cka","0.7163416460053507","outputs\runs\v2_corrected_2026-09-23_seed456_synthetic\stage05_metrics\held_out\pca_none.csv"
"v2_corrected_2026-09-23_seed456_synthetic","synthetic","simulated_lag_10","B","held_out","pca","none","456","","M","procrustes_r2","0.7180000061879186","outputs\runs\v2_corrected_2026-09-23_seed456_synthetic\stage05_metrics\held_out\pca_none.csv"
"v2_corrected_2026-09-23_seed456_synthetic","synthetic","simulated_lag_10","B","held_out","pca","none","456","","M","rsa_spearman","0.6792973697854424","outputs\runs\v2_corrected_2026-09-23_seed456_synthetic\stage05_metrics\held_out\pca_none.csv"
"v2_corrected_2026-09-23_seed456_synthetic","synthetic","simulated_lag_10","B","held_out","pca","none","456","","M","rsa_pearson","0.7043077623831285","outputs\runs\v2_corrected_2026-09-23_seed456_synthetic\stage05_metrics\held_out\pca_none.csv"
"v2_corrected_2026-09-23_seed456_synthetic","synthetic","simulated_lag_10","B","held_out","pca","none","456","","M","linear_cka","0.7216891246294512","outputs\runs\v2_corrected_2026-09-23_seed456_synthetic\stage05_metrics\held_out\pca_none.csv"
"v2_corrected_2026-09-23_seed456_synthetic","synthetic","simulated_lag_10","B","held_out","pca","none","456","","eta","procrustes_r2","-0.9321732850960092","outputs\runs\v2_corrected_2026-09-23_seed456_synthetic\stage05_metrics\held_out\pca_none.csv"
"v2_corrected_2026-09-23_seed456_synthetic","synthetic","simulated_lag_10","B","held_out","pca","none","456","","eta","rsa_spearman","0.0015831696380746814","outputs\runs\v2_corrected_2026-09-23_seed456_synthetic\stage05_metrics\held_out\pca_none.csv"
"v2_corrected_2026-09-23_seed456_synthetic","synthetic","simulated_lag_10","B","held_out","pca","none","456","","eta","rsa_pearson","0.0014123728198377821","outputs\runs\v2_corrected_2026-09-23_seed456_synthetic\stage05_metrics\held_out\pca_none.csv"
"v2_corrected_2026-09-23_seed456_synthetic","synthetic","simulated_lag_10","B","held_out","pca","none","456","","eta","linear_cka","0.00127179893779327","outputs\runs\v2_corrected_2026-09-23_seed456_synthetic\stage05_metrics\held_out\pca_none.csv"
"v2_corrected_2026-09-23_seed456_synthetic","synthetic","simulated_lag_10","B","held_out","pca","none","456","","Z","procrustes_r2","0.7094471026857714","outputs\runs\v2_corrected_2026-09-23_seed456_synthetic\stage05_metrics\held_out\pca_none.csv"
"v2_corrected_2026-09-23_seed456_synthetic","synthetic","simulated_lag_10","B","held_out","pca","none","456","","Z","rsa_spearman","0.6737575103807113","outputs\runs\v2_corrected_2026-09-23_seed456_synthetic\stage05_metrics\held_out\pca_none.csv"
"v2_corrected_2026-09-23_seed456_synthetic","synthetic","simulated_lag_10","B","held_out","pca","none","456","","Z","rsa_pearson","0.6941122811225748","outputs\runs\v2_corrected_2026-09-23_seed456_synthetic\stage05_metrics\held_out\pca_none.csv"
"v2_corrected_2026-09-23_seed456_synthetic","synthetic","simulated_lag_10","B","held_out","pca","none","456","","Z","linear_cka","0.7148061350424426","outputs\runs\v2_corrected_2026-09-23_seed456_synthetic\stage05_metrics\held_out\pca_none.csv"
"v2_corrected_2026-09-23_seed456_synthetic","synthetic","simulated_lag_10","A_B","held_out","pca","none","456","","","estimated_lag_bins","6","outputs\runs\v2_corrected_2026-09-23_seed456_synthetic\stage05_metrics\held_out\pca_none.csv"
"v2_corrected_2026-09-23_seed456_synthetic","synthetic","simulated_lag_10","A","held_out","transformer","behavior_contrastive_blocks","456","","M","procrustes_r2","0.23782923728463046","outputs\runs\v2_corrected_2026-09-23_seed456_synthetic\stage05_metrics\held_out\transformer_behavior_contrastive_blocks.csv"
"v2_corrected_2026-09-23_seed456_synthetic","synthetic","simulated_lag_10","A","held_out","transformer","behavior_contrastive_blocks","456","","M","rsa_spearman","0.3033056682896858","outputs\runs\v2_corrected_2026-09-23_seed456_synthetic\stage05_metrics\held_out\transformer_behavior_contrastive_blocks.csv"
"v2_corrected_2026-09-23_seed456_synthetic","synthetic","simulated_lag_10","A","held_out","transformer","behavior_contrastive_blocks","456","","M","rsa_pearson","0.2970470673615115","outputs\runs\v2_corrected_2026-09-23_seed456_synthetic\stage05_metrics\held_out\transformer_behavior_contrastive_blocks.csv"
"v2_corrected_2026-09-23_seed456_synthetic","synthetic","simulated_lag_10","A","held_out","transformer","behavior_contrastive_blocks","456","","M","linear_cka","0.4628579884577251","outputs\runs\v2_corrected_2026-09-23_seed456_synthetic\stage05_metrics\held_out\transformer_behavior_contrastive_blocks.csv"
"v2_corrected_2026-09-23_seed456_synthetic","synthetic","simulated_lag_10","A","held_out","transformer","behavior_contrastive_blocks","456","","eta","procrustes_r2","-0.916508118395194","outputs\runs\v2_corrected_2026-09-23_seed456_synthetic\stage05_metrics\held_out\transformer_behavior_contrastive_blocks.csv"
"v2_corrected_2026-09-23_seed456_synthetic","synthetic","simulated_lag_10","A","held_out","transformer","behavior_contrastive_blocks","456","","eta","rsa_spearman","0.0058527531699325485","outputs\runs\v2_corrected_2026-09-23_seed456_synthetic\stage05_metrics\held_out\transformer_behavior_contrastive_blocks.csv"
"v2_corrected_2026-09-23_seed456_synthetic","synthetic","simulated_lag_10","A","held_out","transformer","behavior_contrastive_blocks","456","","eta","rsa_pearson","0.005489342898048977","outputs\runs\v2_corrected_2026-09-23_seed456_synthetic\stage05_metrics\held_out\transformer_behavior_contrastive_blocks.csv"
"v2_corrected_2026-09-23_seed456_synthetic","synthetic","simulated_lag_10","A","held_out","transformer","behavior_contrastive_blocks","456","","eta","linear_cka","0.0022557778763226378","outputs\runs\v2_corrected_2026-09-23_seed456_synthetic\stage05_metrics\held_out\transformer_behavior_contrastive_blocks.csv"
"v2_corrected_2026-09-23_seed456_synthetic","synthetic","simulated_lag_10","A","held_out","transformer","behavior_contrastive_blocks","456","","Z","procrustes_r2","0.23518865762853813","outputs\runs\v2_corrected_2026-09-23_seed456_synthetic\stage05_metrics\held_out\transformer_behavior_contrastive_blocks.csv"
"v2_corrected_2026-09-23_seed456_synthetic","synthetic","simulated_lag_10","A","held_out","transformer","behavior_contrastive_blocks","456","","Z","rsa_spearman","0.30184356080506713","outputs\runs\v2_corrected_2026-09-23_seed456_synthetic\stage05_metrics\held_out\transformer_behavior_contrastive_blocks.csv"
"v2_corrected_2026-09-23_seed456_synthetic","synthetic","simulated_lag_10","A","held_out","transformer","behavior_contrastive_blocks","456","","Z","rsa_pearson","0.3006092027596399","outputs\runs\v2_corrected_2026-09-23_seed456_synthetic\stage05_metrics\held_out\transformer_behavior_contrastive_blocks.csv"
"v2_corrected_2026-09-23_seed456_synthetic","synthetic","simulated_lag_10","A","held_out","transformer","behavior_contrastive_blocks","456","","Z","linear_cka","0.4609129557168321","outputs\runs\v2_corrected_2026-09-23_seed456_synthetic\stage05_metrics\held_out\transformer_behavior_contrastive_blocks.csv"
"v2_corrected_2026-09-23_seed456_synthetic","synthetic","simulated_lag_10","B","held_out","transformer","behavior_contrastive_blocks","456","","M","procrustes_r2","0.21052889694874588","outputs\runs\v2_corrected_2026-09-23_seed456_synthetic\stage05_metrics\held_out\transformer_behavior_contrastive_blocks.csv"
"v2_corrected_2026-09-23_seed456_synthetic","synthetic","simulated_lag_10","B","held_out","transformer","behavior_contrastive_blocks","456","","M","rsa_spearman","0.2771123166200113","outputs\runs\v2_corrected_2026-09-23_seed456_synthetic\stage05_metrics\held_out\transformer_behavior_contrastive_blocks.csv"
"v2_corrected_2026-09-23_seed456_synthetic","synthetic","simulated_lag_10","B","held_out","transformer","behavior_contrastive_blocks","456","","M","rsa_pearson","0.27509450927256557","outputs\runs\v2_corrected_2026-09-23_seed456_synthetic\stage05_metrics\held_out\transformer_behavior_contrastive_blocks.csv"
"v2_corrected_2026-09-23_seed456_synthetic","synthetic","simulated_lag_10","B","held_out","transformer","behavior_contrastive_blocks","456","","M","linear_cka","0.44230148699883104","outputs\runs\v2_corrected_2026-09-23_seed456_synthetic\stage05_metrics\held_out\transformer_behavior_contrastive_blocks.csv"
"v2_corrected_2026-09-23_seed456_synthetic","synthetic","simulated_lag_10","B","held_out","transformer","behavior_contrastive_blocks","456","","eta","procrustes_r2","-0.9580589147284946","outputs\runs\v2_corrected_2026-09-23_seed456_synthetic\stage05_metrics\held_out\transformer_behavior_contrastive_blocks.csv"
"v2_corrected_2026-09-23_seed456_synthetic","synthetic","simulated_lag_10","B","held_out","transformer","behavior_contrastive_blocks","456","","eta","rsa_spearman","0.002732022145783703","outputs\runs\v2_corrected_2026-09-23_seed456_synthetic\stage05_metrics\held_out\transformer_behavior_contrastive_blocks.csv"
"v2_corrected_2026-09-23_seed456_synthetic","synthetic","simulated_lag_10","B","held_out","transformer","behavior_contrastive_blocks","456","","eta","rsa_pearson","0.002146800544192899","outputs\runs\v2_corrected_2026-09-23_seed456_synthetic\stage05_metrics\held_out\transformer_behavior_contrastive_blocks.csv"
"v2_corrected_2026-09-23_seed456_synthetic","synthetic","simulated_lag_10","B","held_out","transformer","behavior_contrastive_blocks","456","","eta","linear_cka","0.0005831241910675961","outputs\runs\v2_corrected_2026-09-23_seed456_synthetic\stage05_metrics\held_out\transformer_behavior_contrastive_blocks.csv"
"v2_corrected_2026-09-23_seed456_synthetic","synthetic","simulated_lag_10","B","held_out","transformer","behavior_contrastive_blocks","456","","Z","procrustes_r2","0.2039228549236296","outputs\runs\v2_corrected_2026-09-23_seed456_synthetic\stage05_metrics\held_out\transformer_behavior_contrastive_blocks.csv"
"v2_corrected_2026-09-23_seed456_synthetic","synthetic","simulated_lag_10","B","held_out","transformer","behavior_contrastive_blocks","456","","Z","rsa_spearman","0.27521923394304243","outputs\runs\v2_corrected_2026-09-23_seed456_synthetic\stage05_metrics\held_out\transformer_behavior_contrastive_blocks.csv"
"v2_corrected_2026-09-23_seed456_synthetic","synthetic","simulated_lag_10","B","held_out","transformer","behavior_contrastive_blocks","456","","Z","rsa_pearson","0.27691838585257555","outputs\runs\v2_corrected_2026-09-23_seed456_synthetic\stage05_metrics\held_out\transformer_behavior_contrastive_blocks.csv"
"v2_corrected_2026-09-23_seed456_synthetic","synthetic","simulated_lag_10","B","held_out","transformer","behavior_contrastive_blocks","456","","Z","linear_cka","0.43770992777079804","outputs\runs\v2_corrected_2026-09-23_seed456_synthetic\stage05_metrics\held_out\transformer_behavior_contrastive_blocks.csv"
"v2_corrected_2026-09-23_seed456_synthetic","synthetic","simulated_lag_10","A_B","held_out","transformer","behavior_contrastive_blocks","456","","","estimated_lag_bins","18","outputs\runs\v2_corrected_2026-09-23_seed456_synthetic\stage05_metrics\held_out\transformer_behavior_contrastive_blocks.csv"
"v2_corrected_2026-09-23_seed456_synthetic","synthetic","simulated_lag_10","A","held_out","transformer","infonce","456","","M","procrustes_r2","0.28409546788765594","outputs\runs\v2_corrected_2026-09-23_seed456_synthetic\stage05_metrics\held_out\transformer_infonce.csv"
"v2_corrected_2026-09-23_seed456_synthetic","synthetic","simulated_lag_10","A","held_out","transformer","infonce","456","","M","rsa_spearman","0.34692266148740425","outputs\runs\v2_corrected_2026-09-23_seed456_synthetic\stage05_metrics\held_out\transformer_infonce.csv"
"v2_corrected_2026-09-23_seed456_synthetic","synthetic","simulated_lag_10","A","held_out","transformer","infonce","456","","M","rsa_pearson","0.33890659416967406","outputs\runs\v2_corrected_2026-09-23_seed456_synthetic\stage05_metrics\held_out\transformer_infonce.csv"
"v2_corrected_2026-09-23_seed456_synthetic","synthetic","simulated_lag_10","A","held_out","transformer","infonce","456","","M","linear_cka","0.4709325519038998","outputs\runs\v2_corrected_2026-09-23_seed456_synthetic\stage05_metrics\held_out\transformer_infonce.csv"
"v2_corrected_2026-09-23_seed456_synthetic","synthetic","simulated_lag_10","A","held_out","transformer","infonce","456","","eta","procrustes_r2","-0.9185734490711932","outputs\runs\v2_corrected_2026-09-23_seed456_synthetic\stage05_metrics\held_out\transformer_infonce.csv"
"v2_corrected_2026-09-23_seed456_synthetic","synthetic","simulated_lag_10","A","held_out","transformer","infonce","456","","eta","rsa_spearman","0.001023359457108179","outputs\runs\v2_corrected_2026-09-23_seed456_synthetic\stage05_metrics\held_out\transformer_infonce.csv"
"v2_corrected_2026-09-23_seed456_synthetic","synthetic","simulated_lag_10","A","held_out","transformer","infonce","456","","eta","rsa_pearson","0.0005250294750985384","outputs\runs\v2_corrected_2026-09-23_seed456_synthetic\stage05_metrics\held_out\transformer_infonce.csv"
"v2_corrected_2026-09-23_seed456_synthetic","synthetic","simulated_lag_10","A","held_out","transformer","infonce","456","","eta","linear_cka","0.0025760002071818786","outputs\runs\v2_corrected_2026-09-23_seed456_synthetic\stage05_metrics\held_out\transformer_infonce.csv"
"v2_corrected_2026-09-23_seed456_synthetic","synthetic","simulated_lag_10","A","held_out","transformer","infonce","456","","Z","procrustes_r2","0.2815030925626657","outputs\runs\v2_corrected_2026-09-23_seed456_synthetic\stage05_metrics\held_out\transformer_infonce.csv"
"v2_corrected_2026-09-23_seed456_synthetic","synthetic","simulated_lag_10","A","held_out","transformer","infonce","456","","Z","rsa_spearman","0.34649112033646823","outputs\runs\v2_corrected_2026-09-23_seed456_synthetic\stage05_metrics\held_out\transformer_infonce.csv"
"v2_corrected_2026-09-23_seed456_synthetic","synthetic","simulated_lag_10","A","held_out","transformer","infonce","456","","Z","rsa_pearson","0.3420960036754717","outputs\runs\v2_corrected_2026-09-23_seed456_synthetic\stage05_metrics\held_out\transformer_infonce.csv"
"v2_corrected_2026-09-23_seed456_synthetic","synthetic","simulated_lag_10","A","held_out","transformer","infonce","456","","Z","linear_cka","0.46980621669300127","outputs\runs\v2_corrected_2026-09-23_seed456_synthetic\stage05_metrics\held_out\transformer_infonce.csv"
"v2_corrected_2026-09-23_seed456_synthetic","synthetic","simulated_lag_10","B","held_out","transformer","infonce","456","","M","procrustes_r2","0.2389873552820927","outputs\runs\v2_corrected_2026-09-23_seed456_synthetic\stage05_metrics\held_out\transformer_infonce.csv"
"v2_corrected_2026-09-23_seed456_synthetic","synthetic","simulated_lag_10","B","held_out","transformer","infonce","456","","M","rsa_spearman","0.3152740296653574","outputs\runs\v2_corrected_2026-09-23_seed456_synthetic\stage05_metrics\held_out\transformer_infonce.csv"
"v2_corrected_2026-09-23_seed456_synthetic","synthetic","simulated_lag_10","B","held_out","transformer","infonce","456","","M","rsa_pearson","0.3031096319939632","outputs\runs\v2_corrected_2026-09-23_seed456_synthetic\stage05_metrics\held_out\transformer_infonce.csv"
"v2_corrected_2026-09-23_seed456_synthetic","synthetic","simulated_lag_10","B","held_out","transformer","infonce","456","","M","linear_cka","0.4366314560668515","outputs\runs\v2_corrected_2026-09-23_seed456_synthetic\stage05_metrics\held_out\transformer_infonce.csv"
"v2_corrected_2026-09-23_seed456_synthetic","synthetic","simulated_lag_10","B","held_out","transformer","infonce","456","","eta","procrustes_r2","-0.9538979835152124","outputs\runs\v2_corrected_2026-09-23_seed456_synthetic\stage05_metrics\held_out\transformer_infonce.csv"
"v2_corrected_2026-09-23_seed456_synthetic","synthetic","simulated_lag_10","B","held_out","transformer","infonce","456","","eta","rsa_spearman","0.0033075856150825205","outputs\runs\v2_corrected_2026-09-23_seed456_synthetic\stage05_metrics\held_out\transformer_infonce.csv"
"v2_corrected_2026-09-23_seed456_synthetic","synthetic","simulated_lag_10","B","held_out","transformer","infonce","456","","eta","rsa_pearson","0.001743304916044356","outputs\runs\v2_corrected_2026-09-23_seed456_synthetic\stage05_metrics\held_out\transformer_infonce.csv"
"v2_corrected_2026-09-23_seed456_synthetic","synthetic","simulated_lag_10","B","held_out","transformer","infonce","456","","eta","linear_cka","0.0006368748017495453","outputs\runs\v2_corrected_2026-09-23_seed456_synthetic\stage05_metrics\held_out\transformer_infonce.csv"
"v2_corrected_2026-09-23_seed456_synthetic","synthetic","simulated_lag_10","B","held_out","transformer","infonce","456","","Z","procrustes_r2","0.2324563891520779","outputs\runs\v2_corrected_2026-09-23_seed456_synthetic\stage05_metrics\held_out\transformer_infonce.csv"
"v2_corrected_2026-09-23_seed456_synthetic","synthetic","simulated_lag_10","B","held_out","transformer","infonce","456","","Z","rsa_spearman","0.31313825506838683","outputs\runs\v2_corrected_2026-09-23_seed456_synthetic\stage05_metrics\held_out\transformer_infonce.csv"
"v2_corrected_2026-09-23_seed456_synthetic","synthetic","simulated_lag_10","B","held_out","transformer","infonce","456","","Z","rsa_pearson","0.30391504600804997","outputs\runs\v2_corrected_2026-09-23_seed456_synthetic\stage05_metrics\held_out\transformer_infonce.csv"
"v2_corrected_2026-09-23_seed456_synthetic","synthetic","simulated_lag_10","B","held_out","transformer","infonce","456","","Z","linear_cka","0.43206682598885515","outputs\runs\v2_corrected_2026-09-23_seed456_synthetic\stage05_metrics\held_out\transformer_infonce.csv"
"v2_corrected_2026-09-23_seed456_synthetic","synthetic","simulated_lag_10","A_B","held_out","transformer","infonce","456","","","estimated_lag_bins","20","outputs\runs\v2_corrected_2026-09-23_seed456_synthetic\stage05_metrics\held_out\transformer_infonce.csv"
"v2_corrected_2026-09-23_seed456_synthetic","synthetic","simulated_lag_10","A","held_out","transformer","soft","456","","M","procrustes_r2","0.3450699006017597","outputs\runs\v2_corrected_2026-09-23_seed456_synthetic\stage05_metrics\held_out\transformer_soft.csv"
"v2_corrected_2026-09-23_seed456_synthetic","synthetic","simulated_lag_10","A","held_out","transformer","soft","456","","M","rsa_spearman","0.5202577301742122","outputs\runs\v2_corrected_2026-09-23_seed456_synthetic\stage05_metrics\held_out\transformer_soft.csv"
"v2_corrected_2026-09-23_seed456_synthetic","synthetic","simulated_lag_10","A","held_out","transformer","soft","456","","M","rsa_pearson","0.5140502639351758","outputs\runs\v2_corrected_2026-09-23_seed456_synthetic\stage05_metrics\held_out\transformer_soft.csv"
"v2_corrected_2026-09-23_seed456_synthetic","synthetic","simulated_lag_10","A","held_out","transformer","soft","456","","M","linear_cka","0.5492484159283543","outputs\runs\v2_corrected_2026-09-23_seed456_synthetic\stage05_metrics\held_out\transformer_soft.csv"
"v2_corrected_2026-09-23_seed456_synthetic","synthetic","simulated_lag_10","A","held_out","transformer","soft","456","","eta","procrustes_r2","-0.9333848333290655","outputs\runs\v2_corrected_2026-09-23_seed456_synthetic\stage05_metrics\held_out\transformer_soft.csv"
"v2_corrected_2026-09-23_seed456_synthetic","synthetic","simulated_lag_10","A","held_out","transformer","soft","456","","eta","rsa_spearman","0.0021448767253537107","outputs\runs\v2_corrected_2026-09-23_seed456_synthetic\stage05_metrics\held_out\transformer_soft.csv"
"v2_corrected_2026-09-23_seed456_synthetic","synthetic","simulated_lag_10","A","held_out","transformer","soft","456","","eta","rsa_pearson","0.0017803115221242238","outputs\runs\v2_corrected_2026-09-23_seed456_synthetic\stage05_metrics\held_out\transformer_soft.csv"
"v2_corrected_2026-09-23_seed456_synthetic","synthetic","simulated_lag_10","A","held_out","transformer","soft","456","","eta","linear_cka","0.001506220697919693","outputs\runs\v2_corrected_2026-09-23_seed456_synthetic\stage05_metrics\held_out\transformer_soft.csv"
"v2_corrected_2026-09-23_seed456_synthetic","synthetic","simulated_lag_10","A","held_out","transformer","soft","456","","Z","procrustes_r2","0.34089195954237483","outputs\runs\v2_corrected_2026-09-23_seed456_synthetic\stage05_metrics\held_out\transformer_soft.csv"
"v2_corrected_2026-09-23_seed456_synthetic","synthetic","simulated_lag_10","A","held_out","transformer","soft","456","","Z","rsa_spearman","0.5168712467263578","outputs\runs\v2_corrected_2026-09-23_seed456_synthetic\stage05_metrics\held_out\transformer_soft.csv"
"v2_corrected_2026-09-23_seed456_synthetic","synthetic","simulated_lag_10","A","held_out","transformer","soft","456","","Z","rsa_pearson","0.5103219557807439","outputs\runs\v2_corrected_2026-09-23_seed456_synthetic\stage05_metrics\held_out\transformer_soft.csv"
"v2_corrected_2026-09-23_seed456_synthetic","synthetic","simulated_lag_10","A","held_out","transformer","soft","456","","Z","linear_cka","0.5457431060534855","outputs\runs\v2_corrected_2026-09-23_seed456_synthetic\stage05_metrics\held_out\transformer_soft.csv"
"v2_corrected_2026-09-23_seed456_synthetic","synthetic","simulated_lag_10","B","held_out","transformer","soft","456","","M","procrustes_r2","0.2778014673319962","outputs\runs\v2_corrected_2026-09-23_seed456_synthetic\stage05_metrics\held_out\transformer_soft.csv"
"v2_corrected_2026-09-23_seed456_synthetic","synthetic","simulated_lag_10","B","held_out","transformer","soft","456","","M","rsa_spearman","0.467125469323026","outputs\runs\v2_corrected_2026-09-23_seed456_synthetic\stage05_metrics\held_out\transformer_soft.csv"
"v2_corrected_2026-09-23_seed456_synthetic","synthetic","simulated_lag_10","B","held_out","transformer","soft","456","","M","rsa_pearson","0.4556905050194809","outputs\runs\v2_corrected_2026-09-23_seed456_synthetic\stage05_metrics\held_out\transformer_soft.csv"
"v2_corrected_2026-09-23_seed456_synthetic","synthetic","simulated_lag_10","B","held_out","transformer","soft","456","","M","linear_cka","0.4943903068054422","outputs\runs\v2_corrected_2026-09-23_seed456_synthetic\stage05_metrics\held_out\transformer_soft.csv"
"v2_corrected_2026-09-23_seed456_synthetic","synthetic","simulated_lag_10","B","held_out","transformer","soft","456","","eta","procrustes_r2","-0.9491456997373582","outputs\runs\v2_corrected_2026-09-23_seed456_synthetic\stage05_metrics\held_out\transformer_soft.csv"
"v2_corrected_2026-09-23_seed456_synthetic","synthetic","simulated_lag_10","B","held_out","transformer","soft","456","","eta","rsa_spearman","0.006280679711604899","outputs\runs\v2_corrected_2026-09-23_seed456_synthetic\stage05_metrics\held_out\transformer_soft.csv"
"v2_corrected_2026-09-23_seed456_synthetic","synthetic","simulated_lag_10","B","held_out","transformer","soft","456","","eta","rsa_pearson","0.007004603082171962","outputs\runs\v2_corrected_2026-09-23_seed456_synthetic\stage05_metrics\held_out\transformer_soft.csv"
"v2_corrected_2026-09-23_seed456_synthetic","synthetic","simulated_lag_10","B","held_out","transformer","soft","456","","eta","linear_cka","0.0009102966500321323","outputs\runs\v2_corrected_2026-09-23_seed456_synthetic\stage05_metrics\held_out\transformer_soft.csv"
"v2_corrected_2026-09-23_seed456_synthetic","synthetic","simulated_lag_10","B","held_out","transformer","soft","456","","Z","procrustes_r2","0.2711506937035396","outputs\runs\v2_corrected_2026-09-23_seed456_synthetic\stage05_metrics\held_out\transformer_soft.csv"
"v2_corrected_2026-09-23_seed456_synthetic","synthetic","simulated_lag_10","B","held_out","transformer","soft","456","","Z","rsa_spearman","0.46255436834081914","outputs\runs\v2_corrected_2026-09-23_seed456_synthetic\stage05_metrics\held_out\transformer_soft.csv"
"v2_corrected_2026-09-23_seed456_synthetic","synthetic","simulated_lag_10","B","held_out","transformer","soft","456","","Z","rsa_pearson","0.4509814911423172","outputs\runs\v2_corrected_2026-09-23_seed456_synthetic\stage05_metrics\held_out\transformer_soft.csv"
"v2_corrected_2026-09-23_seed456_synthetic","synthetic","simulated_lag_10","B","held_out","transformer","soft","456","","Z","linear_cka","0.4895972123833729","outputs\runs\v2_corrected_2026-09-23_seed456_synthetic\stage05_metrics\held_out\transformer_soft.csv"
"v2_corrected_2026-09-23_seed456_synthetic","synthetic","simulated_lag_10","A_B","held_out","transformer","soft","456","","","estimated_lag_bins","15","outputs\runs\v2_corrected_2026-09-23_seed456_synthetic\stage05_metrics\held_out\transformer_soft.csv"
"v2_corrected_2026-09-23_seed456_synthetic","synthetic","simulated_lag_10","A","held_out","transformer","time_contrastive_blocks","456","","M","procrustes_r2","0.3228875310564584","outputs\runs\v2_corrected_2026-09-23_seed456_synthetic\stage05_metrics\held_out\transformer_time_contrastive_blocks.csv"
"v2_corrected_2026-09-23_seed456_synthetic","synthetic","simulated_lag_10","A","held_out","transformer","time_contrastive_blocks","456","","M","rsa_spearman","0.5197985746510062","outputs\runs\v2_corrected_2026-09-23_seed456_synthetic\stage05_metrics\held_out\transformer_time_contrastive_blocks.csv"
"v2_corrected_2026-09-23_seed456_synthetic","synthetic","simulated_lag_10","A","held_out","transformer","time_contrastive_blocks","456","","M","rsa_pearson","0.566237256257301","outputs\runs\v2_corrected_2026-09-23_seed456_synthetic\stage05_metrics\held_out\transformer_time_contrastive_blocks.csv"
"v2_corrected_2026-09-23_seed456_synthetic","synthetic","simulated_lag_10","A","held_out","transformer","time_contrastive_blocks","456","","M","linear_cka","0.5399262493358964","outputs\runs\v2_corrected_2026-09-23_seed456_synthetic\stage05_metrics\held_out\transformer_time_contrastive_blocks.csv"
"v2_corrected_2026-09-23_seed456_synthetic","synthetic","simulated_lag_10","A","held_out","transformer","time_contrastive_blocks","456","","eta","procrustes_r2","-0.931105286001797","outputs\runs\v2_corrected_2026-09-23_seed456_synthetic\stage05_metrics\held_out\transformer_time_contrastive_blocks.csv"
"v2_corrected_2026-09-23_seed456_synthetic","synthetic","simulated_lag_10","A","held_out","transformer","time_contrastive_blocks","456","","eta","rsa_spearman","0.0020435952423248625","outputs\runs\v2_corrected_2026-09-23_seed456_synthetic\stage05_metrics\held_out\transformer_time_contrastive_blocks.csv"
"v2_corrected_2026-09-23_seed456_synthetic","synthetic","simulated_lag_10","A","held_out","transformer","time_contrastive_blocks","456","","eta","rsa_pearson","0.0009824527769985917","outputs\runs\v2_corrected_2026-09-23_seed456_synthetic\stage05_metrics\held_out\transformer_time_contrastive_blocks.csv"
"v2_corrected_2026-09-23_seed456_synthetic","synthetic","simulated_lag_10","A","held_out","transformer","time_contrastive_blocks","456","","eta","linear_cka","0.001468928715094301","outputs\runs\v2_corrected_2026-09-23_seed456_synthetic\stage05_metrics\held_out\transformer_time_contrastive_blocks.csv"
"v2_corrected_2026-09-23_seed456_synthetic","synthetic","simulated_lag_10","A","held_out","transformer","time_contrastive_blocks","456","","Z","procrustes_r2","0.32034767622214366","outputs\runs\v2_corrected_2026-09-23_seed456_synthetic\stage05_metrics\held_out\transformer_time_contrastive_blocks.csv"
"v2_corrected_2026-09-23_seed456_synthetic","synthetic","simulated_lag_10","A","held_out","transformer","time_contrastive_blocks","456","","Z","rsa_spearman","0.5179681625566525","outputs\runs\v2_corrected_2026-09-23_seed456_synthetic\stage05_metrics\held_out\transformer_time_contrastive_blocks.csv"
"v2_corrected_2026-09-23_seed456_synthetic","synthetic","simulated_lag_10","A","held_out","transformer","time_contrastive_blocks","456","","Z","rsa_pearson","0.5561264245084314","outputs\runs\v2_corrected_2026-09-23_seed456_synthetic\stage05_metrics\held_out\transformer_time_contrastive_blocks.csv"
"v2_corrected_2026-09-23_seed456_synthetic","synthetic","simulated_lag_10","A","held_out","transformer","time_contrastive_blocks","456","","Z","linear_cka","0.5365187734402026","outputs\runs\v2_corrected_2026-09-23_seed456_synthetic\stage05_metrics\held_out\transformer_time_contrastive_blocks.csv"
"v2_corrected_2026-09-23_seed456_synthetic","synthetic","simulated_lag_10","B","held_out","transformer","time_contrastive_blocks","456","","M","procrustes_r2","0.19863336262309628","outputs\runs\v2_corrected_2026-09-23_seed456_synthetic\stage05_metrics\held_out\transformer_time_contrastive_blocks.csv"
"v2_corrected_2026-09-23_seed456_synthetic","synthetic","simulated_lag_10","B","held_out","transformer","time_contrastive_blocks","456","","M","rsa_spearman","0.5198307454607196","outputs\runs\v2_corrected_2026-09-23_seed456_synthetic\stage05_metrics\held_out\transformer_time_contrastive_blocks.csv"
"v2_corrected_2026-09-23_seed456_synthetic","synthetic","simulated_lag_10","B","held_out","transformer","time_contrastive_blocks","456","","M","rsa_pearson","0.5395786864421682","outputs\runs\v2_corrected_2026-09-23_seed456_synthetic\stage05_metrics\held_out\transformer_time_contrastive_blocks.csv"
"v2_corrected_2026-09-23_seed456_synthetic","synthetic","simulated_lag_10","B","held_out","transformer","time_contrastive_blocks","456","","M","linear_cka","0.5074236281069118","outputs\runs\v2_corrected_2026-09-23_seed456_synthetic\stage05_metrics\held_out\transformer_time_contrastive_blocks.csv"
"v2_corrected_2026-09-23_seed456_synthetic","synthetic","simulated_lag_10","B","held_out","transformer","time_contrastive_blocks","456","","eta","procrustes_r2","-0.9289236209982432","outputs\runs\v2_corrected_2026-09-23_seed456_synthetic\stage05_metrics\held_out\transformer_time_contrastive_blocks.csv"
"v2_corrected_2026-09-23_seed456_synthetic","synthetic","simulated_lag_10","B","held_out","transformer","time_contrastive_blocks","456","","eta","rsa_spearman","0.0013465092805756414","outputs\runs\v2_corrected_2026-09-23_seed456_synthetic\stage05_metrics\held_out\transformer_time_contrastive_blocks.csv"
"v2_corrected_2026-09-23_seed456_synthetic","synthetic","simulated_lag_10","B","held_out","transformer","time_contrastive_blocks","456","","eta","rsa_pearson","0.0016727922869407155","outputs\runs\v2_corrected_2026-09-23_seed456_synthetic\stage05_metrics\held_out\transformer_time_contrastive_blocks.csv"
"v2_corrected_2026-09-23_seed456_synthetic","synthetic","simulated_lag_10","B","held_out","transformer","time_contrastive_blocks","456","","eta","linear_cka","0.001590498838494471","outputs\runs\v2_corrected_2026-09-23_seed456_synthetic\stage05_metrics\held_out\transformer_time_contrastive_blocks.csv"
"v2_corrected_2026-09-23_seed456_synthetic","synthetic","simulated_lag_10","B","held_out","transformer","time_contrastive_blocks","456","","Z","procrustes_r2","0.1965694384728085","outputs\runs\v2_corrected_2026-09-23_seed456_synthetic\stage05_metrics\held_out\transformer_time_contrastive_blocks.csv"
"v2_corrected_2026-09-23_seed456_synthetic","synthetic","simulated_lag_10","B","held_out","transformer","time_contrastive_blocks","456","","Z","rsa_spearman","0.5173039846455925","outputs\runs\v2_corrected_2026-09-23_seed456_synthetic\stage05_metrics\held_out\transformer_time_contrastive_blocks.csv"
"v2_corrected_2026-09-23_seed456_synthetic","synthetic","simulated_lag_10","B","held_out","transformer","time_contrastive_blocks","456","","Z","rsa_pearson","0.5300127354977509","outputs\runs\v2_corrected_2026-09-23_seed456_synthetic\stage05_metrics\held_out\transformer_time_contrastive_blocks.csv"
"v2_corrected_2026-09-23_seed456_synthetic","synthetic","simulated_lag_10","B","held_out","transformer","time_contrastive_blocks","456","","Z","linear_cka","0.5047536697253882","outputs\runs\v2_corrected_2026-09-23_seed456_synthetic\stage05_metrics\held_out\transformer_time_contrastive_blocks.csv"
"v2_corrected_2026-09-23_seed456_synthetic","synthetic","simulated_lag_10","A_B","held_out","transformer","time_contrastive_blocks","456","","","estimated_lag_bins","5","outputs\runs\v2_corrected_2026-09-23_seed456_synthetic\stage05_metrics\held_out\transformer_time_contrastive_blocks.csv"
"v2_corrected_2026-09-23_seed456_synthetic","synthetic","simulated_lag_10","A","full_sample","cnn1d","behavior_contrastive_blocks","456","","M","procrustes_r2","0.3343961755716409","outputs\runs\v2_corrected_2026-09-23_seed456_synthetic\stage05_metrics\full_sample\cnn1d_behavior_contrastive_blocks.csv"
"v2_corrected_2026-09-23_seed456_synthetic","synthetic","simulated_lag_10","A","full_sample","cnn1d","behavior_contrastive_blocks","456","","M","rsa_spearman","0.3542624427499261","outputs\runs\v2_corrected_2026-09-23_seed456_synthetic\stage05_metrics\full_sample\cnn1d_behavior_contrastive_blocks.csv"
"v2_corrected_2026-09-23_seed456_synthetic","synthetic","simulated_lag_10","A","full_sample","cnn1d","behavior_contrastive_blocks","456","","M","rsa_pearson","0.342618092076322","outputs\runs\v2_corrected_2026-09-23_seed456_synthetic\stage05_metrics\full_sample\cnn1d_behavior_contrastive_blocks.csv"
"v2_corrected_2026-09-23_seed456_synthetic","synthetic","simulated_lag_10","A","full_sample","cnn1d","behavior_contrastive_blocks","456","","M","linear_cka","0.533859397849936","outputs\runs\v2_corrected_2026-09-23_seed456_synthetic\stage05_metrics\full_sample\cnn1d_behavior_contrastive_blocks.csv"
"v2_corrected_2026-09-23_seed456_synthetic","synthetic","simulated_lag_10","A","full_sample","cnn1d","behavior_contrastive_blocks","456","","eta","procrustes_r2","-0.9707594423352262","outputs\runs\v2_corrected_2026-09-23_seed456_synthetic\stage05_metrics\full_sample\cnn1d_behavior_contrastive_blocks.csv"
"v2_corrected_2026-09-23_seed456_synthetic","synthetic","simulated_lag_10","A","full_sample","cnn1d","behavior_contrastive_blocks","456","","eta","rsa_spearman","0.0026038918714905686","outputs\runs\v2_corrected_2026-09-23_seed456_synthetic\stage05_metrics\full_sample\cnn1d_behavior_contrastive_blocks.csv"
"v2_corrected_2026-09-23_seed456_synthetic","synthetic","simulated_lag_10","A","full_sample","cnn1d","behavior_contrastive_blocks","456","","eta","rsa_pearson","0.003665769311512712","outputs\runs\v2_corrected_2026-09-23_seed456_synthetic\stage05_metrics\full_sample\cnn1d_behavior_contrastive_blocks.csv"
"v2_corrected_2026-09-23_seed456_synthetic","synthetic","simulated_lag_10","A","full_sample","cnn1d","behavior_contrastive_blocks","456","","eta","linear_cka","0.0002545504368771703","outputs\runs\v2_corrected_2026-09-23_seed456_synthetic\stage05_metrics\full_sample\cnn1d_behavior_contrastive_blocks.csv"
"v2_corrected_2026-09-23_seed456_synthetic","synthetic","simulated_lag_10","A","full_sample","cnn1d","behavior_contrastive_blocks","456","","Z","procrustes_r2","0.3256004754996805","outputs\runs\v2_corrected_2026-09-23_seed456_synthetic\stage05_metrics\full_sample\cnn1d_behavior_contrastive_blocks.csv"
"v2_corrected_2026-09-23_seed456_synthetic","synthetic","simulated_lag_10","A","full_sample","cnn1d","behavior_contrastive_blocks","456","","Z","rsa_spearman","0.346238794798871","outputs\runs\v2_corrected_2026-09-23_seed456_synthetic\stage05_metrics\full_sample\cnn1d_behavior_contrastive_blocks.csv"
"v2_corrected_2026-09-23_seed456_synthetic","synthetic","simulated_lag_10","A","full_sample","cnn1d","behavior_contrastive_blocks","456","","Z","rsa_pearson","0.34239001494391874","outputs\runs\v2_corrected_2026-09-23_seed456_synthetic\stage05_metrics\full_sample\cnn1d_behavior_contrastive_blocks.csv"
"v2_corrected_2026-09-23_seed456_synthetic","synthetic","simulated_lag_10","A","full_sample","cnn1d","behavior_contrastive_blocks","456","","Z","linear_cka","0.5268932555654096","outputs\runs\v2_corrected_2026-09-23_seed456_synthetic\stage05_metrics\full_sample\cnn1d_behavior_contrastive_blocks.csv"
"v2_corrected_2026-09-23_seed456_synthetic","synthetic","simulated_lag_10","B","full_sample","cnn1d","behavior_contrastive_blocks","456","","M","procrustes_r2","0.3652299334052952","outputs\runs\v2_corrected_2026-09-23_seed456_synthetic\stage05_metrics\full_sample\cnn1d_behavior_contrastive_blocks.csv"
"v2_corrected_2026-09-23_seed456_synthetic","synthetic","simulated_lag_10","B","full_sample","cnn1d","behavior_contrastive_blocks","456","","M","rsa_spearman","0.36192898057765066","outputs\runs\v2_corrected_2026-09-23_seed456_synthetic\stage05_metrics\full_sample\cnn1d_behavior_contrastive_blocks.csv"
"v2_corrected_2026-09-23_seed456_synthetic","synthetic","simulated_lag_10","B","full_sample","cnn1d","behavior_contrastive_blocks","456","","M","rsa_pearson","0.3602878483351567","outputs\runs\v2_corrected_2026-09-23_seed456_synthetic\stage05_metrics\full_sample\cnn1d_behavior_contrastive_blocks.csv"
"v2_corrected_2026-09-23_seed456_synthetic","synthetic","simulated_lag_10","B","full_sample","cnn1d","behavior_contrastive_blocks","456","","M","linear_cka","0.564168379369676","outputs\runs\v2_corrected_2026-09-23_seed456_synthetic\stage05_metrics\full_sample\cnn1d_behavior_contrastive_blocks.csv"
"v2_corrected_2026-09-23_seed456_synthetic","synthetic","simulated_lag_10","B","full_sample","cnn1d","behavior_contrastive_blocks","456","","eta","procrustes_r2","-0.9787636036543279","outputs\runs\v2_corrected_2026-09-23_seed456_synthetic\stage05_metrics\full_sample\cnn1d_behavior_contrastive_blocks.csv"
"v2_corrected_2026-09-23_seed456_synthetic","synthetic","simulated_lag_10","B","full_sample","cnn1d","behavior_contrastive_blocks","456","","eta","rsa_spearman","0.006535111305394666","outputs\runs\v2_corrected_2026-09-23_seed456_synthetic\stage05_metrics\full_sample\cnn1d_behavior_contrastive_blocks.csv"
"v2_corrected_2026-09-23_seed456_synthetic","synthetic","simulated_lag_10","B","full_sample","cnn1d","behavior_contrastive_blocks","456","","eta","rsa_pearson","0.006768268981840462","outputs\runs\v2_corrected_2026-09-23_seed456_synthetic\stage05_metrics\full_sample\cnn1d_behavior_contrastive_blocks.csv"
"v2_corrected_2026-09-23_seed456_synthetic","synthetic","simulated_lag_10","B","full_sample","cnn1d","behavior_contrastive_blocks","456","","eta","linear_cka","0.00013827482637880973","outputs\runs\v2_corrected_2026-09-23_seed456_synthetic\stage05_metrics\full_sample\cnn1d_behavior_contrastive_blocks.csv"
"v2_corrected_2026-09-23_seed456_synthetic","synthetic","simulated_lag_10","B","full_sample","cnn1d","behavior_contrastive_blocks","456","","Z","procrustes_r2","0.35323444592102704","outputs\runs\v2_corrected_2026-09-23_seed456_synthetic\stage05_metrics\full_sample\cnn1d_behavior_contrastive_blocks.csv"
"v2_corrected_2026-09-23_seed456_synthetic","synthetic","simulated_lag_10","B","full_sample","cnn1d","behavior_contrastive_blocks","456","","Z","rsa_spearman","0.3543538047532454","outputs\runs\v2_corrected_2026-09-23_seed456_synthetic\stage05_metrics\full_sample\cnn1d_behavior_contrastive_blocks.csv"
"v2_corrected_2026-09-23_seed456_synthetic","synthetic","simulated_lag_10","B","full_sample","cnn1d","behavior_contrastive_blocks","456","","Z","rsa_pearson","0.3571786379025119","outputs\runs\v2_corrected_2026-09-23_seed456_synthetic\stage05_metrics\full_sample\cnn1d_behavior_contrastive_blocks.csv"
"v2_corrected_2026-09-23_seed456_synthetic","synthetic","simulated_lag_10","B","full_sample","cnn1d","behavior_contrastive_blocks","456","","Z","linear_cka","0.5543638425463511","outputs\runs\v2_corrected_2026-09-23_seed456_synthetic\stage05_metrics\full_sample\cnn1d_behavior_contrastive_blocks.csv"
"v2_corrected_2026-09-23_seed456_synthetic","synthetic","simulated_lag_10","A_B","full_sample","cnn1d","behavior_contrastive_blocks","456","","","estimated_lag_bins","18","outputs\runs\v2_corrected_2026-09-23_seed456_synthetic\stage05_metrics\full_sample\cnn1d_behavior_contrastive_blocks.csv"
"v2_corrected_2026-09-23_seed456_synthetic","synthetic","simulated_lag_10","A","full_sample","cnn1d","infonce","456","","M","procrustes_r2","0.3654116631904766","outputs\runs\v2_corrected_2026-09-23_seed456_synthetic\stage05_metrics\full_sample\cnn1d_infonce.csv"
"v2_corrected_2026-09-23_seed456_synthetic","synthetic","simulated_lag_10","A","full_sample","cnn1d","infonce","456","","M","rsa_spearman","0.3693036720511917","outputs\runs\v2_corrected_2026-09-23_seed456_synthetic\stage05_metrics\full_sample\cnn1d_infonce.csv"
"v2_corrected_2026-09-23_seed456_synthetic","synthetic","simulated_lag_10","A","full_sample","cnn1d","infonce","456","","M","rsa_pearson","0.35892943524515813","outputs\runs\v2_corrected_2026-09-23_seed456_synthetic\stage05_metrics\full_sample\cnn1d_infonce.csv"
"v2_corrected_2026-09-23_seed456_synthetic","synthetic","simulated_lag_10","A","full_sample","cnn1d","infonce","456","","M","linear_cka","0.5566872337921698","outputs\runs\v2_corrected_2026-09-23_seed456_synthetic\stage05_metrics\full_sample\cnn1d_infonce.csv"
"v2_corrected_2026-09-23_seed456_synthetic","synthetic","simulated_lag_10","A","full_sample","cnn1d","infonce","456","","eta","procrustes_r2","-0.9795843591251363","outputs\runs\v2_corrected_2026-09-23_seed456_synthetic\stage05_metrics\full_sample\cnn1d_infonce.csv"
"v2_corrected_2026-09-23_seed456_synthetic","synthetic","simulated_lag_10","A","full_sample","cnn1d","infonce","456","","eta","rsa_spearman","0.0016199713518965373","outputs\runs\v2_corrected_2026-09-23_seed456_synthetic\stage05_metrics\full_sample\cnn1d_infonce.csv"
"v2_corrected_2026-09-23_seed456_synthetic","synthetic","simulated_lag_10","A","full_sample","cnn1d","infonce","456","","eta","rsa_pearson","0.0018560464007330293","outputs\runs\v2_corrected_2026-09-23_seed456_synthetic\stage05_metrics\full_sample\cnn1d_infonce.csv"
"v2_corrected_2026-09-23_seed456_synthetic","synthetic","simulated_lag_10","A","full_sample","cnn1d","infonce","456","","eta","linear_cka","0.0001334072019582751","outputs\runs\v2_corrected_2026-09-23_seed456_synthetic\stage05_metrics\full_sample\cnn1d_infonce.csv"
"v2_corrected_2026-09-23_seed456_synthetic","synthetic","simulated_lag_10","A","full_sample","cnn1d","infonce","456","","Z","procrustes_r2","0.35494688787821804","outputs\runs\v2_corrected_2026-09-23_seed456_synthetic\stage05_metrics\full_sample\cnn1d_infonce.csv"
"v2_corrected_2026-09-23_seed456_synthetic","synthetic","simulated_lag_10","A","full_sample","cnn1d","infonce","456","","Z","rsa_spearman","0.35962609129708395","outputs\runs\v2_corrected_2026-09-23_seed456_synthetic\stage05_metrics\full_sample\cnn1d_infonce.csv"
"v2_corrected_2026-09-23_seed456_synthetic","synthetic","simulated_lag_10","A","full_sample","cnn1d","infonce","456","","Z","rsa_pearson","0.3573165912998787","outputs\runs\v2_corrected_2026-09-23_seed456_synthetic\stage05_metrics\full_sample\cnn1d_infonce.csv"
"v2_corrected_2026-09-23_seed456_synthetic","synthetic","simulated_lag_10","A","full_sample","cnn1d","infonce","456","","Z","linear_cka","0.5482946711244534","outputs\runs\v2_corrected_2026-09-23_seed456_synthetic\stage05_metrics\full_sample\cnn1d_infonce.csv"
"v2_corrected_2026-09-23_seed456_synthetic","synthetic","simulated_lag_10","B","full_sample","cnn1d","infonce","456","","M","procrustes_r2","0.37274996003485483","outputs\runs\v2_corrected_2026-09-23_seed456_synthetic\stage05_metrics\full_sample\cnn1d_infonce.csv"
"v2_corrected_2026-09-23_seed456_synthetic","synthetic","simulated_lag_10","B","full_sample","cnn1d","infonce","456","","M","rsa_spearman","0.36271002592213447","outputs\runs\v2_corrected_2026-09-23_seed456_synthetic\stage05_metrics\full_sample\cnn1d_infonce.csv"
"v2_corrected_2026-09-23_seed456_synthetic","synthetic","simulated_lag_10","B","full_sample","cnn1d","infonce","456","","M","rsa_pearson","0.3625953211640549","outputs\runs\v2_corrected_2026-09-23_seed456_synthetic\stage05_metrics\full_sample\cnn1d_infonce.csv"
"v2_corrected_2026-09-23_seed456_synthetic","synthetic","simulated_lag_10","B","full_sample","cnn1d","infonce","456","","M","linear_cka","0.5671618865847715","outputs\runs\v2_corrected_2026-09-23_seed456_synthetic\stage05_metrics\full_sample\cnn1d_infonce.csv"
"v2_corrected_2026-09-23_seed456_synthetic","synthetic","simulated_lag_10","B","full_sample","cnn1d","infonce","456","","eta","procrustes_r2","-0.9788029232935929","outputs\runs\v2_corrected_2026-09-23_seed456_synthetic\stage05_metrics\full_sample\cnn1d_infonce.csv"
"v2_corrected_2026-09-23_seed456_synthetic","synthetic","simulated_lag_10","B","full_sample","cnn1d","infonce","456","","eta","rsa_spearman","0.007370627861640445","outputs\runs\v2_corrected_2026-09-23_seed456_synthetic\stage05_metrics\full_sample\cnn1d_infonce.csv"
"v2_corrected_2026-09-23_seed456_synthetic","synthetic","simulated_lag_10","B","full_sample","cnn1d","infonce","456","","eta","rsa_pearson","0.006892556121507385","outputs\runs\v2_corrected_2026-09-23_seed456_synthetic\stage05_metrics\full_sample\cnn1d_infonce.csv"
"v2_corrected_2026-09-23_seed456_synthetic","synthetic","simulated_lag_10","B","full_sample","cnn1d","infonce","456","","eta","linear_cka","0.00013605448780572952","outputs\runs\v2_corrected_2026-09-23_seed456_synthetic\stage05_metrics\full_sample\cnn1d_infonce.csv"
"v2_corrected_2026-09-23_seed456_synthetic","synthetic","simulated_lag_10","B","full_sample","cnn1d","infonce","456","","Z","procrustes_r2","0.36043744590131666","outputs\runs\v2_corrected_2026-09-23_seed456_synthetic\stage05_metrics\full_sample\cnn1d_infonce.csv"
"v2_corrected_2026-09-23_seed456_synthetic","synthetic","simulated_lag_10","B","full_sample","cnn1d","infonce","456","","Z","rsa_spearman","0.3550507111831481","outputs\runs\v2_corrected_2026-09-23_seed456_synthetic\stage05_metrics\full_sample\cnn1d_infonce.csv"
"v2_corrected_2026-09-23_seed456_synthetic","synthetic","simulated_lag_10","B","full_sample","cnn1d","infonce","456","","Z","rsa_pearson","0.3594293553024407","outputs\runs\v2_corrected_2026-09-23_seed456_synthetic\stage05_metrics\full_sample\cnn1d_infonce.csv"
"v2_corrected_2026-09-23_seed456_synthetic","synthetic","simulated_lag_10","B","full_sample","cnn1d","infonce","456","","Z","linear_cka","0.5571353282456389","outputs\runs\v2_corrected_2026-09-23_seed456_synthetic\stage05_metrics\full_sample\cnn1d_infonce.csv"
"v2_corrected_2026-09-23_seed456_synthetic","synthetic","simulated_lag_10","A_B","full_sample","cnn1d","infonce","456","","","estimated_lag_bins","19","outputs\runs\v2_corrected_2026-09-23_seed456_synthetic\stage05_metrics\full_sample\cnn1d_infonce.csv"
"v2_corrected_2026-09-23_seed456_synthetic","synthetic","simulated_lag_10","A","full_sample","cnn1d","soft","456","","M","procrustes_r2","0.40234638918373467","outputs\runs\v2_corrected_2026-09-23_seed456_synthetic\stage05_metrics\full_sample\cnn1d_soft.csv"
"v2_corrected_2026-09-23_seed456_synthetic","synthetic","simulated_lag_10","A","full_sample","cnn1d","soft","456","","M","rsa_spearman","0.5579436774089837","outputs\runs\v2_corrected_2026-09-23_seed456_synthetic\stage05_metrics\full_sample\cnn1d_soft.csv"
"v2_corrected_2026-09-23_seed456_synthetic","synthetic","simulated_lag_10","A","full_sample","cnn1d","soft","456","","M","rsa_pearson","0.5447300129748425","outputs\runs\v2_corrected_2026-09-23_seed456_synthetic\stage05_metrics\full_sample\cnn1d_soft.csv"
"v2_corrected_2026-09-23_seed456_synthetic","synthetic","simulated_lag_10","A","full_sample","cnn1d","soft","456","","M","linear_cka","0.5945893405355833","outputs\runs\v2_corrected_2026-09-23_seed456_synthetic\stage05_metrics\full_sample\cnn1d_soft.csv"
"v2_corrected_2026-09-23_seed456_synthetic","synthetic","simulated_lag_10","A","full_sample","cnn1d","soft","456","","eta","procrustes_r2","-0.9799303196206968","outputs\runs\v2_corrected_2026-09-23_seed456_synthetic\stage05_metrics\full_sample\cnn1d_soft.csv"
"v2_corrected_2026-09-23_seed456_synthetic","synthetic","simulated_lag_10","A","full_sample","cnn1d","soft","456","","eta","rsa_spearman","0.00514602086376191","outputs\runs\v2_corrected_2026-09-23_seed456_synthetic\stage05_metrics\full_sample\cnn1d_soft.csv"
"v2_corrected_2026-09-23_seed456_synthetic","synthetic","simulated_lag_10","A","full_sample","cnn1d","soft","456","","eta","rsa_pearson","0.004443074816049315","outputs\runs\v2_corrected_2026-09-23_seed456_synthetic\stage05_metrics\full_sample\cnn1d_soft.csv"
"v2_corrected_2026-09-23_seed456_synthetic","synthetic","simulated_lag_10","A","full_sample","cnn1d","soft","456","","eta","linear_cka","0.00012377298467638827","outputs\runs\v2_corrected_2026-09-23_seed456_synthetic\stage05_metrics\full_sample\cnn1d_soft.csv"
"v2_corrected_2026-09-23_seed456_synthetic","synthetic","simulated_lag_10","A","full_sample","cnn1d","soft","456","","Z","procrustes_r2","0.3907892916885478","outputs\runs\v2_corrected_2026-09-23_seed456_synthetic\stage05_metrics\full_sample\cnn1d_soft.csv"
"v2_corrected_2026-09-23_seed456_synthetic","synthetic","simulated_lag_10","A","full_sample","cnn1d","soft","456","","Z","rsa_spearman","0.5472145109847611","outputs\runs\v2_corrected_2026-09-23_seed456_synthetic\stage05_metrics\full_sample\cnn1d_soft.csv"
"v2_corrected_2026-09-23_seed456_synthetic","synthetic","simulated_lag_10","A","full_sample","cnn1d","soft","456","","Z","rsa_pearson","0.5371298972462653","outputs\runs\v2_corrected_2026-09-23_seed456_synthetic\stage05_metrics\full_sample\cnn1d_soft.csv"
"v2_corrected_2026-09-23_seed456_synthetic","synthetic","simulated_lag_10","A","full_sample","cnn1d","soft","456","","Z","linear_cka","0.5849785847926307","outputs\runs\v2_corrected_2026-09-23_seed456_synthetic\stage05_metrics\full_sample\cnn1d_soft.csv"
"v2_corrected_2026-09-23_seed456_synthetic","synthetic","simulated_lag_10","B","full_sample","cnn1d","soft","456","","M","procrustes_r2","0.3979204218127318","outputs\runs\v2_corrected_2026-09-23_seed456_synthetic\stage05_metrics\full_sample\cnn1d_soft.csv"
"v2_corrected_2026-09-23_seed456_synthetic","synthetic","simulated_lag_10","B","full_sample","cnn1d","soft","456","","M","rsa_spearman","0.5470545199124014","outputs\runs\v2_corrected_2026-09-23_seed456_synthetic\stage05_metrics\full_sample\cnn1d_soft.csv"
"v2_corrected_2026-09-23_seed456_synthetic","synthetic","simulated_lag_10","B","full_sample","cnn1d","soft","456","","M","rsa_pearson","0.5379555229540425","outputs\runs\v2_corrected_2026-09-23_seed456_synthetic\stage05_metrics\full_sample\cnn1d_soft.csv"
"v2_corrected_2026-09-23_seed456_synthetic","synthetic","simulated_lag_10","B","full_sample","cnn1d","soft","456","","M","linear_cka","0.5908319563966855","outputs\runs\v2_corrected_2026-09-23_seed456_synthetic\stage05_metrics\full_sample\cnn1d_soft.csv"
"v2_corrected_2026-09-23_seed456_synthetic","synthetic","simulated_lag_10","B","full_sample","cnn1d","soft","456","","eta","procrustes_r2","-0.9800823870495272","outputs\runs\v2_corrected_2026-09-23_seed456_synthetic\stage05_metrics\full_sample\cnn1d_soft.csv"
"v2_corrected_2026-09-23_seed456_synthetic","synthetic","simulated_lag_10","B","full_sample","cnn1d","soft","456","","eta","rsa_spearman","0.0012553751824305336","outputs\runs\v2_corrected_2026-09-23_seed456_synthetic\stage05_metrics\full_sample\cnn1d_soft.csv"
"v2_corrected_2026-09-23_seed456_synthetic","synthetic","simulated_lag_10","B","full_sample","cnn1d","soft","456","","eta","rsa_pearson","0.0009829741671894413","outputs\runs\v2_corrected_2026-09-23_seed456_synthetic\stage05_metrics\full_sample\cnn1d_soft.csv"
"v2_corrected_2026-09-23_seed456_synthetic","synthetic","simulated_lag_10","B","full_sample","cnn1d","soft","456","","eta","linear_cka","0.00015545895332674087","outputs\runs\v2_corrected_2026-09-23_seed456_synthetic\stage05_metrics\full_sample\cnn1d_soft.csv"
"v2_corrected_2026-09-23_seed456_synthetic","synthetic","simulated_lag_10","B","full_sample","cnn1d","soft","456","","Z","procrustes_r2","0.3837832668382716","outputs\runs\v2_corrected_2026-09-23_seed456_synthetic\stage05_metrics\full_sample\cnn1d_soft.csv"
"v2_corrected_2026-09-23_seed456_synthetic","synthetic","simulated_lag_10","B","full_sample","cnn1d","soft","456","","Z","rsa_spearman","0.5370332104752551","outputs\runs\v2_corrected_2026-09-23_seed456_synthetic\stage05_metrics\full_sample\cnn1d_soft.csv"
"v2_corrected_2026-09-23_seed456_synthetic","synthetic","simulated_lag_10","B","full_sample","cnn1d","soft","456","","Z","rsa_pearson","0.5281959008887966","outputs\runs\v2_corrected_2026-09-23_seed456_synthetic\stage05_metrics\full_sample\cnn1d_soft.csv"
"v2_corrected_2026-09-23_seed456_synthetic","synthetic","simulated_lag_10","B","full_sample","cnn1d","soft","456","","Z","linear_cka","0.5790920155597514","outputs\runs\v2_corrected_2026-09-23_seed456_synthetic\stage05_metrics\full_sample\cnn1d_soft.csv"
"v2_corrected_2026-09-23_seed456_synthetic","synthetic","simulated_lag_10","A_B","full_sample","cnn1d","soft","456","","","estimated_lag_bins","1","outputs\runs\v2_corrected_2026-09-23_seed456_synthetic\stage05_metrics\full_sample\cnn1d_soft.csv"
"v2_corrected_2026-09-23_seed456_synthetic","synthetic","simulated_lag_10","A","full_sample","cnn1d","time_contrastive_blocks","456","","M","procrustes_r2","0.733534401588052","outputs\runs\v2_corrected_2026-09-23_seed456_synthetic\stage05_metrics\full_sample\cnn1d_time_contrastive_blocks.csv"
"v2_corrected_2026-09-23_seed456_synthetic","synthetic","simulated_lag_10","A","full_sample","cnn1d","time_contrastive_blocks","456","","M","rsa_spearman","0.6506106763114384","outputs\runs\v2_corrected_2026-09-23_seed456_synthetic\stage05_metrics\full_sample\cnn1d_time_contrastive_blocks.csv"
"v2_corrected_2026-09-23_seed456_synthetic","synthetic","simulated_lag_10","A","full_sample","cnn1d","time_contrastive_blocks","456","","M","rsa_pearson","0.6876567348236218","outputs\runs\v2_corrected_2026-09-23_seed456_synthetic\stage05_metrics\full_sample\cnn1d_time_contrastive_blocks.csv"
"v2_corrected_2026-09-23_seed456_synthetic","synthetic","simulated_lag_10","A","full_sample","cnn1d","time_contrastive_blocks","456","","M","linear_cka","0.7399371689173994","outputs\runs\v2_corrected_2026-09-23_seed456_synthetic\stage05_metrics\full_sample\cnn1d_time_contrastive_blocks.csv"
"v2_corrected_2026-09-23_seed456_synthetic","synthetic","simulated_lag_10","A","full_sample","cnn1d","time_contrastive_blocks","456","","eta","procrustes_r2","-0.9685938276684982","outputs\runs\v2_corrected_2026-09-23_seed456_synthetic\stage05_metrics\full_sample\cnn1d_time_contrastive_blocks.csv"
"v2_corrected_2026-09-23_seed456_synthetic","synthetic","simulated_lag_10","A","full_sample","cnn1d","time_contrastive_blocks","456","","eta","rsa_spearman","0.00438638495737935","outputs\runs\v2_corrected_2026-09-23_seed456_synthetic\stage05_metrics\full_sample\cnn1d_time_contrastive_blocks.csv"
"v2_corrected_2026-09-23_seed456_synthetic","synthetic","simulated_lag_10","A","full_sample","cnn1d","time_contrastive_blocks","456","","eta","rsa_pearson","0.004393326628912356","outputs\runs\v2_corrected_2026-09-23_seed456_synthetic\stage05_metrics\full_sample\cnn1d_time_contrastive_blocks.csv"
"v2_corrected_2026-09-23_seed456_synthetic","synthetic","simulated_lag_10","A","full_sample","cnn1d","time_contrastive_blocks","456","","eta","linear_cka","0.0003181660349531801","outputs\runs\v2_corrected_2026-09-23_seed456_synthetic\stage05_metrics\full_sample\cnn1d_time_contrastive_blocks.csv"
"v2_corrected_2026-09-23_seed456_synthetic","synthetic","simulated_lag_10","A","full_sample","cnn1d","time_contrastive_blocks","456","","Z","procrustes_r2","0.7226132923840338","outputs\runs\v2_corrected_2026-09-23_seed456_synthetic\stage05_metrics\full_sample\cnn1d_time_contrastive_blocks.csv"
"v2_corrected_2026-09-23_seed456_synthetic","synthetic","simulated_lag_10","A","full_sample","cnn1d","time_contrastive_blocks","456","","Z","rsa_spearman","0.6435693680235044","outputs\runs\v2_corrected_2026-09-23_seed456_synthetic\stage05_metrics\full_sample\cnn1d_time_contrastive_blocks.csv"
"v2_corrected_2026-09-23_seed456_synthetic","synthetic","simulated_lag_10","A","full_sample","cnn1d","time_contrastive_blocks","456","","Z","rsa_pearson","0.6756838196051954","outputs\runs\v2_corrected_2026-09-23_seed456_synthetic\stage05_metrics\full_sample\cnn1d_time_contrastive_blocks.csv"
"v2_corrected_2026-09-23_seed456_synthetic","synthetic","simulated_lag_10","A","full_sample","cnn1d","time_contrastive_blocks","456","","Z","linear_cka","0.7307435452722538","outputs\runs\v2_corrected_2026-09-23_seed456_synthetic\stage05_metrics\full_sample\cnn1d_time_contrastive_blocks.csv"
"v2_corrected_2026-09-23_seed456_synthetic","synthetic","simulated_lag_10","B","full_sample","cnn1d","time_contrastive_blocks","456","","M","procrustes_r2","0.6654842601699649","outputs\runs\v2_corrected_2026-09-23_seed456_synthetic\stage05_metrics\full_sample\cnn1d_time_contrastive_blocks.csv"
"v2_corrected_2026-09-23_seed456_synthetic","synthetic","simulated_lag_10","B","full_sample","cnn1d","time_contrastive_blocks","456","","M","rsa_spearman","0.571064409615587","outputs\runs\v2_corrected_2026-09-23_seed456_synthetic\stage05_metrics\full_sample\cnn1d_time_contrastive_blocks.csv"
"v2_corrected_2026-09-23_seed456_synthetic","synthetic","simulated_lag_10","B","full_sample","cnn1d","time_contrastive_blocks","456","","M","rsa_pearson","0.5963432894649066","outputs\runs\v2_corrected_2026-09-23_seed456_synthetic\stage05_metrics\full_sample\cnn1d_time_contrastive_blocks.csv"
"v2_corrected_2026-09-23_seed456_synthetic","synthetic","simulated_lag_10","B","full_sample","cnn1d","time_contrastive_blocks","456","","M","linear_cka","0.6826554661660891","outputs\runs\v2_corrected_2026-09-23_seed456_synthetic\stage05_metrics\full_sample\cnn1d_time_contrastive_blocks.csv"
"v2_corrected_2026-09-23_seed456_synthetic","synthetic","simulated_lag_10","B","full_sample","cnn1d","time_contrastive_blocks","456","","eta","procrustes_r2","-0.967046499802338","outputs\runs\v2_corrected_2026-09-23_seed456_synthetic\stage05_metrics\full_sample\cnn1d_time_contrastive_blocks.csv"
"v2_corrected_2026-09-23_seed456_synthetic","synthetic","simulated_lag_10","B","full_sample","cnn1d","time_contrastive_blocks","456","","eta","rsa_spearman","0.002961433910768454","outputs\runs\v2_corrected_2026-09-23_seed456_synthetic\stage05_metrics\full_sample\cnn1d_time_contrastive_blocks.csv"
"v2_corrected_2026-09-23_seed456_synthetic","synthetic","simulated_lag_10","B","full_sample","cnn1d","time_contrastive_blocks","456","","eta","rsa_pearson","0.0012857157176288361","outputs\runs\v2_corrected_2026-09-23_seed456_synthetic\stage05_metrics\full_sample\cnn1d_time_contrastive_blocks.csv"
"v2_corrected_2026-09-23_seed456_synthetic","synthetic","simulated_lag_10","B","full_sample","cnn1d","time_contrastive_blocks","456","","eta","linear_cka","0.00039484802644313094","outputs\runs\v2_corrected_2026-09-23_seed456_synthetic\stage05_metrics\full_sample\cnn1d_time_contrastive_blocks.csv"
"v2_corrected_2026-09-23_seed456_synthetic","synthetic","simulated_lag_10","B","full_sample","cnn1d","time_contrastive_blocks","456","","Z","procrustes_r2","0.6535248581079389","outputs\runs\v2_corrected_2026-09-23_seed456_synthetic\stage05_metrics\full_sample\cnn1d_time_contrastive_blocks.csv"
"v2_corrected_2026-09-23_seed456_synthetic","synthetic","simulated_lag_10","B","full_sample","cnn1d","time_contrastive_blocks","456","","Z","rsa_spearman","0.5642555203592726","outputs\runs\v2_corrected_2026-09-23_seed456_synthetic\stage05_metrics\full_sample\cnn1d_time_contrastive_blocks.csv"
"v2_corrected_2026-09-23_seed456_synthetic","synthetic","simulated_lag_10","B","full_sample","cnn1d","time_contrastive_blocks","456","","Z","rsa_pearson","0.585260964379263","outputs\runs\v2_corrected_2026-09-23_seed456_synthetic\stage05_metrics\full_sample\cnn1d_time_contrastive_blocks.csv"
"v2_corrected_2026-09-23_seed456_synthetic","synthetic","simulated_lag_10","B","full_sample","cnn1d","time_contrastive_blocks","456","","Z","linear_cka","0.6728908480274353","outputs\runs\v2_corrected_2026-09-23_seed456_synthetic\stage05_metrics\full_sample\cnn1d_time_contrastive_blocks.csv"
"v2_corrected_2026-09-23_seed456_synthetic","synthetic","simulated_lag_10","A_B","full_sample","cnn1d","time_contrastive_blocks","456","","","estimated_lag_bins","15","outputs\runs\v2_corrected_2026-09-23_seed456_synthetic\stage05_metrics\full_sample\cnn1d_time_contrastive_blocks.csv"
"v2_corrected_2026-09-23_seed456_synthetic","synthetic","simulated_lag_10","A","full_sample","pca","none","456","","M","procrustes_r2","0.7483456985559935","outputs\runs\v2_corrected_2026-09-23_seed456_synthetic\stage05_metrics\full_sample\pca_none.csv"
"v2_corrected_2026-09-23_seed456_synthetic","synthetic","simulated_lag_10","A","full_sample","pca","none","456","","M","rsa_spearman","0.7039579824108447","outputs\runs\v2_corrected_2026-09-23_seed456_synthetic\stage05_metrics\full_sample\pca_none.csv"
"v2_corrected_2026-09-23_seed456_synthetic","synthetic","simulated_lag_10","A","full_sample","pca","none","456","","M","rsa_pearson","0.757651524316317","outputs\runs\v2_corrected_2026-09-23_seed456_synthetic\stage05_metrics\full_sample\pca_none.csv"
"v2_corrected_2026-09-23_seed456_synthetic","synthetic","simulated_lag_10","A","full_sample","pca","none","456","","M","linear_cka","0.7327486401078688","outputs\runs\v2_corrected_2026-09-23_seed456_synthetic\stage05_metrics\full_sample\pca_none.csv"
"v2_corrected_2026-09-23_seed456_synthetic","synthetic","simulated_lag_10","A","full_sample","pca","none","456","","eta","procrustes_r2","-0.9724655699208438","outputs\runs\v2_corrected_2026-09-23_seed456_synthetic\stage05_metrics\full_sample\pca_none.csv"
"v2_corrected_2026-09-23_seed456_synthetic","synthetic","simulated_lag_10","A","full_sample","pca","none","456","","eta","rsa_spearman","0.0037826354163319827","outputs\runs\v2_corrected_2026-09-23_seed456_synthetic\stage05_metrics\full_sample\pca_none.csv"
"v2_corrected_2026-09-23_seed456_synthetic","synthetic","simulated_lag_10","A","full_sample","pca","none","456","","eta","rsa_pearson","0.0036235642316253002","outputs\runs\v2_corrected_2026-09-23_seed456_synthetic\stage05_metrics\full_sample\pca_none.csv"
"v2_corrected_2026-09-23_seed456_synthetic","synthetic","simulated_lag_10","A","full_sample","pca","none","456","","eta","linear_cka","0.00022940533559288043","outputs\runs\v2_corrected_2026-09-23_seed456_synthetic\stage05_metrics\full_sample\pca_none.csv"
"v2_corrected_2026-09-23_seed456_synthetic","synthetic","simulated_lag_10","A","full_sample","pca","none","456","","Z","procrustes_r2","0.736976902704497","outputs\runs\v2_corrected_2026-09-23_seed456_synthetic\stage05_metrics\full_sample\pca_none.csv"
"v2_corrected_2026-09-23_seed456_synthetic","synthetic","simulated_lag_10","A","full_sample","pca","none","456","","Z","rsa_spearman","0.6980958442092782","outputs\runs\v2_corrected_2026-09-23_seed456_synthetic\stage05_metrics\full_sample\pca_none.csv"
"v2_corrected_2026-09-23_seed456_synthetic","synthetic","simulated_lag_10","A","full_sample","pca","none","456","","Z","rsa_pearson","0.7439599495859535","outputs\runs\v2_corrected_2026-09-23_seed456_synthetic\stage05_metrics\full_sample\pca_none.csv"
"v2_corrected_2026-09-23_seed456_synthetic","synthetic","simulated_lag_10","A","full_sample","pca","none","456","","Z","linear_cka","0.7232892284238936","outputs\runs\v2_corrected_2026-09-23_seed456_synthetic\stage05_metrics\full_sample\pca_none.csv"
"v2_corrected_2026-09-23_seed456_synthetic","synthetic","simulated_lag_10","B","full_sample","pca","none","456","","M","procrustes_r2","0.7321905166755055","outputs\runs\v2_corrected_2026-09-23_seed456_synthetic\stage05_metrics\full_sample\pca_none.csv"
"v2_corrected_2026-09-23_seed456_synthetic","synthetic","simulated_lag_10","B","full_sample","pca","none","456","","M","rsa_spearman","0.7096481212502479","outputs\runs\v2_corrected_2026-09-23_seed456_synthetic\stage05_metrics\full_sample\pca_none.csv"
"v2_corrected_2026-09-23_seed456_synthetic","synthetic","simulated_lag_10","B","full_sample","pca","none","456","","M","rsa_pearson","0.7308026954321969","outputs\runs\v2_corrected_2026-09-23_seed456_synthetic\stage05_metrics\full_sample\pca_none.csv"
"v2_corrected_2026-09-23_seed456_synthetic","synthetic","simulated_lag_10","B","full_sample","pca","none","456","","M","linear_cka","0.7338762427281831","outputs\runs\v2_corrected_2026-09-23_seed456_synthetic\stage05_metrics\full_sample\pca_none.csv"
"v2_corrected_2026-09-23_seed456_synthetic","synthetic","simulated_lag_10","B","full_sample","pca","none","456","","eta","procrustes_r2","-0.9669702788262953","outputs\runs\v2_corrected_2026-09-23_seed456_synthetic\stage05_metrics\full_sample\pca_none.csv"
"v2_corrected_2026-09-23_seed456_synthetic","synthetic","simulated_lag_10","B","full_sample","pca","none","456","","eta","rsa_spearman","0.002286102632441218","outputs\runs\v2_corrected_2026-09-23_seed456_synthetic\stage05_metrics\full_sample\pca_none.csv"
"v2_corrected_2026-09-23_seed456_synthetic","synthetic","simulated_lag_10","B","full_sample","pca","none","456","","eta","rsa_pearson","0.0003291052045497541","outputs\runs\v2_corrected_2026-09-23_seed456_synthetic\stage05_metrics\full_sample\pca_none.csv"
"v2_corrected_2026-09-23_seed456_synthetic","synthetic","simulated_lag_10","B","full_sample","pca","none","456","","eta","linear_cka","0.0003902516910839157","outputs\runs\v2_corrected_2026-09-23_seed456_synthetic\stage05_metrics\full_sample\pca_none.csv"
"v2_corrected_2026-09-23_seed456_synthetic","synthetic","simulated_lag_10","B","full_sample","pca","none","456","","Z","procrustes_r2","0.719666818339882","outputs\runs\v2_corrected_2026-09-23_seed456_synthetic\stage05_metrics\full_sample\pca_none.csv"
"v2_corrected_2026-09-23_seed456_synthetic","synthetic","simulated_lag_10","B","full_sample","pca","none","456","","Z","rsa_spearman","0.7016561275541323","outputs\runs\v2_corrected_2026-09-23_seed456_synthetic\stage05_metrics\full_sample\pca_none.csv"
"v2_corrected_2026-09-23_seed456_synthetic","synthetic","simulated_lag_10","B","full_sample","pca","none","456","","Z","rsa_pearson","0.7181234286866774","outputs\runs\v2_corrected_2026-09-23_seed456_synthetic\stage05_metrics\full_sample\pca_none.csv"
"v2_corrected_2026-09-23_seed456_synthetic","synthetic","simulated_lag_10","B","full_sample","pca","none","456","","Z","linear_cka","0.7233099587228152","outputs\runs\v2_corrected_2026-09-23_seed456_synthetic\stage05_metrics\full_sample\pca_none.csv"
"v2_corrected_2026-09-23_seed456_synthetic","synthetic","simulated_lag_10","A_B","full_sample","pca","none","456","","","estimated_lag_bins","13","outputs\runs\v2_corrected_2026-09-23_seed456_synthetic\stage05_metrics\full_sample\pca_none.csv"
"v2_corrected_2026-09-23_seed456_synthetic","synthetic","simulated_lag_10","A","full_sample","transformer","behavior_contrastive_blocks","456","","M","procrustes_r2","0.3506970806849825","outputs\runs\v2_corrected_2026-09-23_seed456_synthetic\stage05_metrics\full_sample\transformer_behavior_contrastive_blocks.csv"
"v2_corrected_2026-09-23_seed456_synthetic","synthetic","simulated_lag_10","A","full_sample","transformer","behavior_contrastive_blocks","456","","M","rsa_spearman","0.3483603170743936","outputs\runs\v2_corrected_2026-09-23_seed456_synthetic\stage05_metrics\full_sample\transformer_behavior_contrastive_blocks.csv"
"v2_corrected_2026-09-23_seed456_synthetic","synthetic","simulated_lag_10","A","full_sample","transformer","behavior_contrastive_blocks","456","","M","rsa_pearson","0.3340155061677147","outputs\runs\v2_corrected_2026-09-23_seed456_synthetic\stage05_metrics\full_sample\transformer_behavior_contrastive_blocks.csv"
"v2_corrected_2026-09-23_seed456_synthetic","synthetic","simulated_lag_10","A","full_sample","transformer","behavior_contrastive_blocks","456","","M","linear_cka","0.5139476664677132","outputs\runs\v2_corrected_2026-09-23_seed456_synthetic\stage05_metrics\full_sample\transformer_behavior_contrastive_blocks.csv"
"v2_corrected_2026-09-23_seed456_synthetic","synthetic","simulated_lag_10","A","full_sample","transformer","behavior_contrastive_blocks","456","","eta","procrustes_r2","-0.9619500782615722","outputs\runs\v2_corrected_2026-09-23_seed456_synthetic\stage05_metrics\full_sample\transformer_behavior_contrastive_blocks.csv"
"v2_corrected_2026-09-23_seed456_synthetic","synthetic","simulated_lag_10","A","full_sample","transformer","behavior_contrastive_blocks","456","","eta","rsa_spearman","0.0052866822873636485","outputs\runs\v2_corrected_2026-09-23_seed456_synthetic\stage05_metrics\full_sample\transformer_behavior_contrastive_blocks.csv"
"v2_corrected_2026-09-23_seed456_synthetic","synthetic","simulated_lag_10","A","full_sample","transformer","behavior_contrastive_blocks","456","","eta","rsa_pearson","0.005976913618408749","outputs\runs\v2_corrected_2026-09-23_seed456_synthetic\stage05_metrics\full_sample\transformer_behavior_contrastive_blocks.csv"
"v2_corrected_2026-09-23_seed456_synthetic","synthetic","simulated_lag_10","A","full_sample","transformer","behavior_contrastive_blocks","456","","eta","linear_cka","0.00045422414347623294","outputs\runs\v2_corrected_2026-09-23_seed456_synthetic\stage05_metrics\full_sample\transformer_behavior_contrastive_blocks.csv"
"v2_corrected_2026-09-23_seed456_synthetic","synthetic","simulated_lag_10","A","full_sample","transformer","behavior_contrastive_blocks","456","","Z","procrustes_r2","0.34321555858152075","outputs\runs\v2_corrected_2026-09-23_seed456_synthetic\stage05_metrics\full_sample\transformer_behavior_contrastive_blocks.csv"
"v2_corrected_2026-09-23_seed456_synthetic","synthetic","simulated_lag_10","A","full_sample","transformer","behavior_contrastive_blocks","456","","Z","rsa_spearman","0.3425924219380132","outputs\runs\v2_corrected_2026-09-23_seed456_synthetic\stage05_metrics\full_sample\transformer_behavior_contrastive_blocks.csv"
"v2_corrected_2026-09-23_seed456_synthetic","synthetic","simulated_lag_10","A","full_sample","transformer","behavior_contrastive_blocks","456","","Z","rsa_pearson","0.334948101816602","outputs\runs\v2_corrected_2026-09-23_seed456_synthetic\stage05_metrics\full_sample\transformer_behavior_contrastive_blocks.csv"
"v2_corrected_2026-09-23_seed456_synthetic","synthetic","simulated_lag_10","A","full_sample","transformer","behavior_contrastive_blocks","456","","Z","linear_cka","0.5085052147274249","outputs\runs\v2_corrected_2026-09-23_seed456_synthetic\stage05_metrics\full_sample\transformer_behavior_contrastive_blocks.csv"
"v2_corrected_2026-09-23_seed456_synthetic","synthetic","simulated_lag_10","B","full_sample","transformer","behavior_contrastive_blocks","456","","M","procrustes_r2","0.05056946770358495","outputs\runs\v2_corrected_2026-09-23_seed456_synthetic\stage05_metrics\full_sample\transformer_behavior_contrastive_blocks.csv"
"v2_corrected_2026-09-23_seed456_synthetic","synthetic","simulated_lag_10","B","full_sample","transformer","behavior_contrastive_blocks","456","","M","rsa_spearman","0.31720869581660993","outputs\runs\v2_corrected_2026-09-23_seed456_synthetic\stage05_metrics\full_sample\transformer_behavior_contrastive_blocks.csv"
"v2_corrected_2026-09-23_seed456_synthetic","synthetic","simulated_lag_10","B","full_sample","transformer","behavior_contrastive_blocks","456","","M","rsa_pearson","0.26575064361103157","outputs\runs\v2_corrected_2026-09-23_seed456_synthetic\stage05_metrics\full_sample\transformer_behavior_contrastive_blocks.csv"
"v2_corrected_2026-09-23_seed456_synthetic","synthetic","simulated_lag_10","B","full_sample","transformer","behavior_contrastive_blocks","456","","M","linear_cka","0.3782617670393791","outputs\runs\v2_corrected_2026-09-23_seed456_synthetic\stage05_metrics\full_sample\transformer_behavior_contrastive_blocks.csv"
"v2_corrected_2026-09-23_seed456_synthetic","synthetic","simulated_lag_10","B","full_sample","transformer","behavior_contrastive_blocks","456","","eta","procrustes_r2","-0.9791518065329996","outputs\runs\v2_corrected_2026-09-23_seed456_synthetic\stage05_metrics\full_sample\transformer_behavior_contrastive_blocks.csv"
"v2_corrected_2026-09-23_seed456_synthetic","synthetic","simulated_lag_10","B","full_sample","transformer","behavior_contrastive_blocks","456","","eta","rsa_spearman","0.0020697715401733585","outputs\runs\v2_corrected_2026-09-23_seed456_synthetic\stage05_metrics\full_sample\transformer_behavior_contrastive_blocks.csv"
"v2_corrected_2026-09-23_seed456_synthetic","synthetic","simulated_lag_10","B","full_sample","transformer","behavior_contrastive_blocks","456","","eta","rsa_pearson","0.002979186055670495","outputs\runs\v2_corrected_2026-09-23_seed456_synthetic\stage05_metrics\full_sample\transformer_behavior_contrastive_blocks.csv"
"v2_corrected_2026-09-23_seed456_synthetic","synthetic","simulated_lag_10","B","full_sample","transformer","behavior_contrastive_blocks","456","","eta","linear_cka","0.00016505504693177192","outputs\runs\v2_corrected_2026-09-23_seed456_synthetic\stage05_metrics\full_sample\transformer_behavior_contrastive_blocks.csv"
"v2_corrected_2026-09-23_seed456_synthetic","synthetic","simulated_lag_10","B","full_sample","transformer","behavior_contrastive_blocks","456","","Z","procrustes_r2","0.042276175305615116","outputs\runs\v2_corrected_2026-09-23_seed456_synthetic\stage05_metrics\full_sample\transformer_behavior_contrastive_blocks.csv"
"v2_corrected_2026-09-23_seed456_synthetic","synthetic","simulated_lag_10","B","full_sample","transformer","behavior_contrastive_blocks","456","","Z","rsa_spearman","0.31307780460434265","outputs\runs\v2_corrected_2026-09-23_seed456_synthetic\stage05_metrics\full_sample\transformer_behavior_contrastive_blocks.csv"
"v2_corrected_2026-09-23_seed456_synthetic","synthetic","simulated_lag_10","B","full_sample","transformer","behavior_contrastive_blocks","456","","Z","rsa_pearson","0.2646665986348598","outputs\runs\v2_corrected_2026-09-23_seed456_synthetic\stage05_metrics\full_sample\transformer_behavior_contrastive_blocks.csv"
"v2_corrected_2026-09-23_seed456_synthetic","synthetic","simulated_lag_10","B","full_sample","transformer","behavior_contrastive_blocks","456","","Z","linear_cka","0.37256110231812317","outputs\runs\v2_corrected_2026-09-23_seed456_synthetic\stage05_metrics\full_sample\transformer_behavior_contrastive_blocks.csv"
"v2_corrected_2026-09-23_seed456_synthetic","synthetic","simulated_lag_10","A_B","full_sample","transformer","behavior_contrastive_blocks","456","","","estimated_lag_bins","20","outputs\runs\v2_corrected_2026-09-23_seed456_synthetic\stage05_metrics\full_sample\transformer_behavior_contrastive_blocks.csv"
"v2_corrected_2026-09-23_seed456_synthetic","synthetic","simulated_lag_10","A","full_sample","transformer","infonce","456","","M","procrustes_r2","0.46058460389338707","outputs\runs\v2_corrected_2026-09-23_seed456_synthetic\stage05_metrics\full_sample\transformer_infonce.csv"
"v2_corrected_2026-09-23_seed456_synthetic","synthetic","simulated_lag_10","A","full_sample","transformer","infonce","456","","M","rsa_spearman","0.4589880891801409","outputs\runs\v2_corrected_2026-09-23_seed456_synthetic\stage05_metrics\full_sample\transformer_infonce.csv"
"v2_corrected_2026-09-23_seed456_synthetic","synthetic","simulated_lag_10","A","full_sample","transformer","infonce","456","","M","rsa_pearson","0.44019332976585523","outputs\runs\v2_corrected_2026-09-23_seed456_synthetic\stage05_metrics\full_sample\transformer_infonce.csv"
"v2_corrected_2026-09-23_seed456_synthetic","synthetic","simulated_lag_10","A","full_sample","transformer","infonce","456","","M","linear_cka","0.5958197599053116","outputs\runs\v2_corrected_2026-09-23_seed456_synthetic\stage05_metrics\full_sample\transformer_infonce.csv"
"v2_corrected_2026-09-23_seed456_synthetic","synthetic","simulated_lag_10","A","full_sample","transformer","infonce","456","","eta","procrustes_r2","-0.9699067124084031","outputs\runs\v2_corrected_2026-09-23_seed456_synthetic\stage05_metrics\full_sample\transformer_infonce.csv"
"v2_corrected_2026-09-23_seed456_synthetic","synthetic","simulated_lag_10","A","full_sample","transformer","infonce","456","","eta","rsa_spearman","0.0032131414579095316","outputs\runs\v2_corrected_2026-09-23_seed456_synthetic\stage05_metrics\full_sample\transformer_infonce.csv"
"v2_corrected_2026-09-23_seed456_synthetic","synthetic","simulated_lag_10","A","full_sample","transformer","infonce","456","","eta","rsa_pearson","0.003606872744505076","outputs\runs\v2_corrected_2026-09-23_seed456_synthetic\stage05_metrics\full_sample\transformer_infonce.csv"
"v2_corrected_2026-09-23_seed456_synthetic","synthetic","simulated_lag_10","A","full_sample","transformer","infonce","456","","eta","linear_cka","0.0002886753181107111","outputs\runs\v2_corrected_2026-09-23_seed456_synthetic\stage05_metrics\full_sample\transformer_infonce.csv"
"v2_corrected_2026-09-23_seed456_synthetic","synthetic","simulated_lag_10","A","full_sample","transformer","infonce","456","","Z","procrustes_r2","0.4513549231866294","outputs\runs\v2_corrected_2026-09-23_seed456_synthetic\stage05_metrics\full_sample\transformer_infonce.csv"
"v2_corrected_2026-09-23_seed456_synthetic","synthetic","simulated_lag_10","A","full_sample","transformer","infonce","456","","Z","rsa_spearman","0.45079526952823035","outputs\runs\v2_corrected_2026-09-23_seed456_synthetic\stage05_metrics\full_sample\transformer_infonce.csv"
"v2_corrected_2026-09-23_seed456_synthetic","synthetic","simulated_lag_10","A","full_sample","transformer","infonce","456","","Z","rsa_pearson","0.43808166922150277","outputs\runs\v2_corrected_2026-09-23_seed456_synthetic\stage05_metrics\full_sample\transformer_infonce.csv"
"v2_corrected_2026-09-23_seed456_synthetic","synthetic","simulated_lag_10","A","full_sample","transformer","infonce","456","","Z","linear_cka","0.5885478814735483","outputs\runs\v2_corrected_2026-09-23_seed456_synthetic\stage05_metrics\full_sample\transformer_infonce.csv"
"v2_corrected_2026-09-23_seed456_synthetic","synthetic","simulated_lag_10","B","full_sample","transformer","infonce","456","","M","procrustes_r2","0.4296913852068257","outputs\runs\v2_corrected_2026-09-23_seed456_synthetic\stage05_metrics\full_sample\transformer_infonce.csv"
"v2_corrected_2026-09-23_seed456_synthetic","synthetic","simulated_lag_10","B","full_sample","transformer","infonce","456","","M","rsa_spearman","0.42622174921115286","outputs\runs\v2_corrected_2026-09-23_seed456_synthetic\stage05_metrics\full_sample\transformer_infonce.csv"
"v2_corrected_2026-09-23_seed456_synthetic","synthetic","simulated_lag_10","B","full_sample","transformer","infonce","456","","M","rsa_pearson","0.4174396610939126","outputs\runs\v2_corrected_2026-09-23_seed456_synthetic\stage05_metrics\full_sample\transformer_infonce.csv"
"v2_corrected_2026-09-23_seed456_synthetic","synthetic","simulated_lag_10","B","full_sample","transformer","infonce","456","","M","linear_cka","0.5803325652443865","outputs\runs\v2_corrected_2026-09-23_seed456_synthetic\stage05_metrics\full_sample\transformer_infonce.csv"
"v2_corrected_2026-09-23_seed456_synthetic","synthetic","simulated_lag_10","B","full_sample","transformer","infonce","456","","eta","procrustes_r2","-0.9731744968521978","outputs\runs\v2_corrected_2026-09-23_seed456_synthetic\stage05_metrics\full_sample\transformer_infonce.csv"
"v2_corrected_2026-09-23_seed456_synthetic","synthetic","simulated_lag_10","B","full_sample","transformer","infonce","456","","eta","rsa_spearman","0.00622272162631174","outputs\runs\v2_corrected_2026-09-23_seed456_synthetic\stage05_metrics\full_sample\transformer_infonce.csv"
"v2_corrected_2026-09-23_seed456_synthetic","synthetic","simulated_lag_10","B","full_sample","transformer","infonce","456","","eta","rsa_pearson","0.006233277489783487","outputs\runs\v2_corrected_2026-09-23_seed456_synthetic\stage05_metrics\full_sample\transformer_infonce.csv"
"v2_corrected_2026-09-23_seed456_synthetic","synthetic","simulated_lag_10","B","full_sample","transformer","infonce","456","","eta","linear_cka","0.00022262007281384036","outputs\runs\v2_corrected_2026-09-23_seed456_synthetic\stage05_metrics\full_sample\transformer_infonce.csv"
"v2_corrected_2026-09-23_seed456_synthetic","synthetic","simulated_lag_10","B","full_sample","transformer","infonce","456","","Z","procrustes_r2","0.4184484580953284","outputs\runs\v2_corrected_2026-09-23_seed456_synthetic\stage05_metrics\full_sample\transformer_infonce.csv"
"v2_corrected_2026-09-23_seed456_synthetic","synthetic","simulated_lag_10","B","full_sample","transformer","infonce","456","","Z","rsa_spearman","0.4196168162466167","outputs\runs\v2_corrected_2026-09-23_seed456_synthetic\stage05_metrics\full_sample\transformer_infonce.csv"
"v2_corrected_2026-09-23_seed456_synthetic","synthetic","simulated_lag_10","B","full_sample","transformer","infonce","456","","Z","rsa_pearson","0.4143614757411877","outputs\runs\v2_corrected_2026-09-23_seed456_synthetic\stage05_metrics\full_sample\transformer_infonce.csv"
"v2_corrected_2026-09-23_seed456_synthetic","synthetic","simulated_lag_10","B","full_sample","transformer","infonce","456","","Z","linear_cka","0.5714037251476383","outputs\runs\v2_corrected_2026-09-23_seed456_synthetic\stage05_metrics\full_sample\transformer_infonce.csv"
"v2_corrected_2026-09-23_seed456_synthetic","synthetic","simulated_lag_10","A_B","full_sample","transformer","infonce","456","","","estimated_lag_bins","20","outputs\runs\v2_corrected_2026-09-23_seed456_synthetic\stage05_metrics\full_sample\transformer_infonce.csv"
"v2_corrected_2026-09-23_seed456_synthetic","synthetic","simulated_lag_10","A","full_sample","transformer","soft","456","","M","procrustes_r2","0.40082695736242613","outputs\runs\v2_corrected_2026-09-23_seed456_synthetic\stage05_metrics\full_sample\transformer_soft.csv"
"v2_corrected_2026-09-23_seed456_synthetic","synthetic","simulated_lag_10","A","full_sample","transformer","soft","456","","M","rsa_spearman","0.5738191238966801","outputs\runs\v2_corrected_2026-09-23_seed456_synthetic\stage05_metrics\full_sample\transformer_soft.csv"
"v2_corrected_2026-09-23_seed456_synthetic","synthetic","simulated_lag_10","A","full_sample","transformer","soft","456","","M","rsa_pearson","0.5632065513629777","outputs\runs\v2_corrected_2026-09-23_seed456_synthetic\stage05_metrics\full_sample\transformer_soft.csv"
"v2_corrected_2026-09-23_seed456_synthetic","synthetic","simulated_lag_10","A","full_sample","transformer","soft","456","","M","linear_cka","0.5934808784395773","outputs\runs\v2_corrected_2026-09-23_seed456_synthetic\stage05_metrics\full_sample\transformer_soft.csv"
"v2_corrected_2026-09-23_seed456_synthetic","synthetic","simulated_lag_10","A","full_sample","transformer","soft","456","","eta","procrustes_r2","-0.973420897592183","outputs\runs\v2_corrected_2026-09-23_seed456_synthetic\stage05_metrics\full_sample\transformer_soft.csv"
"v2_corrected_2026-09-23_seed456_synthetic","synthetic","simulated_lag_10","A","full_sample","transformer","soft","456","","eta","rsa_spearman","0.001104695049610006","outputs\runs\v2_corrected_2026-09-23_seed456_synthetic\stage05_metrics\full_sample\transformer_soft.csv"
"v2_corrected_2026-09-23_seed456_synthetic","synthetic","simulated_lag_10","A","full_sample","transformer","soft","456","","eta","rsa_pearson","0.0010815170771640832","outputs\runs\v2_corrected_2026-09-23_seed456_synthetic\stage05_metrics\full_sample\transformer_soft.csv"
"v2_corrected_2026-09-23_seed456_synthetic","synthetic","simulated_lag_10","A","full_sample","transformer","soft","456","","eta","linear_cka","0.0002525968487068979","outputs\runs\v2_corrected_2026-09-23_seed456_synthetic\stage05_metrics\full_sample\transformer_soft.csv"
"v2_corrected_2026-09-23_seed456_synthetic","synthetic","simulated_lag_10","A","full_sample","transformer","soft","456","","Z","procrustes_r2","0.3914717150193302","outputs\runs\v2_corrected_2026-09-23_seed456_synthetic\stage05_metrics\full_sample\transformer_soft.csv"
"v2_corrected_2026-09-23_seed456_synthetic","synthetic","simulated_lag_10","A","full_sample","transformer","soft","456","","Z","rsa_spearman","0.5665877284121844","outputs\runs\v2_corrected_2026-09-23_seed456_synthetic\stage05_metrics\full_sample\transformer_soft.csv"
"v2_corrected_2026-09-23_seed456_synthetic","synthetic","simulated_lag_10","A","full_sample","transformer","soft","456","","Z","rsa_pearson","0.5562601476085832","outputs\runs\v2_corrected_2026-09-23_seed456_synthetic\stage05_metrics\full_sample\transformer_soft.csv"
"v2_corrected_2026-09-23_seed456_synthetic","synthetic","simulated_lag_10","A","full_sample","transformer","soft","456","","Z","linear_cka","0.5856406073787315","outputs\runs\v2_corrected_2026-09-23_seed456_synthetic\stage05_metrics\full_sample\transformer_soft.csv"
"v2_corrected_2026-09-23_seed456_synthetic","synthetic","simulated_lag_10","B","full_sample","transformer","soft","456","","M","procrustes_r2","0.3859453277085133","outputs\runs\v2_corrected_2026-09-23_seed456_synthetic\stage05_metrics\full_sample\transformer_soft.csv"
"v2_corrected_2026-09-23_seed456_synthetic","synthetic","simulated_lag_10","B","full_sample","transformer","soft","456","","M","rsa_spearman","0.5701873638355658","outputs\runs\v2_corrected_2026-09-23_seed456_synthetic\stage05_metrics\full_sample\transformer_soft.csv"
"v2_corrected_2026-09-23_seed456_synthetic","synthetic","simulated_lag_10","B","full_sample","transformer","soft","456","","M","rsa_pearson","0.5586283253744301","outputs\runs\v2_corrected_2026-09-23_seed456_synthetic\stage05_metrics\full_sample\transformer_soft.csv"
"v2_corrected_2026-09-23_seed456_synthetic","synthetic","simulated_lag_10","B","full_sample","transformer","soft","456","","M","linear_cka","0.5815853464493843","outputs\runs\v2_corrected_2026-09-23_seed456_synthetic\stage05_metrics\full_sample\transformer_soft.csv"
"v2_corrected_2026-09-23_seed456_synthetic","synthetic","simulated_lag_10","B","full_sample","transformer","soft","456","","eta","procrustes_r2","-0.9787169531725635","outputs\runs\v2_corrected_2026-09-23_seed456_synthetic\stage05_metrics\full_sample\transformer_soft.csv"
"v2_corrected_2026-09-23_seed456_synthetic","synthetic","simulated_lag_10","B","full_sample","transformer","soft","456","","eta","rsa_spearman","0.005656772023902952","outputs\runs\v2_corrected_2026-09-23_seed456_synthetic\stage05_metrics\full_sample\transformer_soft.csv"
"v2_corrected_2026-09-23_seed456_synthetic","synthetic","simulated_lag_10","B","full_sample","transformer","soft","456","","eta","rsa_pearson","0.004299828179518494","outputs\runs\v2_corrected_2026-09-23_seed456_synthetic\stage05_metrics\full_sample\transformer_soft.csv"
"v2_corrected_2026-09-23_seed456_synthetic","synthetic","simulated_lag_10","B","full_sample","transformer","soft","456","","eta","linear_cka","0.00021224012916677487","outputs\runs\v2_corrected_2026-09-23_seed456_synthetic\stage05_metrics\full_sample\transformer_soft.csv"
"v2_corrected_2026-09-23_seed456_synthetic","synthetic","simulated_lag_10","B","full_sample","transformer","soft","456","","Z","procrustes_r2","0.37444214087324246","outputs\runs\v2_corrected_2026-09-23_seed456_synthetic\stage05_metrics\full_sample\transformer_soft.csv"
"v2_corrected_2026-09-23_seed456_synthetic","synthetic","simulated_lag_10","B","full_sample","transformer","soft","456","","Z","rsa_spearman","0.562520974634107","outputs\runs\v2_corrected_2026-09-23_seed456_synthetic\stage05_metrics\full_sample\transformer_soft.csv"
"v2_corrected_2026-09-23_seed456_synthetic","synthetic","simulated_lag_10","B","full_sample","transformer","soft","456","","Z","rsa_pearson","0.5499653302684664","outputs\runs\v2_corrected_2026-09-23_seed456_synthetic\stage05_metrics\full_sample\transformer_soft.csv"
"v2_corrected_2026-09-23_seed456_synthetic","synthetic","simulated_lag_10","B","full_sample","transformer","soft","456","","Z","linear_cka","0.5720407216723458","outputs\runs\v2_corrected_2026-09-23_seed456_synthetic\stage05_metrics\full_sample\transformer_soft.csv"
"v2_corrected_2026-09-23_seed456_synthetic","synthetic","simulated_lag_10","A_B","full_sample","transformer","soft","456","","","estimated_lag_bins","13","outputs\runs\v2_corrected_2026-09-23_seed456_synthetic\stage05_metrics\full_sample\transformer_soft.csv"
"v2_corrected_2026-09-23_seed456_synthetic","synthetic","simulated_lag_10","A","full_sample","transformer","time_contrastive_blocks","456","","M","procrustes_r2","0.746782658945798","outputs\runs\v2_corrected_2026-09-23_seed456_synthetic\stage05_metrics\full_sample\transformer_time_contrastive_blocks.csv"
"v2_corrected_2026-09-23_seed456_synthetic","synthetic","simulated_lag_10","A","full_sample","transformer","time_contrastive_blocks","456","","M","rsa_spearman","0.6670175374368695","outputs\runs\v2_corrected_2026-09-23_seed456_synthetic\stage05_metrics\full_sample\transformer_time_contrastive_blocks.csv"
"v2_corrected_2026-09-23_seed456_synthetic","synthetic","simulated_lag_10","A","full_sample","transformer","time_contrastive_blocks","456","","M","rsa_pearson","0.7085484400231041","outputs\runs\v2_corrected_2026-09-23_seed456_synthetic\stage05_metrics\full_sample\transformer_time_contrastive_blocks.csv"
"v2_corrected_2026-09-23_seed456_synthetic","synthetic","simulated_lag_10","A","full_sample","transformer","time_contrastive_blocks","456","","M","linear_cka","0.7480511499756799","outputs\runs\v2_corrected_2026-09-23_seed456_synthetic\stage05_metrics\full_sample\transformer_time_contrastive_blocks.csv"
"v2_corrected_2026-09-23_seed456_synthetic","synthetic","simulated_lag_10","A","full_sample","transformer","time_contrastive_blocks","456","","eta","procrustes_r2","-0.9669101690692825","outputs\runs\v2_corrected_2026-09-23_seed456_synthetic\stage05_metrics\full_sample\transformer_time_contrastive_blocks.csv"
"v2_corrected_2026-09-23_seed456_synthetic","synthetic","simulated_lag_10","A","full_sample","transformer","time_contrastive_blocks","456","","eta","rsa_spearman","0.003713960006705594","outputs\runs\v2_corrected_2026-09-23_seed456_synthetic\stage05_metrics\full_sample\transformer_time_contrastive_blocks.csv"
"v2_corrected_2026-09-23_seed456_synthetic","synthetic","simulated_lag_10","A","full_sample","transformer","time_contrastive_blocks","456","","eta","rsa_pearson","0.0034088019809790054","outputs\runs\v2_corrected_2026-09-23_seed456_synthetic\stage05_metrics\full_sample\transformer_time_contrastive_blocks.csv"
"v2_corrected_2026-09-23_seed456_synthetic","synthetic","simulated_lag_10","A","full_sample","transformer","time_contrastive_blocks","456","","eta","linear_cka","0.00034072108471062333","outputs\runs\v2_corrected_2026-09-23_seed456_synthetic\stage05_metrics\full_sample\transformer_time_contrastive_blocks.csv"
"v2_corrected_2026-09-23_seed456_synthetic","synthetic","simulated_lag_10","A","full_sample","transformer","time_contrastive_blocks","456","","Z","procrustes_r2","0.736090823026565","outputs\runs\v2_corrected_2026-09-23_seed456_synthetic\stage05_metrics\full_sample\transformer_time_contrastive_blocks.csv"
"v2_corrected_2026-09-23_seed456_synthetic","synthetic","simulated_lag_10","A","full_sample","transformer","time_contrastive_blocks","456","","Z","rsa_spearman","0.6600485640180013","outputs\runs\v2_corrected_2026-09-23_seed456_synthetic\stage05_metrics\full_sample\transformer_time_contrastive_blocks.csv"
"v2_corrected_2026-09-23_seed456_synthetic","synthetic","simulated_lag_10","A","full_sample","transformer","time_contrastive_blocks","456","","Z","rsa_pearson","0.6963420157633906","outputs\runs\v2_corrected_2026-09-23_seed456_synthetic\stage05_metrics\full_sample\transformer_time_contrastive_blocks.csv"
"v2_corrected_2026-09-23_seed456_synthetic","synthetic","simulated_lag_10","A","full_sample","transformer","time_contrastive_blocks","456","","Z","linear_cka","0.7389842440520972","outputs\runs\v2_corrected_2026-09-23_seed456_synthetic\stage05_metrics\full_sample\transformer_time_contrastive_blocks.csv"
"v2_corrected_2026-09-23_seed456_synthetic","synthetic","simulated_lag_10","B","full_sample","transformer","time_contrastive_blocks","456","","M","procrustes_r2","0.18607090522610803","outputs\runs\v2_corrected_2026-09-23_seed456_synthetic\stage05_metrics\full_sample\transformer_time_contrastive_blocks.csv"
"v2_corrected_2026-09-23_seed456_synthetic","synthetic","simulated_lag_10","B","full_sample","transformer","time_contrastive_blocks","456","","M","rsa_spearman","0.49309701481753615","outputs\runs\v2_corrected_2026-09-23_seed456_synthetic\stage05_metrics\full_sample\transformer_time_contrastive_blocks.csv"
"v2_corrected_2026-09-23_seed456_synthetic","synthetic","simulated_lag_10","B","full_sample","transformer","time_contrastive_blocks","456","","M","rsa_pearson","0.5189281625351867","outputs\runs\v2_corrected_2026-09-23_seed456_synthetic\stage05_metrics\full_sample\transformer_time_contrastive_blocks.csv"
"v2_corrected_2026-09-23_seed456_synthetic","synthetic","simulated_lag_10","B","full_sample","transformer","time_contrastive_blocks","456","","M","linear_cka","0.4971644703920015","outputs\runs\v2_corrected_2026-09-23_seed456_synthetic\stage05_metrics\full_sample\transformer_time_contrastive_blocks.csv"
"v2_corrected_2026-09-23_seed456_synthetic","synthetic","simulated_lag_10","B","full_sample","transformer","time_contrastive_blocks","456","","eta","procrustes_r2","-0.9705494382582487","outputs\runs\v2_corrected_2026-09-23_seed456_synthetic\stage05_metrics\full_sample\transformer_time_contrastive_blocks.csv"
"v2_corrected_2026-09-23_seed456_synthetic","synthetic","simulated_lag_10","B","full_sample","transformer","time_contrastive_blocks","456","","eta","rsa_spearman","0.002204089661147029","outputs\runs\v2_corrected_2026-09-23_seed456_synthetic\stage05_metrics\full_sample\transformer_time_contrastive_blocks.csv"
"v2_corrected_2026-09-23_seed456_synthetic","synthetic","simulated_lag_10","B","full_sample","transformer","time_contrastive_blocks","456","","eta","rsa_pearson","-0.0011916207144086082","outputs\runs\v2_corrected_2026-09-23_seed456_synthetic\stage05_metrics\full_sample\transformer_time_contrastive_blocks.csv"
"v2_corrected_2026-09-23_seed456_synthetic","synthetic","simulated_lag_10","B","full_sample","transformer","time_contrastive_blocks","456","","eta","linear_cka","0.00037175816207364034","outputs\runs\v2_corrected_2026-09-23_seed456_synthetic\stage05_metrics\full_sample\transformer_time_contrastive_blocks.csv"
"v2_corrected_2026-09-23_seed456_synthetic","synthetic","simulated_lag_10","B","full_sample","transformer","time_contrastive_blocks","456","","Z","procrustes_r2","0.1770795570536241","outputs\runs\v2_corrected_2026-09-23_seed456_synthetic\stage05_metrics\full_sample\transformer_time_contrastive_blocks.csv"
"v2_corrected_2026-09-23_seed456_synthetic","synthetic","simulated_lag_10","B","full_sample","transformer","time_contrastive_blocks","456","","Z","rsa_spearman","0.48885505331333023","outputs\runs\v2_corrected_2026-09-23_seed456_synthetic\stage05_metrics\full_sample\transformer_time_contrastive_blocks.csv"
"v2_corrected_2026-09-23_seed456_synthetic","synthetic","simulated_lag_10","B","full_sample","transformer","time_contrastive_blocks","456","","Z","rsa_pearson","0.5066105132614537","outputs\runs\v2_corrected_2026-09-23_seed456_synthetic\stage05_metrics\full_sample\transformer_time_contrastive_blocks.csv"
"v2_corrected_2026-09-23_seed456_synthetic","synthetic","simulated_lag_10","B","full_sample","transformer","time_contrastive_blocks","456","","Z","linear_cka","0.4898937589587856","outputs\runs\v2_corrected_2026-09-23_seed456_synthetic\stage05_metrics\full_sample\transformer_time_contrastive_blocks.csv"
"v2_corrected_2026-09-23_seed456_synthetic","synthetic","simulated_lag_10","A_B","full_sample","transformer","time_contrastive_blocks","456","","","estimated_lag_bins","8","outputs\runs\v2_corrected_2026-09-23_seed456_synthetic\stage05_metrics\full_sample\transformer_time_contrastive_blocks.csv"
