domain,training_seed,subject_or_population,architecture,objective,fit_branch,evaluation_subset,n_rows,sampled_pair_rows,pair_sampling_seed,near_identical_distance_threshold,coordinate_sd_1,coordinate_sd_2,coordinate_sd_3,cov_eigenvalue_1,cov_eigenvalue_2,cov_eigenvalue_3,cov_singular_scale_1,cov_singular_scale_2,cov_singular_scale_3,participation_ratio,effective_rank,variance_fraction_pc1,variance_fraction_pc1_pc2,cosine_q05,cosine_q50,cosine_q95,distance_q05,distance_q50,distance_q95,fraction_pairwise_distance_lt_0_01,raw_norm_q05,raw_norm_q50,raw_norm_q95,unit_norm_q05,unit_norm_q50,unit_norm_q95,selected_validation_update,stopping_update,best_validation_loss,last_logged_train_loss,last_logged_validation_loss,embedding_artifact,compute_artifact,history_artifact
synthetic,42,A,cnn1d,soft,held_out,validation,3600,512,100,0.01,0.12013408348842619,0.10141548433159744,0.027641098824993254,0.015668797798795445,0.009731710161199196,8.790097566828082e-05,0.1251750685991242,0.09864943061771414,0.009375552019389622,1.9094973466580345,1.9863055175125854,0.6147420907419586,0.9965513353191187,0.9300543080965785,0.9808126158892669,0.9989858264106187,0.04503693346879828,0.19589472783951817,0.37402057867532423,0.002927776418786693,0.2609762434889609,0.47147913653739226,0.829681195600024,0.999999940642647,1.0000000005603256,1.000000060770498,1600,2000,6.91059144337972,6.887424621582031,6.910785675048828,outputs/runs/clean_rebuild_2026-09-23_seed42_synthetic/stage04_embeddings/held_out/A_cnn1d_soft.npz,outputs/runs/clean_rebuild_2026-09-23_seed42_synthetic/stage03_models/held_out/A_cnn1d_soft/compute.json,outputs/runs/clean_rebuild_2026-09-23_seed42_synthetic/stage03_models/held_out/A_cnn1d_soft/training_history.csv
synthetic,42,A,cnn1d,soft,held_out,test,7200,512,100,0.01,0.11474719131351466,0.10095381043464081,0.027396612336482516,0.01431294130018253,0.009727850273363578,7.17215097335767e-05,0.11963670548866903,0.09862986501746607,0.00846885527881878,1.9413024200435054,1.9999359479334573,0.5935897785000079,0.9970255481257444,0.9343765395178006,0.9811493857568307,0.9989944164823293,0.04484576107790422,0.1941678266112416,0.3622798773485417,0.0027060909980430527,0.2606906994118299,0.4539647933643915,0.8139168070630841,0.9999999383873895,0.9999999996497302,1.0000000605122263,1600,2000,6.91059144337972,6.887424621582031,6.910785675048828,outputs/runs/clean_rebuild_2026-09-23_seed42_synthetic/stage04_embeddings/held_out/A_cnn1d_soft.npz,outputs/runs/clean_rebuild_2026-09-23_seed42_synthetic/stage03_models/held_out/A_cnn1d_soft/compute.json,outputs/runs/clean_rebuild_2026-09-23_seed42_synthetic/stage03_models/held_out/A_cnn1d_soft/training_history.csv
synthetic,42,A,cnn1d,infonce,held_out,validation,3600,512,100,0.01,0.7205332350090656,0.6661852083569073,0.1641729011793586,0.5378552158301478,0.44037951971553524,0.011963935708588844,0.7333861301048362,0.6636109701591251,0.10937977742064044,2.028472094413808,2.106914437442835,0.5431790926853634,0.9879176411200044,-0.9799197138800907,0.008677401528331852,0.9824809986105141,0.18718442150721298,1.4080643361073977,1.9899345559084143,0.0003822162426614481,0.012970661485440647,0.07435304017257888,0.1731495896539553,0.9999999409503277,1.0000000001700327,1.0000000580179498,400,2400,9.560073216756185,4.965508795976639,9.649796485900879,outputs/runs/clean_rebuild_2026-09-23_seed42_synthetic/stage04_embeddings/held_out/A_cnn1d_infonce.npz,outputs/runs/clean_rebuild_2026-09-23_seed42_synthetic/stage03_models/held_out/A_cnn1d_infonce/compute.json,outputs/runs/clean_rebuild_2026-09-23_seed42_synthetic/stage03_models/held_out/A_cnn1d_infonce/training_history.csv
synthetic,42,A,cnn1d,infonce,held_out,test,7200,512,100,0.01,0.688289857146165,0.7087980993998686,0.15007503125147764,0.5093258792288109,0.47913171987667924,0.01034131113366243,0.713670707839975,0.6921934121881537,0.10169223733236687,2.039717402457887,2.102505047012975,0.5099383609728387,0.9896462530869339,-0.9813573908218652,-0.0002450690662745836,0.9830214383316421,0.18427471721036423,1.4143868390479393,1.9906568337072934,0.0002446183953033268,0.01388603464653437,0.07477342505058056,0.1661740454070931,0.9999999396909647,1.000000000240442,1.0000000595448268,400,2400,9.560073216756185,4.965508795976639,9.649796485900879,outputs/runs/clean_rebuild_2026-09-23_seed42_synthetic/stage04_embeddings/held_out/A_cnn1d_infonce.npz,outputs/runs/clean_rebuild_2026-09-23_seed42_synthetic/stage03_models/held_out/A_cnn1d_infonce/compute.json,outputs/runs/clean_rebuild_2026-09-23_seed42_synthetic/stage03_models/held_out/A_cnn1d_infonce/training_history.csv
synthetic,42,A,cnn1d,time_contrastive_blocks,held_out,validation,3600,512,100,0.01,0.5807247117920575,0.5843471550827998,0.5650966088037063,0.3706465735688892,0.34565646128354316,0.28201124048927506,0.6088075012422968,0.5879255576036333,0.5310473053215458,2.962747016583942,2.98080187716258,0.3712724366703287,0.7175125634733139,-0.8697978112815897,-0.051719193664187646,0.9274981350044058,0.3807937129640449,1.4503235629575086,1.9338034190762154,8.408757338551859e-05,0.05156214085846233,0.1159558819876062,0.25954570469123245,0.9999999414415058,1.000000000836034,1.000000061190464,400,2000,6.213461399078369,6.115931429862976,6.2320912679036455,outputs/runs/clean_rebuild_2026-09-23_seed42_synthetic/stage04_embeddings/held_out/A_cnn1d_time_contrastive_blocks.npz,outputs/runs/clean_rebuild_2026-09-23_seed42_synthetic/stage03_models/held_out/A_cnn1d_time_contrastive_blocks/compute.json,outputs/runs/clean_rebuild_2026-09-23_seed42_synthetic/stage03_models/held_out/A_cnn1d_time_contrastive_blocks/training_history.csv
synthetic,42,A,cnn1d,time_contrastive_blocks,held_out,test,7200,512,100,0.01,0.5858349613170775,0.5656659446382678,0.5776967369356374,0.37093630331719835,0.33037043753177525,0.29574582136452476,0.6090454033298325,0.5747785987071676,0.5438251753684494,2.9745722278706954,2.9872155478760245,0.37203284698823125,0.7033799093721231,-0.8635597991611134,-0.05731372791801803,0.9331059265528928,0.36577057854302875,1.4541758621363303,1.930574898759566,6.879892367906066e-05,0.045968996383860004,0.11238737328232687,0.2556505607453557,0.9999999412097618,0.9999999997562461,1.0000000582895852,400,2000,6.213461399078369,6.115931429862976,6.2320912679036455,outputs/runs/clean_rebuild_2026-09-23_seed42_synthetic/stage04_embeddings/held_out/A_cnn1d_time_contrastive_blocks.npz,outputs/runs/clean_rebuild_2026-09-23_seed42_synthetic/stage03_models/held_out/A_cnn1d_time_contrastive_blocks/compute.json,outputs/runs/clean_rebuild_2026-09-23_seed42_synthetic/stage03_models/held_out/A_cnn1d_time_contrastive_blocks/training_history.csv
synthetic,42,A,cnn1d,behavior_contrastive_blocks,held_out,validation,3600,512,100,0.01,0.6945242318413566,0.6562273707244093,0.24115044497076515,0.5482219738012699,0.42175812320912615,0.0014415501483324956,0.7404201333035656,0.6494290748104262,0.037967751425815245,1.9724125738640506,2.0032197203147217,0.5643501721469169,0.9985160407403431,-0.9855168439164996,0.028755725181619417,0.9886384127412656,0.15074265620857266,1.393731853562303,1.9927452712540623,0.0008332314090019569,0.012039834919647134,0.059376060117935156,0.14118932930932487,0.9999999411557624,0.9999999997269013,1.0000000577489931,800,2000,6.675375302632649,6.1765329551696775,6.702043533325195,outputs/runs/clean_rebuild_2026-09-23_seed42_synthetic/stage04_embeddings/held_out/A_cnn1d_behavior_contrastive_blocks.npz,outputs/runs/clean_rebuild_2026-09-23_seed42_synthetic/stage03_models/held_out/A_cnn1d_behavior_contrastive_blocks/compute.json,outputs/runs/clean_rebuild_2026-09-23_seed42_synthetic/stage03_models/held_out/A_cnn1d_behavior_contrastive_blocks/training_history.csv
synthetic,42,A,cnn1d,behavior_contrastive_blocks,held_out,test,7200,512,100,0.01,0.6766922464770405,0.6898545042238985,0.2294497113606867,0.49586285673528757,0.48886687641746807,0.0018660975295973893,0.7041753025598723,0.6991901575519124,0.0431983510055348,2.007471580880818,2.024981921572515,0.502599789411574,0.9981085491428574,-0.9843438648936108,0.04323772054366226,0.9870992073774075,0.16062893009034776,1.3833020767013742,1.9921565394667922,0.000817942759295499,0.010216916552753974,0.0629241252659678,0.1370718981735473,0.9999999410857451,0.9999999997364355,1.000000057842398,800,2000,6.675375302632649,6.1765329551696775,6.702043533325195,outputs/runs/clean_rebuild_2026-09-23_seed42_synthetic/stage04_embeddings/held_out/A_cnn1d_behavior_contrastive_blocks.npz,outputs/runs/clean_rebuild_2026-09-23_seed42_synthetic/stage03_models/held_out/A_cnn1d_behavior_contrastive_blocks/compute.json,outputs/runs/clean_rebuild_2026-09-23_seed42_synthetic/stage03_models/held_out/A_cnn1d_behavior_contrastive_blocks/training_history.csv
synthetic,42,A,transformer,soft,held_out,validation,3600,512,100,0.01,0.09018928575286346,0.12214838141793642,0.11372836255242902,0.019165093227753352,0.0167795950813668,5.378606358456247e-05,0.13843804833842954,0.1295360763701248,0.007333898252945869,1.997184520572251,2.0160196074620176,0.5323862625213082,0.9985058793595615,0.9146130264493433,0.9669689667427683,0.998988735248107,0.04497218410254709,0.2570254054696642,0.41324810938219925,0.004510151663405088,3.123380807909176,3.672843457852016,4.153167518200766,0.999999943036696,0.9999999994166278,1.0000000561701943,400,2000,6.904153823852539,6.888834667205811,6.909399350484212,outputs/runs/clean_rebuild_2026-09-23_seed42_synthetic/stage04_embeddings/held_out/A_transformer_soft.npz,outputs/runs/clean_rebuild_2026-09-23_seed42_synthetic/stage03_models/held_out/A_transformer_soft/compute.json,outputs/runs/clean_rebuild_2026-09-23_seed42_synthetic/stage03_models/held_out/A_transformer_soft/training_history.csv
synthetic,42,A,transformer,soft,held_out,test,7200,512,100,0.01,0.08820118897820793,0.12241449740425779,0.1073409034006194,0.018839484746005997,0.01540081839250739,5.128803725093309e-05,0.13725700253905443,0.12410003381348206,0.007161566675730464,1.9859573991779853,2.0103134932804423,0.5493908010696469,0.9985043552809183,0.919950079264897,0.9684901996831534,0.9989560168883551,0.0456947988859755,0.2510370632565322,0.40012473234496837,0.0034323018590998043,3.1245122098998706,3.6151889281744047,4.135017343829033,0.9999999441042714,1.0000000004444294,1.0000000562504596,400,2000,6.904153823852539,6.888834667205811,6.909399350484212,outputs/runs/clean_rebuild_2026-09-23_seed42_synthetic/stage04_embeddings/held_out/A_transformer_soft.npz,outputs/runs/clean_rebuild_2026-09-23_seed42_synthetic/stage03_models/held_out/A_transformer_soft/compute.json,outputs/runs/clean_rebuild_2026-09-23_seed42_synthetic/stage03_models/held_out/A_transformer_soft/training_history.csv
synthetic,42,A,transformer,infonce,held_out,validation,3600,512,100,0.01,0.24662890749916366,0.5405351124883521,0.48247412507850723,0.33114328352333555,0.22392035960385642,0.03088442744304158,0.5754505048423675,0.47320223964374514,0.1757396581396515,2.135832258944191,2.3285383418214294,0.565141008487447,0.9472915280478943,-0.389007059339485,0.425626801150234,0.98594090268393,0.16768488754624505,1.0717959261299144,1.6667375611542177,0.0003210616438356164,0.861259193755294,2.3924930435016907,3.6102933873773693,0.9999999416335971,1.0000000000387117,1.0000000584121542,400,2000,8.255828221638998,4.87809011220932,10.734464645385742,outputs/runs/clean_rebuild_2026-09-23_seed42_synthetic/stage04_embeddings/held_out/A_transformer_infonce.npz,outputs/runs/clean_rebuild_2026-09-23_seed42_synthetic/stage03_models/held_out/A_transformer_infonce/compute.json,outputs/runs/clean_rebuild_2026-09-23_seed42_synthetic/stage03_models/held_out/A_transformer_infonce/training_history.csv
synthetic,42,A,transformer,infonce,held_out,test,7200,512,100,0.01,0.26584059433442353,0.5669150824287,0.4671949252477849,0.3803582035004795,0.19668534104780896,0.033376266439518264,0.6167318732646137,0.4434922108084977,0.18269172515338034,2.0198915462964697,2.2672801753043705,0.6231092055891306,0.9453224390186363,-0.4369343540602536,0.4376837621665812,0.9841917466657375,0.17781000376136302,1.0604868789093913,1.695248829535892,0.00029048434442270057,0.8247327131802148,2.343001289867913,3.5814507471177977,0.9999999425684255,1.0000000000511982,1.0000000584506126,400,2000,8.255828221638998,4.87809011220932,10.734464645385742,outputs/runs/clean_rebuild_2026-09-23_seed42_synthetic/stage04_embeddings/held_out/A_transformer_infonce.npz,outputs/runs/clean_rebuild_2026-09-23_seed42_synthetic/stage03_models/held_out/A_transformer_infonce/compute.json,outputs/runs/clean_rebuild_2026-09-23_seed42_synthetic/stage03_models/held_out/A_transformer_infonce/training_history.csv
synthetic,42,A,transformer,time_contrastive_blocks,held_out,validation,3600,512,100,0.01,0.5356040731556128,0.5840363794116011,0.6045594147982122,0.3832291728209582,0.33955358335147207,0.27095558393362834,0.6190550644498098,0.5827122646310716,0.5205339411927221,2.9427298808408273,2.9704469054091573,0.3856439440386866,0.7273370936813104,-0.8535140124043398,-0.07273474082683412,0.9453148166282821,0.33071186912301775,1.4647421170259647,1.9253644067067879,0.0001605308219178082,1.0578420801675823,2.04082054757205,3.442550609129006,0.9999999416930283,0.9999999989120831,1.0000000556607818,800,2000,6.203514417012532,6.125791292190552,6.265179475148519,outputs/runs/clean_rebuild_2026-09-23_seed42_synthetic/stage04_embeddings/held_out/A_transformer_time_contrastive_blocks.npz,outputs/runs/clean_rebuild_2026-09-23_seed42_synthetic/stage03_models/held_out/A_transformer_time_contrastive_blocks/compute.json,outputs/runs/clean_rebuild_2026-09-23_seed42_synthetic/stage03_models/held_out/A_transformer_time_contrastive_blocks/training_history.csv
synthetic,42,A,transformer,time_contrastive_blocks,held_out,test,7200,512,100,0.01,0.5677545011856221,0.574412059536609,0.5865653671282657,0.38316793735942434,0.3116829392564952,0.30164084268370117,0.619005603657531,0.5582857147164839,0.5492183925213185,2.9645989665756844,2.982524228373374,0.3845169306863202,0.6972971908931587,-0.8416451862073212,-0.081153706103409,0.9485008648841113,0.3209334042802454,1.470478582656853,1.9191900308873182,8.408757338551859e-05,0.9401072564174169,2.0035191939656167,3.3496183191560127,0.999999941211971,1.0000000001517266,1.000000058547758,800,2000,6.203514417012532,6.125791292190552,6.265179475148519,outputs/runs/clean_rebuild_2026-09-23_seed42_synthetic/stage04_embeddings/held_out/A_transformer_time_contrastive_blocks.npz,outputs/runs/clean_rebuild_2026-09-23_seed42_synthetic/stage03_models/held_out/A_transformer_time_contrastive_blocks/compute.json,outputs/runs/clean_rebuild_2026-09-23_seed42_synthetic/stage03_models/held_out/A_transformer_time_contrastive_blocks/training_history.csv
synthetic,42,A,transformer,behavior_contrastive_blocks,held_out,validation,3600,512,100,0.01,0.4426406843747468,0.6556084074484961,0.6053258712761254,0.5801569563256734,0.40948558376897926,0.0028057097918576944,0.7616803504920377,0.6399106060763325,0.05296895120594417,1.9532326644843323,2.00510846203993,0.5845714941731383,0.9971729409647521,-0.9861706838835487,0.009015665186093536,0.9878627824908655,0.15580258579665457,1.4078240943031486,1.9930733384841617,0.000817942759295499,0.8149927907316225,3.1327799527885594,4.189290395860079,0.9999999404044201,0.9999999987678212,1.0000000573068917,400,3200,6.703784306844075,6.112687636613845,6.743118762969971,outputs/runs/clean_rebuild_2026-09-23_seed42_synthetic/stage04_embeddings/held_out/A_transformer_behavior_contrastive_blocks.npz,outputs/runs/clean_rebuild_2026-09-23_seed42_synthetic/stage03_models/held_out/A_transformer_behavior_contrastive_blocks/compute.json,outputs/runs/clean_rebuild_2026-09-23_seed42_synthetic/stage03_models/held_out/A_transformer_behavior_contrastive_blocks/training_history.csv
synthetic,42,A,transformer,behavior_contrastive_blocks,held_out,test,7200,512,100,0.01,0.41905369890512056,0.6760877334825219,0.5980187872401833,0.5086602137698917,0.47763294816737456,0.0041714984227113365,0.7132041879923952,0.6911099392769392,0.06458713821428641,2.0148875720333246,2.04822832326428,0.5135571556738052,0.9957883419876936,-0.9827559735393425,0.024471156439563213,0.9858344894874702,0.1683179676367004,1.3968026826347026,1.9913593403740422,0.0007873654598825831,0.8144593917146136,3.0529968982804796,4.187306891648725,0.9999999426964787,1.000000000340134,1.0000000576265944,400,3200,6.703784306844075,6.112687636613845,6.743118762969971,outputs/runs/clean_rebuild_2026-09-23_seed42_synthetic/stage04_embeddings/held_out/A_transformer_behavior_contrastive_blocks.npz,outputs/runs/clean_rebuild_2026-09-23_seed42_synthetic/stage03_models/held_out/A_transformer_behavior_contrastive_blocks/compute.json,outputs/runs/clean_rebuild_2026-09-23_seed42_synthetic/stage03_models/held_out/A_transformer_behavior_contrastive_blocks/training_history.csv
synthetic,42,B,cnn1d,soft,held_out,validation,3400,512,100,0.01,0.045188110751765605,0.10182531920047296,0.11240503471575845,0.014331613764457601,0.010638767819875706,8.223964671872969e-05,0.11971471824490755,0.10314440275592131,0.009068607760771754,1.970065273273691,2.0177504588274915,0.5720604495745922,0.996717323670036,0.928504971544145,0.9806413076674644,0.9987205594092909,0.050584862178037336,0.19676702488054512,0.37814035712603944,0.002048679060665362,0.13607652434920667,0.20235435797525142,0.3343944731646839,0.999999938846383,0.9999999989589771,1.0000000588464009,800,2000,6.91575272878011,6.89355642914772,6.916236400604248,outputs/runs/clean_rebuild_2026-09-23_seed42_synthetic/stage04_embeddings/held_out/B_cnn1d_soft.npz,outputs/runs/clean_rebuild_2026-09-23_seed42_synthetic/stage03_models/held_out/B_cnn1d_soft/compute.json,outputs/runs/clean_rebuild_2026-09-23_seed42_synthetic/stage03_models/held_out/B_cnn1d_soft/training_history.csv
synthetic,42,B,cnn1d,soft,held_out,test,6800,512,100,0.01,0.04621848512304325,0.10040021950813727,0.11378328751429487,0.01378849079970897,0.011283710942150364,9.448820386801198e-05,0.11742440461722159,0.10622481321306412,0.009720504301115863,1.995133790159402,2.034561812513615,0.5478865448513184,0.9962455053059509,0.9282513637700762,0.9809079253373858,0.9986676228740747,0.05162042904874244,0.19540790200618302,0.37881037869700007,0.0019493028375733854,0.13656605355648488,0.20041167791202752,0.3249736699894373,0.9999999411294767,0.9999999994136101,1.0000000599350833,800,2000,6.91575272878011,6.89355642914772,6.916236400604248,outputs/runs/clean_rebuild_2026-09-23_seed42_synthetic/stage04_embeddings/held_out/B_cnn1d_soft.npz,outputs/runs/clean_rebuild_2026-09-23_seed42_synthetic/stage03_models/held_out/B_cnn1d_soft/compute.json,outputs/runs/clean_rebuild_2026-09-23_seed42_synthetic/stage03_models/held_out/B_cnn1d_soft/training_history.csv
synthetic,42,B,cnn1d,infonce,held_out,validation,3400,512,100,0.01,0.5924795384302712,0.5967843927939328,0.5315927263903191,0.5452131092594076,0.44081983255723134,0.004032695651149851,0.7383854747077624,0.6639426425205955,0.06350350896722047,1.993975786993087,2.036459205924044,0.5506838017869757,0.9959268401017695,-0.9847705440291119,0.04869028531390751,0.986606312099247,0.16366834146261475,1.3793547365682048,1.9923707524144716,0.00045865949119373774,0.012162140887529725,0.062311047546347295,0.16613175524714868,0.9999999408357119,0.99999999975411,1.0000000583486686,1200,2400,10.605048815409342,4.970938367843628,10.950358072916666,outputs/runs/clean_rebuild_2026-09-23_seed42_synthetic/stage04_embeddings/held_out/B_cnn1d_infonce.npz,outputs/runs/clean_rebuild_2026-09-23_seed42_synthetic/stage03_models/held_out/B_cnn1d_infonce/compute.json,outputs/runs/clean_rebuild_2026-09-23_seed42_synthetic/stage03_models/held_out/B_cnn1d_infonce/training_history.csv
synthetic,42,B,cnn1d,infonce,held_out,test,6800,512,100,0.01,0.5820012242099336,0.6315417739317816,0.5100899530566504,0.5048770075299513,0.48892106472311775,0.004110876475018847,0.7105469777079847,0.6992289072421976,0.06411611712369088,2.0159916730817127,2.0480717585781116,0.5059349434369299,0.9958805094590459,-0.9858325605680748,0.0007553874596962773,0.9855285734256491,0.17012558842115091,1.4136793181235996,1.9929037003651497,0.00045865949119373774,0.013928535778011918,0.05948886710915555,0.16109532615562885,0.9999999404949061,1.0000000001880578,1.0000000584949629,1200,2400,10.605048815409342,4.970938367843628,10.950358072916666,outputs/runs/clean_rebuild_2026-09-23_seed42_synthetic/stage04_embeddings/held_out/B_cnn1d_infonce.npz,outputs/runs/clean_rebuild_2026-09-23_seed42_synthetic/stage03_models/held_out/B_cnn1d_infonce/compute.json,outputs/runs/clean_rebuild_2026-09-23_seed42_synthetic/stage03_models/held_out/B_cnn1d_infonce/training_history.csv
synthetic,42,B,cnn1d,time_contrastive_blocks,held_out,validation,3400,512,100,0.01,0.5644829417740918,0.5844677051076761,0.5795925732061001,0.37727088975561857,0.3422284963515357,0.27696473235818203,0.6142238108015828,0.5850029883270134,0.5262743888488038,2.9537467021016757,2.9761671743715823,0.37860960847908603,0.7220524781316382,-0.8782166679439463,-0.03394153212655748,0.9329564791866538,0.3661789213907324,1.4380135795350264,1.9381520105377357,8.408757338551859e-05,0.02674315130246356,0.07036096682979871,0.1667022341777497,0.9999999419947148,0.9999999993367564,1.0000000606906934,400,2000,6.245434602101644,6.124216891527176,6.304616928100586,outputs/runs/clean_rebuild_2026-09-23_seed42_synthetic/stage04_embeddings/held_out/B_cnn1d_time_contrastive_blocks.npz,outputs/runs/clean_rebuild_2026-09-23_seed42_synthetic/stage03_models/held_out/B_cnn1d_time_contrastive_blocks/compute.json,outputs/runs/clean_rebuild_2026-09-23_seed42_synthetic/stage03_models/held_out/B_cnn1d_time_contrastive_blocks/training_history.csv
synthetic,42,B,cnn1d,time_contrastive_blocks,held_out,test,6800,512,100,0.01,0.5914248589382979,0.5747470599069836,0.5636563674213451,0.38394241728827,0.3147203613861154,0.29931002920918987,0.619630871800518,0.560999430825126,0.5470923406603221,2.9637199380743944,2.9820556460944605,0.38472232334917605,0.7000819793437622,-0.8810129112961935,-0.03878803171371947,0.9238018029768457,0.39037981473197564,1.441379857003199,1.939594231881392,7.644324853228962e-05,0.02939439754251046,0.06613272015636955,0.15691368763862548,0.9999999411354676,0.9999999997127965,1.0000000584547226,400,2000,6.245434602101644,6.124216891527176,6.304616928100586,outputs/runs/clean_rebuild_2026-09-23_seed42_synthetic/stage04_embeddings/held_out/B_cnn1d_time_contrastive_blocks.npz,outputs/runs/clean_rebuild_2026-09-23_seed42_synthetic/stage03_models/held_out/B_cnn1d_time_contrastive_blocks/compute.json,outputs/runs/clean_rebuild_2026-09-23_seed42_synthetic/stage03_models/held_out/B_cnn1d_time_contrastive_blocks/training_history.csv
synthetic,42,B,cnn1d,behavior_contrastive_blocks,held_out,validation,3400,512,100,0.01,0.6374621604287005,0.6357984794650753,0.43209540713253425,0.5418645945168965,0.4542877332410281,0.0014452366239814047,0.7361145254081708,0.6740087041285358,0.03801626788601696,1.9904150488328634,2.012136565919927,0.5431695243288072,0.9985512829265206,-0.987163138333048,0.013058796741973744,0.9875895915659962,0.15754622609302785,1.4049492314300887,1.9935712540544412,0.0008408757338551859,0.010095924502814652,0.05559593213492642,0.14170620721746433,0.9999999401907401,1.0000000001035745,1.0000000596098908,1600,2000,6.7241584459940595,6.178795498609543,6.765491962432861,outputs/runs/clean_rebuild_2026-09-23_seed42_synthetic/stage04_embeddings/held_out/B_cnn1d_behavior_contrastive_blocks.npz,outputs/runs/clean_rebuild_2026-09-23_seed42_synthetic/stage03_models/held_out/B_cnn1d_behavior_contrastive_blocks/compute.json,outputs/runs/clean_rebuild_2026-09-23_seed42_synthetic/stage03_models/held_out/B_cnn1d_behavior_contrastive_blocks/training_history.csv
synthetic,42,B,cnn1d,behavior_contrastive_blocks,held_out,test,6800,512,100,0.01,0.6137685640717039,0.665633456890348,0.415716965043506,0.5068664565973958,0.4845160630821983,0.0013638166281061586,0.7119455432808016,0.6960718806863256,0.0369298880056,2.0044800823902342,2.0185258357401987,0.5105699593740866,0.9986262184223429,-0.9870666300780939,0.012516637953648324,0.9877132957140184,0.15675901857852287,1.4053351396185914,1.9935228523529624,0.0008943860078277886,0.0117097352982995,0.053771681125440826,0.14095439725280734,0.9999999412540655,0.9999999996767438,1.0000000593429632,1600,2000,6.7241584459940595,6.178795498609543,6.765491962432861,outputs/runs/clean_rebuild_2026-09-23_seed42_synthetic/stage04_embeddings/held_out/B_cnn1d_behavior_contrastive_blocks.npz,outputs/runs/clean_rebuild_2026-09-23_seed42_synthetic/stage03_models/held_out/B_cnn1d_behavior_contrastive_blocks/compute.json,outputs/runs/clean_rebuild_2026-09-23_seed42_synthetic/stage03_models/held_out/B_cnn1d_behavior_contrastive_blocks/training_history.csv
synthetic,42,B,transformer,soft,held_out,validation,3400,512,100,0.01,0.12603006642753045,0.09712664739388159,0.0855273834758025,0.01721924287930874,0.015364066926177382,5.838729558136528e-05,0.13122211276804202,0.12395187342746128,0.007641158000026258,2.0006756339080027,2.0205940980383654,0.5275229050129755,0.9982112665465714,0.920657411991676,0.9718352223213889,0.9988777370555515,0.04737667024552647,0.23733820928615984,0.39835315783256126,0.002889554794520548,2.8733063036397386,3.5149378799934103,4.434942421772562,0.999999940778595,0.9999999997120377,1.0000000569757057,400,2000,6.917269388834636,6.894109011888504,6.921878973642985,outputs/runs/clean_rebuild_2026-09-23_seed42_synthetic/stage04_embeddings/held_out/B_transformer_soft.npz,outputs/runs/clean_rebuild_2026-09-23_seed42_synthetic/stage03_models/held_out/B_transformer_soft/compute.json,outputs/runs/clean_rebuild_2026-09-23_seed42_synthetic/stage03_models/held_out/B_transformer_soft/training_history.csv
synthetic,42,B,transformer,soft,held_out,test,6800,512,100,0.01,0.12633974278413435,0.09832486795970796,0.08584038958609329,0.017038056769986123,0.0159121342147842,5.274513853649896e-05,0.1305299075690553,0.12614330824417203,0.0072625848385061195,2.0040578928437056,2.020497790207111,0.5162588172860707,0.9984018046655171,0.9226489291083758,0.9723134258292501,0.9988040298389689,0.04890837538508394,0.23531498124659456,0.39332202031623636,0.0027060909980430527,2.8593246735606446,3.465492459492025,4.493863471434155,0.9999999428237831,1.000000000259748,1.0000000573811894,400,2000,6.917269388834636,6.894109011888504,6.921878973642985,outputs/runs/clean_rebuild_2026-09-23_seed42_synthetic/stage04_embeddings/held_out/B_transformer_soft.npz,outputs/runs/clean_rebuild_2026-09-23_seed42_synthetic/stage03_models/held_out/B_transformer_soft/compute.json,outputs/runs/clean_rebuild_2026-09-23_seed42_synthetic/stage03_models/held_out/B_transformer_soft/training_history.csv
synthetic,42,B,transformer,infonce,held_out,validation,3400,512,100,0.01,0.43909384724878986,0.44289201536896255,0.36524627045108743,0.27086002990139535,0.24159726581737545,0.010057967288691249,0.5204421484674309,0.49152544778208124,0.10028941763063164,2.0709299187123866,2.166920781697859,0.5183772591491308,0.9807508641359104,-0.14868497105562822,0.5157906933329841,0.9835913675436581,0.1811552819479113,0.9840827060578223,1.5157077253750093,0.0002828400195694716,1.0956611013855586,2.3628459199763334,3.3369576689078104,0.999999940770156,0.9999999998028386,1.0000000608170123,400,2000,8.143439292907715,4.892162964344025,11.413003285725912,outputs/runs/clean_rebuild_2026-09-23_seed42_synthetic/stage04_embeddings/held_out/B_transformer_infonce.npz,outputs/runs/clean_rebuild_2026-09-23_seed42_synthetic/stage03_models/held_out/B_transformer_infonce/compute.json,outputs/runs/clean_rebuild_2026-09-23_seed42_synthetic/stage03_models/held_out/B_transformer_infonce/training_history.csv
synthetic,42,B,transformer,infonce,held_out,test,6800,512,100,0.01,0.45474741019094617,0.41937458122958543,0.3683611857688504,0.2724378470275011,0.23536898234740108,0.010629620917448854,0.5219557902998118,0.485148412702135,0.10310005294590713,2.071750688686806,2.1734473752165067,0.5254990208999983,0.9794967716651584,-0.15569515209405566,0.5135849419260208,0.9859164464326773,0.16783050487562937,0.986321490769492,1.5203256605413187,0.0003210616438356164,1.065412598320928,2.2114926866596996,3.406380553352567,0.999999940449355,1.0000000001324807,1.0000000573175405,400,2000,8.143439292907715,4.892162964344025,11.413003285725912,outputs/runs/clean_rebuild_2026-09-23_seed42_synthetic/stage04_embeddings/held_out/B_transformer_infonce.npz,outputs/runs/clean_rebuild_2026-09-23_seed42_synthetic/stage03_models/held_out/B_transformer_infonce/compute.json,outputs/runs/clean_rebuild_2026-09-23_seed42_synthetic/stage03_models/held_out/B_transformer_infonce/training_history.csv
synthetic,42,B,transformer,time_contrastive_blocks,held_out,validation,3400,512,100,0.01,0.5394114436209116,0.4941155914259195,0.6698985965605642,0.47097826691280337,0.3387143747458222,0.17447587254227578,0.6862785636407445,0.5819917308225455,0.4177030913726588,2.6392769013843025,2.791240744042422,0.4785544956142146,0.822717481788226,-0.8963160847949603,-0.026414156462689853,0.9598981316127229,0.28320238865679137,1.4327694171748417,1.947468125883854,0.00011466487279843444,1.229032019462524,2.2700682597405293,3.73001141749929,0.999999940722929,0.9999999984895136,1.0000000591818787,400,2000,6.2851277987162275,6.135502002239227,6.314038912455241,outputs/runs/clean_rebuild_2026-09-23_seed42_synthetic/stage04_embeddings/held_out/B_transformer_time_contrastive_blocks.npz,outputs/runs/clean_rebuild_2026-09-23_seed42_synthetic/stage03_models/held_out/B_transformer_time_contrastive_blocks/compute.json,outputs/runs/clean_rebuild_2026-09-23_seed42_synthetic/stage03_models/held_out/B_transformer_time_contrastive_blocks/training_history.csv
synthetic,42,B,transformer,time_contrastive_blocks,held_out,test,6800,512,100,0.01,0.5817462162541928,0.5028254081854101,0.6334043335651589,0.44927631364055426,0.37459647076152164,0.16873628854243297,0.6702807722444037,0.6120428667679427,0.41077522873517214,2.6582750119859853,2.7948467948591884,0.4526216069210469,0.8300073078700682,-0.8872215692755889,-0.054139523574353865,0.9562644614576805,0.29575515962503074,1.451991455862249,1.9427926228525587,9.937622309197651e-05,1.3019399252316355,2.2534734330100843,3.786367281149546,0.9999999398448692,1.0000000005407774,1.0000000610264022,400,2000,6.2851277987162275,6.135502002239227,6.314038912455241,outputs/runs/clean_rebuild_2026-09-23_seed42_synthetic/stage04_embeddings/held_out/B_transformer_time_contrastive_blocks.npz,outputs/runs/clean_rebuild_2026-09-23_seed42_synthetic/stage03_models/held_out/B_transformer_time_contrastive_blocks/compute.json,outputs/runs/clean_rebuild_2026-09-23_seed42_synthetic/stage03_models/held_out/B_transformer_time_contrastive_blocks/training_history.csv
synthetic,42,B,transformer,behavior_contrastive_blocks,held_out,validation,3400,512,100,0.01,0.0004929732285992355,0.0017739019866770218,0.0011966932457825805,4.199591365613875e-06,6.236434615830817e-07,9.360988748439782e-12,0.0020492904541850273,0.0007897109987730206,3.0595732951573136e-06,1.2905986541629528,1.4697322898304919,0.8706984763285599,0.9999980591924474,0.9999830895471404,0.9999974309615953,0.9999998651698321,0.000512238499305213,0.002268853545659014,0.005816702861120053,0.9995031188845401,5.358958010758276,5.360129582062072,5.36151424807986,0.9999999417697518,0.9999999987588453,1.0000000565692253,2000,2000,6.931469440460205,6.9314697337150575,6.931469440460205,outputs/runs/clean_rebuild_2026-09-23_seed42_synthetic/stage04_embeddings/held_out/B_transformer_behavior_contrastive_blocks.npz,outputs/runs/clean_rebuild_2026-09-23_seed42_synthetic/stage03_models/held_out/B_transformer_behavior_contrastive_blocks/compute.json,outputs/runs/clean_rebuild_2026-09-23_seed42_synthetic/stage03_models/held_out/B_transformer_behavior_contrastive_blocks/training_history.csv
synthetic,42,B,transformer,behavior_contrastive_blocks,held_out,test,6800,512,100,0.01,0.0005204065343442161,0.0017526364082916742,0.0011007477140219713,3.920395225574305e-06,6.344702014324016e-07,7.277796881025316e-12,0.0019799987943365785,0.0007965363779717794,2.697739216645174e-06,1.3154196080671015,1.4973606713594914,0.8607035760713665,0.9999984021953296,0.9999835050206249,0.9999974505169784,0.9999998754294115,0.0004965380574271448,0.002257651734099014,0.005741938529166002,0.9995872064579256,5.358998329634614,5.36024041882461,5.3617058620788685,0.9999999413748009,1.0000000000521125,1.0000000568381706,2000,2000,6.931469440460205,6.9314697337150575,6.931469440460205,outputs/runs/clean_rebuild_2026-09-23_seed42_synthetic/stage04_embeddings/held_out/B_transformer_behavior_contrastive_blocks.npz,outputs/runs/clean_rebuild_2026-09-23_seed42_synthetic/stage03_models/held_out/B_transformer_behavior_contrastive_blocks/compute.json,outputs/runs/clean_rebuild_2026-09-23_seed42_synthetic/stage03_models/held_out/B_transformer_behavior_contrastive_blocks/training_history.csv
synthetic,123,A,cnn1d,soft,held_out,validation,3600,512,100,0.01,0.10467695386262588,0.11679156922655635,0.05908600047321881,0.017748233210622574,0.01025842564935087,8.983648634823137e-05,0.13322249513735498,0.10128388642499295,0.009478211136508374,1.878467386541042,1.9668067081597964,0.6316885074759379,0.9968025732305437,0.926424052712829,0.9790767911653369,0.998678600710901,0.05140922713413082,0.2045640135424476,0.3836037134047392,0.0022244985322896283,0.14265976744281972,0.23835416473729482,0.406951093836247,0.99999994023977,0.9999999996057061,1.0000000620286167,400,2000,6.908169746398926,6.887468239068985,6.910955746968587,outputs/runs/v2_corrected_2026-09-23_seed123_synthetic/stage04_embeddings/held_out/A_cnn1d_soft.npz,outputs/runs/v2_corrected_2026-09-23_seed123_synthetic/stage03_models/held_out/A_cnn1d_soft/compute.json,outputs/runs/v2_corrected_2026-09-23_seed123_synthetic/stage03_models/held_out/A_cnn1d_soft/training_history.csv
synthetic,123,A,cnn1d,soft,held_out,test,7200,512,100,0.01,0.10503488232005256,0.11652351161014071,0.06200464814921501,0.016269892828039867,0.012095551991288781,9.3139415868975e-05,0.12755349006608901,0.10997977992016887,0.009650876430095611,1.970439636301538,2.0178672115547998,0.5717042244117414,0.996727194329162,0.9272437785966018,0.9780265318279828,0.998798503963406,0.04902071460639561,0.20963557483811474,0.3814609250286559,0.0021939212328767124,0.1386144430198075,0.23357163424586547,0.3949871489829224,0.9999999379673795,1.0000000004348062,1.000000059258372,400,2000,6.908169746398926,6.887468239068985,6.910955746968587,outputs/runs/v2_corrected_2026-09-23_seed123_synthetic/stage04_embeddings/held_out/A_cnn1d_soft.npz,outputs/runs/v2_corrected_2026-09-23_seed123_synthetic/stage03_models/held_out/A_cnn1d_soft/compute.json,outputs/runs/v2_corrected_2026-09-23_seed123_synthetic/stage03_models/held_out/A_cnn1d_soft/training_history.csv
synthetic,123,A,cnn1d,infonce,held_out,validation,3600,512,100,0.01,0.5302700443464561,0.36139424808649273,0.36400482112303606,0.38321864488760393,0.13156547108101016,0.029658750442952093,0.6190465611628934,0.36271954879908275,0.17221716070982035,1.795976111806205,2.114675962351785,0.7038730205308882,0.9455245861913235,-0.3916600907680635,0.544768023649441,0.9793685269998906,0.2031328193600029,0.9541823502973941,1.6683285582067837,0.00012995352250489236,0.054885916033957066,0.12852335074743468,0.2800683980362149,0.9999999408779147,1.0000000006076832,1.000000058274397,400,2400,7.559566338857015,4.9669611096382145,9.952726682027182,outputs/runs/v2_corrected_2026-09-23_seed123_synthetic/stage04_embeddings/held_out/A_cnn1d_infonce.npz,outputs/runs/v2_corrected_2026-09-23_seed123_synthetic/stage03_models/held_out/A_cnn1d_infonce/compute.json,outputs/runs/v2_corrected_2026-09-23_seed123_synthetic/stage03_models/held_out/A_cnn1d_infonce/training_history.csv
synthetic,123,A,cnn1d,infonce,held_out,test,7200,512,100,0.01,0.5331429291781973,0.3583925321052355,0.34686737287114994,0.3773998657619865,0.12422628784815685,0.03145144930986153,0.614328792880479,0.35245749793153336,0.17734556467490675,1.7889084790194878,2.1189435279700524,0.7079642132678761,0.9410002424833046,-0.40954285650849226,0.5708801416393419,0.9769341473862161,0.21478300776388204,0.9264123140877636,1.6790133252539583,0.00011466487279843444,0.05574526752505115,0.12388882045566954,0.2779015161110811,0.9999999403662928,1.0000000000013964,1.0000000599587708,400,2400,7.559566338857015,4.9669611096382145,9.952726682027182,outputs/runs/v2_corrected_2026-09-23_seed123_synthetic/stage04_embeddings/held_out/A_cnn1d_infonce.npz,outputs/runs/v2_corrected_2026-09-23_seed123_synthetic/stage03_models/held_out/A_cnn1d_infonce/compute.json,outputs/runs/v2_corrected_2026-09-23_seed123_synthetic/stage03_models/held_out/A_cnn1d_infonce/training_history.csv
synthetic,123,A,cnn1d,time_contrastive_blocks,held_out,validation,3600,512,100,0.01,0.5384188154811639,0.5990584756141089,0.5849692084673215,0.3698555285465677,0.33737300655452535,0.28400165954376533,0.6081574866320135,0.5808381930921256,0.5329180608158869,2.965965884888026,2.982610314176524,0.3731277866077122,0.7134856655113109,-0.875493021719574,-0.03563916559364999,0.9290647154702121,0.3766569746264621,1.4391936827905591,1.9367462672286624,8.408757338551859e-05,0.047948603711094044,0.10901732938870168,0.24679265181101323,0.9999999422224768,1.0000000011288248,1.0000000596686482,400,2000,6.2161970138549805,6.116720348596573,6.224825859069824,outputs/runs/v2_corrected_2026-09-23_seed123_synthetic/stage04_embeddings/held_out/A_cnn1d_time_contrastive_blocks.npz,outputs/runs/v2_corrected_2026-09-23_seed123_synthetic/stage03_models/held_out/A_cnn1d_time_contrastive_blocks/compute.json,outputs/runs/v2_corrected_2026-09-23_seed123_synthetic/stage03_models/held_out/A_cnn1d_time_contrastive_blocks/training_history.csv
synthetic,123,A,cnn1d,time_contrastive_blocks,held_out,test,7200,512,100,0.01,0.5648482615051302,0.5850506703000087,0.5777214147447551,0.37779993855100774,0.3251099244067702,0.29232824295547094,0.614654324438548,0.5701841144812526,0.5406738785584809,2.966586444331449,2.9832703481105045,0.3796075896876271,0.7062730604680524,-0.8650252020448083,-0.04472313115801452,0.9353518201180584,0.35957803292764995,1.4454917135494738,1.931333844092573,9.937622309197651e-05,0.043998997480610785,0.10246802437957897,0.24083315290004023,0.9999999420526307,1.0000000001742626,1.0000000585877524,400,2000,6.2161970138549805,6.116720348596573,6.224825859069824,outputs/runs/v2_corrected_2026-09-23_seed123_synthetic/stage04_embeddings/held_out/A_cnn1d_time_contrastive_blocks.npz,outputs/runs/v2_corrected_2026-09-23_seed123_synthetic/stage03_models/held_out/A_cnn1d_time_contrastive_blocks/compute.json,outputs/runs/v2_corrected_2026-09-23_seed123_synthetic/stage03_models/held_out/A_cnn1d_time_contrastive_blocks/training_history.csv
synthetic,123,A,cnn1d,behavior_contrastive_blocks,held_out,validation,3600,512,100,0.01,0.6715178550611101,0.6044639940285832,0.4025254690847254,0.538731281508808,0.438910994323645,0.0009692637110483682,0.7339831615975996,0.6625035806119428,0.03113300035409964,1.983287932484427,2.003880292180714,0.5505057520168964,0.9990095521339342,-0.9863583498251929,0.01791270709597151,0.9897134365377802,0.14343332953249185,1.4014901344998543,1.9931675271003573,0.0011160714285714285,0.013672531248490303,0.07539713358299002,0.1774710710448863,0.9999999410376152,0.9999999999606018,1.0000000586315227,1600,2800,6.666950702667236,6.174866718053818,6.667675971984863,outputs/runs/v2_corrected_2026-09-23_seed123_synthetic/stage04_embeddings/held_out/A_cnn1d_behavior_contrastive_blocks.npz,outputs/runs/v2_corrected_2026-09-23_seed123_synthetic/stage03_models/held_out/A_cnn1d_behavior_contrastive_blocks/compute.json,outputs/runs/v2_corrected_2026-09-23_seed123_synthetic/stage03_models/held_out/A_cnn1d_behavior_contrastive_blocks/training_history.csv
synthetic,123,A,cnn1d,behavior_contrastive_blocks,held_out,test,7200,512,100,0.01,0.6842886148647802,0.6013191612736378,0.37867574453298064,0.5083092460870805,0.46411223470595336,0.0009446705962126863,0.7129580956038584,0.6812578327666797,0.030735494077900983,1.9997529815137007,2.012032573574262,0.5222179190858354,0.999029480740763,-0.9849299980653273,0.055742476112124795,0.9883339239981663,0.15274868183308551,1.3742325258915653,1.992450754256934,0.001009050880626223,0.014150852983464992,0.07384663926928367,0.1714215707948994,0.9999999417539105,1.000000000087856,1.0000000581191164,1600,2800,6.666950702667236,6.174866718053818,6.667675971984863,outputs/runs/v2_corrected_2026-09-23_seed123_synthetic/stage04_embeddings/held_out/A_cnn1d_behavior_contrastive_blocks.npz,outputs/runs/v2_corrected_2026-09-23_seed123_synthetic/stage03_models/held_out/A_cnn1d_behavior_contrastive_blocks/compute.json,outputs/runs/v2_corrected_2026-09-23_seed123_synthetic/stage03_models/held_out/A_cnn1d_behavior_contrastive_blocks/training_history.csv
synthetic,123,A,transformer,soft,held_out,validation,3600,512,100,0.01,0.11864059234292111,0.11650093936896493,0.0692849878181435,0.018536825680338872,0.013840954840872074,7.970400900483223e-05,0.13615001167953997,0.11764758748428322,0.008927710177018083,1.9684295193200898,2.0099822358602584,0.5711109763630114,0.997544356558789,0.9188240294809644,0.9727763201094055,0.9987032219099885,0.050927132643231766,0.23333947481795503,0.4029292728003836,0.0022932974559686887,3.008595706023138,3.5686724817835795,3.9953160156214658,0.9999999454113943,0.9999999995592604,1.0000000546293617,400,2000,6.902408917744954,6.88974716424942,6.909753481547038,outputs/runs/v2_corrected_2026-09-23_seed123_synthetic/stage04_embeddings/held_out/A_transformer_soft.npz,outputs/runs/v2_corrected_2026-09-23_seed123_synthetic/stage03_models/held_out/A_transformer_soft/compute.json,outputs/runs/v2_corrected_2026-09-23_seed123_synthetic/stage03_models/held_out/A_transformer_soft/training_history.csv
synthetic,123,A,transformer,soft,held_out,test,7200,512,100,0.01,0.11499400078987473,0.10963335461624202,0.06724200769978127,0.0174646671790376,0.01223871507060125,6.533255565393126e-05,0.13215395256683624,0.11062872624504563,0.00808285566207459,1.9484753965269992,1.9971668380665728,0.5866785749155835,0.997805328309225,0.9245518521237369,0.9747925013738238,0.9988003852993557,0.04898084386147269,0.22453259039723866,0.3884538004058429,0.0024232509784735813,3.0080013453744843,3.537582973224267,3.9634170070990744,0.9999999469661925,0.9999999999775779,1.000000053847405,400,2000,6.902408917744954,6.88974716424942,6.909753481547038,outputs/runs/v2_corrected_2026-09-23_seed123_synthetic/stage04_embeddings/held_out/A_transformer_soft.npz,outputs/runs/v2_corrected_2026-09-23_seed123_synthetic/stage03_models/held_out/A_transformer_soft/compute.json,outputs/runs/v2_corrected_2026-09-23_seed123_synthetic/stage03_models/held_out/A_transformer_soft/training_history.csv
synthetic,123,A,transformer,infonce,held_out,validation,3600,512,100,0.01,0.1992025954843834,0.4806263260592522,0.46649859769541363,0.26337907387792536,0.2143051824929392,0.010755702396176393,0.5132047095243041,0.4629310774758368,0.10370970251705668,2.067166318259028,2.17823632546729,0.539225075980204,0.977979478944911,-0.11007007286149974,0.5284515605783131,0.9877924858480293,0.15625264526225927,0.9711317493743887,1.490013486677567,0.0005045254403131115,1.561371240219389,3.121010335486022,3.940333087389457,0.9999999447274172,0.9999999997654059,1.0000000554832178,400,2000,7.552208423614502,4.8739965736865996,10.757414182027182,outputs/runs/v2_corrected_2026-09-23_seed123_synthetic/stage04_embeddings/held_out/A_transformer_infonce.npz,outputs/runs/v2_corrected_2026-09-23_seed123_synthetic/stage03_models/held_out/A_transformer_infonce/compute.json,outputs/runs/v2_corrected_2026-09-23_seed123_synthetic/stage03_models/held_out/A_transformer_infonce/training_history.csv
synthetic,123,A,transformer,infonce,held_out,test,7200,512,100,0.01,0.19785728412781323,0.5015056038434585,0.4589021613124926,0.28875685572581117,0.2010466338405292,0.011512706909273605,0.5373610106118708,0.4483822407729026,0.10729728286062795,2.0278562432850897,2.161587922206033,0.5759974597985235,0.9770350389829592,-0.1321679684719792,0.5369648229058628,0.9858226327350486,0.1683884928790778,0.9623254675591986,1.5047710684924211,0.0003822162426614481,1.5310074855612454,3.0664255575545485,3.9264545202683974,0.9999999423657608,0.9999999989261994,1.0000000555235422,400,2000,7.552208423614502,4.8739965736865996,10.757414182027182,outputs/runs/v2_corrected_2026-09-23_seed123_synthetic/stage04_embeddings/held_out/A_transformer_infonce.npz,outputs/runs/v2_corrected_2026-09-23_seed123_synthetic/stage03_models/held_out/A_transformer_infonce/compute.json,outputs/runs/v2_corrected_2026-09-23_seed123_synthetic/stage03_models/held_out/A_transformer_infonce/training_history.csv
synthetic,123,A,transformer,time_contrastive_blocks,held_out,validation,3600,512,100,0.01,0.4846338042212345,0.6458364140588069,0.5870292622940474,0.4199472470977036,0.34496902112904315,0.23193858860792965,0.6480333688149891,0.5873406346653048,0.48160002970092275,2.8460715278731072,2.9173130745890394,0.42127220850502395,0.7673296297673599,-0.8913660820319675,-0.04334367849972065,0.9662632187835347,0.2597564672689312,1.4445370854844897,1.9449247131400251,0.00015288649706457925,1.2337201747979765,1.9865096375094446,3.5556650804608667,0.9999999427149122,1.0000000004911724,1.0000000583758348,400,2000,6.227509180704753,6.128314973115921,6.325334866841634,outputs/runs/v2_corrected_2026-09-23_seed123_synthetic/stage04_embeddings/held_out/A_transformer_time_contrastive_blocks.npz,outputs/runs/v2_corrected_2026-09-23_seed123_synthetic/stage03_models/held_out/A_transformer_time_contrastive_blocks/compute.json,outputs/runs/v2_corrected_2026-09-23_seed123_synthetic/stage03_models/held_out/A_transformer_time_contrastive_blocks/training_history.csv
synthetic,123,A,transformer,time_contrastive_blocks,held_out,test,7200,512,100,0.01,0.4807202551737959,0.646923226604936,0.5891662951694373,0.43203736789253006,0.3354465766112298,0.22937305607641287,0.6572954951104792,0.5791775000906283,0.4789290720726952,2.8247428174950153,2.906459590512184,0.43339954240285566,0.7699037515481988,-0.9015099257706105,-0.04315723439196306,0.9588957816088681,0.2867201166366159,1.4444079842167064,1.9501333104210912,0.00010702054794520547,1.248538219743703,1.8984492552545578,3.4851918297357827,0.9999999412885452,1.0000000007171574,1.000000056655746,400,2000,6.227509180704753,6.128314973115921,6.325334866841634,outputs/runs/v2_corrected_2026-09-23_seed123_synthetic/stage04_embeddings/held_out/A_transformer_time_contrastive_blocks.npz,outputs/runs/v2_corrected_2026-09-23_seed123_synthetic/stage03_models/held_out/A_transformer_time_contrastive_blocks/compute.json,outputs/runs/v2_corrected_2026-09-23_seed123_synthetic/stage03_models/held_out/A_transformer_time_contrastive_blocks/training_history.csv
synthetic,123,A,transformer,behavior_contrastive_blocks,held_out,validation,3600,512,100,0.01,0.08017749437447565,0.6541698677276064,0.749614284442028,0.5653945923045919,0.43041361495122266,0.0007568382543952726,0.7519272520028729,0.656059155070046,0.027510693455368815,1.9668999893342884,1.9929717078975984,0.567343391032873,0.999240553079997,-0.9881234294061896,0.00016001135973681135,0.9886746203738095,0.1505018439170081,1.414100426202722,1.9940528439492584,0.001200159001956947,0.6733438269370317,2.443169481237594,3.888294810369348,0.9999999400529059,0.9999999984105312,1.000000060248252,800,2000,6.670425256093343,6.167485930919647,6.675739924112956,outputs/runs/v2_corrected_2026-09-23_seed123_synthetic/stage04_embeddings/held_out/A_transformer_behavior_contrastive_blocks.npz,outputs/runs/v2_corrected_2026-09-23_seed123_synthetic/stage03_models/held_out/A_transformer_behavior_contrastive_blocks/compute.json,outputs/runs/v2_corrected_2026-09-23_seed123_synthetic/stage03_models/held_out/A_transformer_behavior_contrastive_blocks/training_history.csv
synthetic,123,A,transformer,behavior_contrastive_blocks,held_out,test,7200,512,100,0.01,0.0806371832198773,0.6869347517793547,0.7168790251545106,0.515967517613359,0.4757449746828885,0.0007225911360658051,0.718308789876164,0.6897426872993208,0.026881055337650065,1.9996240637030172,2.0093449527705376,0.5199005216833907,0.9992719008546467,-0.987476274501678,0.027747537398380692,0.9885052743054322,0.1516224938007032,1.3944550709409462,1.9937283336679215,0.001200159001956947,0.5886671056929932,2.3120876000694817,3.7172913824541776,0.9999999409165322,1.0000000001622038,1.0000000571734753,800,2000,6.670425256093343,6.167485930919647,6.675739924112956,outputs/runs/v2_corrected_2026-09-23_seed123_synthetic/stage04_embeddings/held_out/A_transformer_behavior_contrastive_blocks.npz,outputs/runs/v2_corrected_2026-09-23_seed123_synthetic/stage03_models/held_out/A_transformer_behavior_contrastive_blocks/compute.json,outputs/runs/v2_corrected_2026-09-23_seed123_synthetic/stage03_models/held_out/A_transformer_behavior_contrastive_blocks/training_history.csv
synthetic,123,B,cnn1d,soft,held_out,validation,3400,512,100,0.01,0.07764726720097137,0.1197688085460584,0.07875985907446216,0.015187204056857832,0.011284226707632135,0.00011316924126229539,0.12323637473107456,0.10622724089249487,0.010638103273718271,1.974149178086308,2.0275358172050684,0.571278260856725,0.9957430526982611,0.9206568827453518,0.9798660421780214,0.9986028627965742,0.05286091225203483,0.20066858749504693,0.39835440133813405,0.002316230430528376,0.1166162622129782,0.16732399197487086,0.26955320380631603,0.999999941439733,0.999999999820786,1.0000000604325598,400,2000,6.914024353027344,6.893590757846832,6.915073712666829,outputs/runs/v2_corrected_2026-09-23_seed123_synthetic/stage04_embeddings/held_out/B_cnn1d_soft.npz,outputs/runs/v2_corrected_2026-09-23_seed123_synthetic/stage03_models/held_out/B_cnn1d_soft/compute.json,outputs/runs/v2_corrected_2026-09-23_seed123_synthetic/stage03_models/held_out/B_cnn1d_soft/training_history.csv
synthetic,123,B,cnn1d,soft,held_out,test,6800,512,100,0.01,0.07616076496791901,0.11481531463775299,0.07747920816114386,0.014506077913406384,0.010390096520168987,9.354681857497388e-05,0.12044118030560139,0.10193182290221728,0.00967196043080067,1.9613927236848638,2.0168325745079456,0.5804817815708188,0.9962565881535423,0.930788740894092,0.9814552089713564,0.9986829849111929,0.05132201554312319,0.1925865767283622,0.3720517110315076,0.0019034368884540116,0.1159534440332621,0.16369949662574074,0.26119444958757915,0.9999999391665836,1.0000000007498202,1.0000000621580358,400,2000,6.914024353027344,6.893590757846832,6.915073712666829,outputs/runs/v2_corrected_2026-09-23_seed123_synthetic/stage04_embeddings/held_out/B_cnn1d_soft.npz,outputs/runs/v2_corrected_2026-09-23_seed123_synthetic/stage03_models/held_out/B_cnn1d_soft/compute.json,outputs/runs/v2_corrected_2026-09-23_seed123_synthetic/stage03_models/held_out/B_cnn1d_soft/training_history.csv
synthetic,123,B,cnn1d,infonce,held_out,validation,3400,512,100,0.01,0.5524778824396555,0.6564536966536667,0.5078223077693655,0.5381729636898123,0.4459028112149002,0.010263440509177373,0.7336027287911436,0.6677595459556532,0.10130863985454237,2.0237038919614547,2.0940734665060696,0.5412367885599281,0.9896781296059964,-0.9805760187516306,0.01306756855962865,0.9818423991742469,0.1905656136264791,1.4049430375518346,1.9902643005545828,0.00022932974559686887,0.012587952017520162,0.05566871774423851,0.15035986195525045,0.999999942092465,1.0000000003656317,1.0000000579193833,400,2400,10.085740725199381,4.970300635099411,10.47866153717041,outputs/runs/v2_corrected_2026-09-23_seed123_synthetic/stage04_embeddings/held_out/B_cnn1d_infonce.npz,outputs/runs/v2_corrected_2026-09-23_seed123_synthetic/stage03_models/held_out/B_cnn1d_infonce/compute.json,outputs/runs/v2_corrected_2026-09-23_seed123_synthetic/stage03_models/held_out/B_cnn1d_infonce/training_history.csv
synthetic,123,B,cnn1d,infonce,held_out,test,6800,512,100,0.01,0.5536904551646405,0.6741593225649086,0.4780502437366172,0.49995598494720295,0.4776607722079058,0.01212474094344204,0.7070756571592626,0.691130068950777,0.11011240140620873,2.048221633652417,2.1180645717969955,0.5051379435011031,0.9877495881836462,-0.9793552307786217,0.01803442902017638,0.981149912287618,0.19416516935373926,1.4014032758201211,1.9896508471616872,0.0002446183953033268,0.013049796780206097,0.055299674054925516,0.1479702058956636,0.9999999429292218,0.9999999993599347,1.0000000567063487,400,2400,10.085740725199381,4.970300635099411,10.47866153717041,outputs/runs/v2_corrected_2026-09-23_seed123_synthetic/stage04_embeddings/held_out/B_cnn1d_infonce.npz,outputs/runs/v2_corrected_2026-09-23_seed123_synthetic/stage03_models/held_out/B_cnn1d_infonce/compute.json,outputs/runs/v2_corrected_2026-09-23_seed123_synthetic/stage03_models/held_out/B_cnn1d_infonce/training_history.csv
synthetic,123,B,cnn1d,time_contrastive_blocks,held_out,validation,3400,512,100,0.01,0.5409719797700636,0.61129474036602,0.5745323659468881,0.38393048672675417,0.33401038210003475,0.2787716639341717,0.6196212445734525,0.5779363131868724,0.5279883179902485,2.950689822513913,2.97486532433855,0.38519680861566064,0.7203088606080275,-0.8834291014922139,-0.02568323670329531,0.9314062880807079,0.37038837224921173,1.4322592410971822,1.9408395563760177,9.173189823874755e-05,0.03480969892059045,0.09741082379869605,0.2456978991273982,0.9999999407949037,0.9999999988034065,1.0000000567234562,400,2000,6.25465710957845,6.12109149813652,6.283613522847493,outputs/runs/v2_corrected_2026-09-23_seed123_synthetic/stage04_embeddings/held_out/B_cnn1d_time_contrastive_blocks.npz,outputs/runs/v2_corrected_2026-09-23_seed123_synthetic/stage03_models/held_out/B_cnn1d_time_contrastive_blocks/compute.json,outputs/runs/v2_corrected_2026-09-23_seed123_synthetic/stage03_models/held_out/B_cnn1d_time_contrastive_blocks/training_history.csv
synthetic,123,B,cnn1d,time_contrastive_blocks,held_out,test,6800,512,100,0.01,0.5453491267634091,0.591203090370319,0.5935143147439056,0.3931946492483497,0.31308923250315907,0.29304908490983933,0.6270523496872886,0.5595437717490555,0.541340082489593,2.9502292846667566,2.9753489725509206,0.39345709825021186,0.7067553111062861,-0.8851803072050284,-0.02692726696772177,0.9242856848281847,0.3891384491381814,1.433127496949512,1.9417416548142332,6.879892367906066e-05,0.0403528841799986,0.09092935220822543,0.22969105926296457,0.9999999420768446,0.9999999990074937,1.000000058415384,400,2000,6.25465710957845,6.12109149813652,6.283613522847493,outputs/runs/v2_corrected_2026-09-23_seed123_synthetic/stage04_embeddings/held_out/B_cnn1d_time_contrastive_blocks.npz,outputs/runs/v2_corrected_2026-09-23_seed123_synthetic/stage03_models/held_out/B_cnn1d_time_contrastive_blocks/compute.json,outputs/runs/v2_corrected_2026-09-23_seed123_synthetic/stage03_models/held_out/B_cnn1d_time_contrastive_blocks/training_history.csv
synthetic,123,B,cnn1d,behavior_contrastive_blocks,held_out,validation,3400,512,100,0.01,0.2519408178256348,0.646102893246808,0.7014360076225099,0.5267137313554566,0.44356951306285725,0.002938594436948347,0.7257504608027863,0.666010144864819,0.054208804053846704,1.9974291766309737,2.029775497375448,0.5412062392424279,0.9969805502511075,-0.9847366292403816,0.08810887496865458,0.9889198657815769,0.14886352439682243,1.3504747914112207,1.992353701930171,0.0006803449119373777,0.01018217772943398,0.05384423538777636,0.14188188925386028,0.9999999395209415,0.9999999982508629,1.0000000557595103,800,2000,6.698728243509929,6.177402495145798,6.7266316413879395,outputs/runs/v2_corrected_2026-09-23_seed123_synthetic/stage04_embeddings/held_out/B_cnn1d_behavior_contrastive_blocks.npz,outputs/runs/v2_corrected_2026-09-23_seed123_synthetic/stage03_models/held_out/B_cnn1d_behavior_contrastive_blocks/compute.json,outputs/runs/v2_corrected_2026-09-23_seed123_synthetic/stage03_models/held_out/B_cnn1d_behavior_contrastive_blocks/training_history.csv
synthetic,123,B,cnn1d,behavior_contrastive_blocks,held_out,test,6800,512,100,0.01,0.25759200890770917,0.652298404754644,0.7013561248158914,0.5042800773141811,0.4768253405147408,0.0027865378798916764,0.7101268036866241,0.6905254090290529,0.0527876678769926,2.0097707174245394,2.0344738032195466,0.5125360303925736,0.9971678415869513,-0.9851625462321153,0.03677718239881744,0.9865803733040237,0.16382715016883245,1.387964574003684,1.992567449260071,0.0005121697651663405,0.010387411244990463,0.05125613353025421,0.1387526510431016,0.9999999414411882,0.9999999997701886,1.0000000577844772,800,2000,6.698728243509929,6.177402495145798,6.7266316413879395,outputs/runs/v2_corrected_2026-09-23_seed123_synthetic/stage04_embeddings/held_out/B_cnn1d_behavior_contrastive_blocks.npz,outputs/runs/v2_corrected_2026-09-23_seed123_synthetic/stage03_models/held_out/B_cnn1d_behavior_contrastive_blocks/compute.json,outputs/runs/v2_corrected_2026-09-23_seed123_synthetic/stage03_models/held_out/B_cnn1d_behavior_contrastive_blocks/training_history.csv
synthetic,123,B,transformer,soft,held_out,validation,3400,512,100,0.01,0.044748693806277495,0.12829640436659856,0.12010672452213196,0.016690314538473878,0.016152642805443075,5.4756700532440015e-05,0.12919100022243762,0.12709304782498165,0.007399777059644433,2.006125658570339,2.022172341878613,0.5073396442051546,0.9983355469483849,0.9210553871809022,0.9707613823768071,0.9988770400965596,0.04738910766308214,0.24182051765758047,0.3973526031138574,0.003225905088062622,2.410596992580425,2.9050350315733127,3.529134360411417,0.9999999408555933,1.000000000030501,1.0000000580549662,400,2000,6.915342013041179,6.894636667966843,6.917281945546468,outputs/runs/v2_corrected_2026-09-23_seed123_synthetic/stage04_embeddings/held_out/B_transformer_soft.npz,outputs/runs/v2_corrected_2026-09-23_seed123_synthetic/stage03_models/held_out/B_transformer_soft/compute.json,outputs/runs/v2_corrected_2026-09-23_seed123_synthetic/stage03_models/held_out/B_transformer_soft/training_history.csv
synthetic,123,B,transformer,soft,held_out,test,6800,512,100,0.01,0.04483860714311367,0.12425833347816666,0.12211203998044251,0.016868331457018774,0.01544405447155086,5.435832425262483e-05,0.12987814079751364,0.12427411022232611,0.007372809793601408,2.0028321183145565,2.0206545028879868,0.5211624414632905,0.9983205501354099,0.9200680523157985,0.9716867863589047,0.9987724923887237,0.04954805728794123,0.2379629507478893,0.39982972908684333,0.0030042196673189824,2.4083061343398637,2.8689751659216873,3.5563019587301645,0.9999999410716347,1.000000000402975,1.000000057819442,400,2000,6.915342013041179,6.894636667966843,6.917281945546468,outputs/runs/v2_corrected_2026-09-23_seed123_synthetic/stage04_embeddings/held_out/B_transformer_soft.npz,outputs/runs/v2_corrected_2026-09-23_seed123_synthetic/stage03_models/held_out/B_transformer_soft/compute.json,outputs/runs/v2_corrected_2026-09-23_seed123_synthetic/stage03_models/held_out/B_transformer_soft/training_history.csv
synthetic,123,B,transformer,infonce,held_out,validation,3400,512,100,0.01,0.5301242125742702,0.27137828554417864,0.45508378110692665,0.29597356294449795,0.25170213354322074,0.014268683720130744,0.5440345236696822,0.5016992461058923,0.11945159572031988,2.0890834482453062,2.204934595388363,0.5266954762231532,0.9746083701115523,-0.2676891813265503,0.4829507900642347,0.9848273606445848,0.17419898406105144,1.0169062351015152,1.592287155517274,0.00039750489236790604,0.9411739142362188,2.229901955103746,3.4215153135509873,0.999999941386649,1.0000000001908327,1.0000000576759591,400,2000,8.451790968577066,4.885691829919815,10.913897514343262,outputs/runs/v2_corrected_2026-09-23_seed123_synthetic/stage04_embeddings/held_out/B_transformer_infonce.npz,outputs/runs/v2_corrected_2026-09-23_seed123_synthetic/stage03_models/held_out/B_transformer_infonce/compute.json,outputs/runs/v2_corrected_2026-09-23_seed123_synthetic/stage03_models/held_out/B_transformer_infonce/training_history.csv
synthetic,123,B,transformer,infonce,held_out,test,6800,512,100,0.01,0.5487182593950113,0.26911689601177374,0.45086066512061607,0.3093729704629229,0.2531853429105353,0.014317492569393516,0.556213062111025,0.5031752606304639,0.11965572518435345,2.0796578752927912,2.197487988291597,0.5362904238240336,0.9751809792993609,-0.30074932727070014,0.449916761905087,0.9834472478672233,0.18194930050664654,1.0488882488111955,1.612916212497258,0.00029048434442270057,1.009609442120699,2.1639378088926344,3.471730435319215,0.9999999414562357,1.0000000000594738,1.000000057957287,400,2000,8.451790968577066,4.885691829919815,10.913897514343262,outputs/runs/v2_corrected_2026-09-23_seed123_synthetic/stage04_embeddings/held_out/B_transformer_infonce.npz,outputs/runs/v2_corrected_2026-09-23_seed123_synthetic/stage03_models/held_out/B_transformer_infonce/compute.json,outputs/runs/v2_corrected_2026-09-23_seed123_synthetic/stage03_models/held_out/B_transformer_infonce/training_history.csv
synthetic,123,B,transformer,time_contrastive_blocks,held_out,validation,3400,512,100,0.01,0.5424348100001514,0.5738514191244837,0.6085738174087201,0.4045449605665802,0.3202970519536336,0.2693534634804105,0.636038489846786,0.5659479233583542,0.5189927393330378,2.917444345270542,2.958248941651185,0.40690686120797254,0.729073939700525,-0.8792366557069765,-0.03411159403541908,0.9373833047146962,0.3538835523001232,1.4381318076504366,1.9386782776847846,6.11545988258317e-05,0.9285843877852775,1.8290857787545656,3.321884459974551,0.9999999429858546,0.9999999994753916,1.0000000581389445,400,2000,6.2252499262491865,6.135431605577469,6.292595227559407,outputs/runs/v2_corrected_2026-09-23_seed123_synthetic/stage04_embeddings/held_out/B_transformer_time_contrastive_blocks.npz,outputs/runs/v2_corrected_2026-09-23_seed123_synthetic/stage03_models/held_out/B_transformer_time_contrastive_blocks/compute.json,outputs/runs/v2_corrected_2026-09-23_seed123_synthetic/stage03_models/held_out/B_transformer_time_contrastive_blocks/training_history.csv
synthetic,123,B,transformer,time_contrastive_blocks,held_out,test,6800,512,100,0.01,0.5751052554622691,0.5503626961162071,0.5992389557092692,0.402548688249809,0.2997286855596766,0.2906011159092781,0.6344672475784775,0.5474748264164084,0.5390743139023395,2.9310575789281317,2.965968399792915,0.405436004927282,0.7073145214460312,-0.8837168164874571,-0.018109840294178947,0.9252197407870826,0.3867304984781085,1.4269617139036452,1.9409877724846905,6.11545988258317e-05,1.044526319334152,1.8182955047936245,3.2295764629915316,0.9999999417862858,1.0000000007975665,1.000000058054029,400,2000,6.2252499262491865,6.135431605577469,6.292595227559407,outputs/runs/v2_corrected_2026-09-23_seed123_synthetic/stage04_embeddings/held_out/B_transformer_time_contrastive_blocks.npz,outputs/runs/v2_corrected_2026-09-23_seed123_synthetic/stage03_models/held_out/B_transformer_time_contrastive_blocks/compute.json,outputs/runs/v2_corrected_2026-09-23_seed123_synthetic/stage03_models/held_out/B_transformer_time_contrastive_blocks/training_history.csv
synthetic,123,B,transformer,behavior_contrastive_blocks,held_out,validation,3400,512,100,0.01,0.611473623674196,0.718268443394625,0.3098902104251192,0.5595708475845402,0.4197280569978556,0.006832625846138551,0.7480446828796661,0.6478642272867484,0.08265969904456796,1.9872882820859212,2.0534874508855157,0.5674403771892097,0.993071283459348,-0.9756014156473627,0.03557926164869596,0.9875654106317954,0.15770019003819713,1.3888274107985406,1.9877632527326412,0.0008408757338551859,1.3566834757516384,3.6922885476246936,4.416647030363224,0.9999999415519203,0.999999999899156,1.0000000587077535,400,2000,6.757712205251058,6.12730378985405,6.803654034932454,outputs/runs/v2_corrected_2026-09-23_seed123_synthetic/stage04_embeddings/held_out/B_transformer_behavior_contrastive_blocks.npz,outputs/runs/v2_corrected_2026-09-23_seed123_synthetic/stage03_models/held_out/B_transformer_behavior_contrastive_blocks/compute.json,outputs/runs/v2_corrected_2026-09-23_seed123_synthetic/stage03_models/held_out/B_transformer_behavior_contrastive_blocks/training_history.csv
synthetic,123,B,transformer,behavior_contrastive_blocks,held_out,test,6800,512,100,0.01,0.6100354468965782,0.7173541211454706,0.3267733754486972,0.5268745261290797,0.45949629104248507,0.007296330847036142,0.7258612306281964,0.6778615574307818,0.08541856266079488,2.020051097423724,2.073293647859529,0.5302324094941466,0.9926571680853238,-0.9790320062397897,-0.002775871237236688,0.9865317853756164,0.164123157892754,1.4161750326590183,1.989488359426482,0.0007720768101761252,1.3310643172405492,3.5364044004704707,4.378093481091675,0.9999999413377304,1.000000000953095,1.0000000592444203,400,2000,6.757712205251058,6.12730378985405,6.803654034932454,outputs/runs/v2_corrected_2026-09-23_seed123_synthetic/stage04_embeddings/held_out/B_transformer_behavior_contrastive_blocks.npz,outputs/runs/v2_corrected_2026-09-23_seed123_synthetic/stage03_models/held_out/B_transformer_behavior_contrastive_blocks/compute.json,outputs/runs/v2_corrected_2026-09-23_seed123_synthetic/stage03_models/held_out/B_transformer_behavior_contrastive_blocks/training_history.csv
synthetic,456,A,cnn1d,soft,held_out,validation,3600,512,100,0.01,0.0976349731628542,0.08831924645946188,0.09561875447746722,0.01703603788220545,0.009365390327707454,8.175171645610749e-05,0.13052217391005044,0.09677494679775057,0.00904166557975396,1.8557224851197003,1.9527619960371898,0.6432776550841184,0.996913070232374,0.9284495145747081,0.979727233343799,0.998907738735818,0.04673984761307948,0.20135949286705346,0.37828705935395573,0.0027213796477495106,0.24697143179766431,0.43182988125918365,0.7575361587707534,0.9999999376579195,1.0000000000521312,1.0000000603337322,1600,2000,6.911739985148112,6.887424252033234,6.911869525909424,outputs/runs/v2_corrected_2026-09-23_seed456_synthetic/stage04_embeddings/held_out/A_cnn1d_soft.npz,outputs/runs/v2_corrected_2026-09-23_seed456_synthetic/stage03_models/held_out/A_cnn1d_soft/compute.json,outputs/runs/v2_corrected_2026-09-23_seed456_synthetic/stage03_models/held_out/A_cnn1d_soft/training_history.csv
synthetic,456,A,cnn1d,soft,held_out,test,7200,512,100,0.01,0.10241628913571944,0.08183914623493596,0.09057912553626199,0.015344884691151903,0.00997011257249358,7.984991817153796e-05,0.12387447150705387,0.09985045103800773,0.008935878142160287,1.9257879808744454,1.9928886808011221,0.6042519012336881,0.99685566455274,0.9308768853652933,0.9803438009288769,0.998898501258201,0.04693722479047036,0.19827360829933405,0.3718146675176026,0.0023773850293542075,0.2449314108873671,0.4231936486611284,0.7454234783986821,0.999999939961576,1.000000000047856,1.000000059606253,1600,2000,6.911739985148112,6.887424252033234,6.911869525909424,outputs/runs/v2_corrected_2026-09-23_seed456_synthetic/stage04_embeddings/held_out/A_cnn1d_soft.npz,outputs/runs/v2_corrected_2026-09-23_seed456_synthetic/stage03_models/held_out/A_cnn1d_soft/compute.json,outputs/runs/v2_corrected_2026-09-23_seed456_synthetic/stage03_models/held_out/A_cnn1d_soft/training_history.csv
synthetic,456,A,cnn1d,infonce,held_out,validation,3600,512,100,0.01,0.6147545439515207,0.3716084925570674,0.693322791360772,0.5151973084718222,0.47075441131886975,0.011037735794619266,0.7177724628820906,0.6861154504300787,0.10506062913679541,2.0403734993995086,2.1071482564891375,0.5167530163790557,0.9889289342702834,-0.9804990664509186,-0.0020612610581145496,0.9819112456128063,0.1902039831302387,1.4156703298501396,1.9902256294227914,0.00033635029354207435,0.007706276837025489,0.05283100547307837,0.12136103127472374,0.999999942876623,0.9999999992471065,1.000000060426177,400,2000,10.143330256144205,4.970936280488968,10.572562535603842,outputs/runs/v2_corrected_2026-09-23_seed456_synthetic/stage04_embeddings/held_out/A_cnn1d_infonce.npz,outputs/runs/v2_corrected_2026-09-23_seed456_synthetic/stage03_models/held_out/A_cnn1d_infonce/compute.json,outputs/runs/v2_corrected_2026-09-23_seed456_synthetic/stage03_models/held_out/A_cnn1d_infonce/training_history.csv
synthetic,456,A,cnn1d,infonce,held_out,test,7200,512,100,0.01,0.6173016663567537,0.36993523170437675,0.6912166659653131,0.49706072934184636,0.48964711456464316,0.009124368374193151,0.705025339503373,0.6997478935764245,0.0955215597349266,2.0366968617433243,2.0936001622901173,0.4991410432521198,0.9908374440375891,-0.9811420830435953,-0.0013627006844953993,0.9819174003498072,0.1901712119453669,1.4151768274394296,1.990548706292555,0.00023697407045009783,0.010722358698081485,0.04986269736402892,0.12162398219464463,0.9999999398313392,1.0000000003107303,1.0000000590799367,400,2000,10.143330256144205,4.970936280488968,10.572562535603842,outputs/runs/v2_corrected_2026-09-23_seed456_synthetic/stage04_embeddings/held_out/A_cnn1d_infonce.npz,outputs/runs/v2_corrected_2026-09-23_seed456_synthetic/stage03_models/held_out/A_cnn1d_infonce/compute.json,outputs/runs/v2_corrected_2026-09-23_seed456_synthetic/stage03_models/held_out/A_cnn1d_infonce/training_history.csv
synthetic,456,A,cnn1d,time_contrastive_blocks,held_out,validation,3600,512,100,0.01,0.5500581722296018,0.5927271434710981,0.5842080712845026,0.37539786801259256,0.3400298407420648,0.2800373393121864,0.6126972074463801,0.5831207771483236,0.529185543370363,2.958372851290528,2.9786388672913566,0.3771080348241269,0.7186869193890748,-0.8843133128595528,-0.03858973777194463,0.9274194025055449,0.38100021834640085,1.441242350896467,1.941295122738629,6.11545988258317e-05,0.03928780638782671,0.09895415860957385,0.22912519726273411,0.9999999425414683,1.0000000000416376,1.0000000587958526,400,2000,6.2249674797058105,6.11725753903389,6.235322157541911,outputs/runs/v2_corrected_2026-09-23_seed456_synthetic/stage04_embeddings/held_out/A_cnn1d_time_contrastive_blocks.npz,outputs/runs/v2_corrected_2026-09-23_seed456_synthetic/stage03_models/held_out/A_cnn1d_time_contrastive_blocks/compute.json,outputs/runs/v2_corrected_2026-09-23_seed456_synthetic/stage03_models/held_out/A_cnn1d_time_contrastive_blocks/training_history.csv
synthetic,456,A,cnn1d,time_contrastive_blocks,held_out,test,7200,512,100,0.01,0.5913690449242973,0.5873677914857718,0.5514439136145134,0.38205143682438486,0.3201551151329964,0.2967408503694262,0.6181030956275699,0.565822512041538,0.5447392498888126,2.965359095401427,2.9827868751655173,0.38245400702227966,0.7029464717779537,-0.8749525955517181,-0.04529012866818993,0.9317854663674552,0.36936298822479663,1.4458838974625774,1.9364671982372839,8.408757338551859e-05,0.035239623145877697,0.09541674144942625,0.2233405035814652,0.9999999419214699,0.9999999989806622,1.0000000591393787,400,2000,6.2249674797058105,6.11725753903389,6.235322157541911,outputs/runs/v2_corrected_2026-09-23_seed456_synthetic/stage04_embeddings/held_out/A_cnn1d_time_contrastive_blocks.npz,outputs/runs/v2_corrected_2026-09-23_seed456_synthetic/stage03_models/held_out/A_cnn1d_time_contrastive_blocks/compute.json,outputs/runs/v2_corrected_2026-09-23_seed456_synthetic/stage03_models/held_out/A_cnn1d_time_contrastive_blocks/training_history.csv
synthetic,456,A,cnn1d,behavior_contrastive_blocks,held_out,validation,3600,512,100,0.01,0.6544870523024953,0.28385588153515817,0.679494601113111,0.5327556164690641,0.4320829520155826,0.006071504813512831,0.7299011004711968,0.657330169713503,0.07791986148289043,2.00328160472228,2.057230857849589,0.5487177763634744,0.9937465837666221,-0.9826204631342823,0.03654606046755937,0.9855973487761425,0.16972122126609823,1.3881310677183465,1.9912912588137672,0.00045865949119373774,0.010843126205105968,0.0579470687900802,0.12260046756303618,0.9999999415678146,0.9999999990610922,1.0000000589149876,400,2000,6.715274651845296,6.176378408670425,6.718086242675781,outputs/runs/v2_corrected_2026-09-23_seed456_synthetic/stage04_embeddings/held_out/A_cnn1d_behavior_contrastive_blocks.npz,outputs/runs/v2_corrected_2026-09-23_seed456_synthetic/stage03_models/held_out/A_cnn1d_behavior_contrastive_blocks/compute.json,outputs/runs/v2_corrected_2026-09-23_seed456_synthetic/stage03_models/held_out/A_cnn1d_behavior_contrastive_blocks/training_history.csv
synthetic,456,A,cnn1d,behavior_contrastive_blocks,held_out,test,7200,512,100,0.01,0.6634518505417492,0.27913682611776786,0.6686557310843266,0.5055985451213368,0.45409233692161766,0.0056294026130911026,0.7110545303430229,0.6738637376514763,0.0750293450130754,2.017581881801603,2.0616110263313088,0.5237624787937479,0.9941683576916682,-0.9828907643478415,0.03427581347159536,0.9857629737756707,0.16874254915031167,1.3897655754536797,1.9914270170508614,0.0004280821917808219,0.011424165820053308,0.05628632810930604,0.12367995930149799,0.9999999398221632,0.9999999999784206,1.0000000594332978,400,2000,6.715274651845296,6.176378408670425,6.718086242675781,outputs/runs/v2_corrected_2026-09-23_seed456_synthetic/stage04_embeddings/held_out/A_cnn1d_behavior_contrastive_blocks.npz,outputs/runs/v2_corrected_2026-09-23_seed456_synthetic/stage03_models/held_out/A_cnn1d_behavior_contrastive_blocks/compute.json,outputs/runs/v2_corrected_2026-09-23_seed456_synthetic/stage03_models/held_out/A_cnn1d_behavior_contrastive_blocks/training_history.csv
synthetic,456,A,transformer,soft,held_out,validation,3600,512,100,0.01,0.0730300626410386,0.13251358393030238,0.11147631870374443,0.01915965772535077,0.016119211631130254,5.115414608245418e-05,0.1384184154126566,0.12696145726609415,0.007152212670387688,1.9910075103757223,2.012430594381107,0.5423052640754847,0.9985521055178821,0.9167359741675686,0.9671495060349782,0.9989993332003735,0.04473599110107415,0.2563220290037512,0.4080784409601673,0.003478167808219178,3.08847441823613,3.7467183753513775,4.359248075820761,0.9999999416637986,1.0000000002274356,1.000000061556316,400,2000,6.907666047414144,6.888039710521698,6.912522633870442,outputs/runs/v2_corrected_2026-09-23_seed456_synthetic/stage04_embeddings/held_out/A_transformer_soft.npz,outputs/runs/v2_corrected_2026-09-23_seed456_synthetic/stage03_models/held_out/A_transformer_soft/compute.json,outputs/runs/v2_corrected_2026-09-23_seed456_synthetic/stage03_models/held_out/A_transformer_soft/training_history.csv
synthetic,456,A,transformer,soft,held_out,test,7200,512,100,0.01,0.07310501576447874,0.13432620401589188,0.10865122450889259,0.018422164338055182,0.01672232606924923,5.335918544227731e-05,0.13572827390803724,0.12931483313699643,0.007304737191869213,2.001386501419285,2.0183575970771477,0.5233889158345482,0.9984840214371145,0.9164202765225281,0.967191889497595,0.9991256720288868,0.041818119333725805,0.2561566883050884,0.40885115406269534,0.00457130626223092,3.112216286958753,3.7829453726284026,4.409510509058989,0.9999999396308178,0.9999999997381365,1.0000000620230263,400,2000,6.907666047414144,6.888039710521698,6.912522633870442,outputs/runs/v2_corrected_2026-09-23_seed456_synthetic/stage04_embeddings/held_out/A_transformer_soft.npz,outputs/runs/v2_corrected_2026-09-23_seed456_synthetic/stage03_models/held_out/A_transformer_soft/compute.json,outputs/runs/v2_corrected_2026-09-23_seed456_synthetic/stage03_models/held_out/A_transformer_soft/training_history.csv
synthetic,456,A,transformer,infonce,held_out,validation,3600,512,100,0.01,0.4657352922714783,0.43842439107963327,0.3774031448125893,0.30001191694718976,0.23101622085511658,0.020683558321795862,0.5477334360317889,0.48064146809770436,0.14381779556715457,2.116679306123311,2.2679963772589646,0.543783862214342,0.9625102051178134,-0.25793407401632235,0.4744264061672525,0.9851064259637148,0.17258949487033248,1.0252546288949387,1.586148869907557,0.00033635029354207435,0.736900331712148,1.9542088711286643,3.0205884074014735,0.9999999406523776,1.0000000003297012,1.0000000598359693,400,2000,8.025102774302164,4.87914897441864,10.601866404215494,outputs/runs/v2_corrected_2026-09-23_seed456_synthetic/stage04_embeddings/held_out/A_transformer_infonce.npz,outputs/runs/v2_corrected_2026-09-23_seed456_synthetic/stage03_models/held_out/A_transformer_infonce/compute.json,outputs/runs/v2_corrected_2026-09-23_seed456_synthetic/stage03_models/held_out/A_transformer_infonce/training_history.csv
synthetic,456,A,transformer,infonce,held_out,test,7200,512,100,0.01,0.45233593296143937,0.47793175561982953,0.3844047823706964,0.3507096288936862,0.20528954956649031,0.024875094509591314,0.592207420498668,0.453088898083467,0.15771840257113726,2.0355652815216088,2.2415273666455726,0.6037616834029403,0.9571764568218601,-0.3421709605436156,0.477198516392876,0.9816985625735171,0.19131844350793448,1.0225472800257975,1.6383961704136965,0.0002446183953033268,0.71272557563344,1.917138492129323,2.9834317690088095,0.9999999395359557,0.9999999987827379,1.0000000583565063,400,2000,8.025102774302164,4.87914897441864,10.601866404215494,outputs/runs/v2_corrected_2026-09-23_seed456_synthetic/stage04_embeddings/held_out/A_transformer_infonce.npz,outputs/runs/v2_corrected_2026-09-23_seed456_synthetic/stage03_models/held_out/A_transformer_infonce/compute.json,outputs/runs/v2_corrected_2026-09-23_seed456_synthetic/stage03_models/held_out/A_transformer_infonce/training_history.csv
synthetic,456,A,transformer,time_contrastive_blocks,held_out,validation,3600,512,100,0.01,0.5643010513601638,0.555741493839831,0.6074108516736179,0.4282565313879062,0.3281492929795805,0.24010321097026796,0.6544131198164552,0.5728431661280254,0.49000327648931896,2.8475196976298154,2.920153415288104,0.4297567971802221,0.759055660856213,-0.8895831007649001,-0.05771070504453757,0.9541301423466891,0.30288566541516515,1.4544487988369188,1.9440077613172284,0.00015288649706457925,1.138700027773625,1.8050085109754408,3.284285895713444,0.9999999410931639,0.9999999992690782,1.000000059562515,400,2000,6.239681879679362,6.125749068260193,6.293550173441569,outputs/runs/v2_corrected_2026-09-23_seed456_synthetic/stage04_embeddings/held_out/A_transformer_time_contrastive_blocks.npz,outputs/runs/v2_corrected_2026-09-23_seed456_synthetic/stage03_models/held_out/A_transformer_time_contrastive_blocks/compute.json,outputs/runs/v2_corrected_2026-09-23_seed456_synthetic/stage03_models/held_out/A_transformer_time_contrastive_blocks/training_history.csv
synthetic,456,A,transformer,time_contrastive_blocks,held_out,test,7200,512,100,0.01,0.5670843607344354,0.5555318779023258,0.6037516454381091,0.42698255017442344,0.3344571089134016,0.23341490408155205,0.6534390179461458,0.5783226685107559,0.48313031790765526,2.838698982677231,2.9143772759426168,0.42919092496711836,0.7653778625310357,-0.8956781057120394,-0.05071397851333842,0.9563933522825923,0.2953190020577457,1.4496302721816603,1.9471405084337736,0.00010702054794520547,1.1486926368251384,1.8010962772451045,3.2931020340148867,0.9999999406897917,1.0000000003550786,1.000000057129318,400,2000,6.239681879679362,6.125749068260193,6.293550173441569,outputs/runs/v2_corrected_2026-09-23_seed456_synthetic/stage04_embeddings/held_out/A_transformer_time_contrastive_blocks.npz,outputs/runs/v2_corrected_2026-09-23_seed456_synthetic/stage03_models/held_out/A_transformer_time_contrastive_blocks/compute.json,outputs/runs/v2_corrected_2026-09-23_seed456_synthetic/stage03_models/held_out/A_transformer_time_contrastive_blocks/training_history.csv
synthetic,456,A,transformer,behavior_contrastive_blocks,held_out,validation,3600,512,100,0.01,0.3685893224278812,0.6669751981259411,0.6427727463616436,0.5561985092733405,0.43630266215483837,0.0016457874931274583,0.7457871742483512,0.6605321053172498,0.04056830651047019,1.9777658653127965,2.0076254387759005,0.5594731284767401,0.9983445229315863,-0.9841712653068805,0.011678369163069302,0.9885801749601419,0.1511277249359864,1.4059314469366755,1.9920699325296611,0.0011160714285714285,1.2702527999402362,3.5365096885716074,4.278606769280973,0.9999999417800335,1.0000000010709915,1.0000000559352573,400,2000,6.706936359405518,6.130450247526169,6.769760926564534,outputs/runs/v2_corrected_2026-09-23_seed456_synthetic/stage04_embeddings/held_out/A_transformer_behavior_contrastive_blocks.npz,outputs/runs/v2_corrected_2026-09-23_seed456_synthetic/stage03_models/held_out/A_transformer_behavior_contrastive_blocks/compute.json,outputs/runs/v2_corrected_2026-09-23_seed456_synthetic/stage03_models/held_out/A_transformer_behavior_contrastive_blocks/training_history.csv
synthetic,456,A,transformer,behavior_contrastive_blocks,held_out,test,7200,512,100,0.01,0.36408831106305706,0.6915727588675092,0.6175845957743541,0.5476999355598586,0.44300799431990256,0.001673812915989257,0.7400675209464732,0.6655884571714736,0.040912258749539326,1.9845905698758277,2.0114345476968793,0.5519044858855136,0.9983133376564609,-0.98522829869936,-0.0023666688643380063,0.9876015346353466,0.15747066807859145,1.4158860405544669,1.9926004356323674,0.001001406555772994,1.1679476418216554,3.509932330241509,4.260277382762861,0.9999999430085843,0.9999999997118183,1.000000055899814,400,2000,6.706936359405518,6.130450247526169,6.769760926564534,outputs/runs/v2_corrected_2026-09-23_seed456_synthetic/stage04_embeddings/held_out/A_transformer_behavior_contrastive_blocks.npz,outputs/runs/v2_corrected_2026-09-23_seed456_synthetic/stage03_models/held_out/A_transformer_behavior_contrastive_blocks/compute.json,outputs/runs/v2_corrected_2026-09-23_seed456_synthetic/stage03_models/held_out/A_transformer_behavior_contrastive_blocks/training_history.csv
synthetic,456,B,cnn1d,soft,held_out,validation,3400,512,100,0.01,0.0786283723953456,0.06852830013582054,0.10750486444254789,0.012986620401172797,0.00936844202655447,8.738303538343746e-05,0.11395885398323728,0.09679071250153327,0.009347889354471279,1.9641538497170805,2.0194669009628066,0.5786633378487777,0.9961063496610888,0.9362289259649342,0.9840566260169563,0.9989882924094079,0.04498323573420343,0.17856827896316135,0.3571305650005544,0.0027901785714285715,0.1646451557527381,0.24900571795365617,0.4279116968992583,0.9999999413511259,0.9999999995753341,1.0000000581262822,1200,2000,6.914919535319011,6.893593958616257,6.915484428405762,outputs/runs/v2_corrected_2026-09-23_seed456_synthetic/stage04_embeddings/held_out/B_cnn1d_soft.npz,outputs/runs/v2_corrected_2026-09-23_seed456_synthetic/stage03_models/held_out/B_cnn1d_soft/compute.json,outputs/runs/v2_corrected_2026-09-23_seed456_synthetic/stage03_models/held_out/B_cnn1d_soft/training_history.csv
synthetic,456,B,cnn1d,soft,held_out,test,6800,512,100,0.01,0.07409475944882732,0.06617135470530215,0.10731988745003099,0.01221556955514617,0.009104782899450964,6.90328468431343e-05,0.11052406776420315,0.09541898605335819,0.00830860077528908,1.9709715125011258,2.017778330963917,0.5711042829418584,0.9967725651826711,0.9382477719490147,0.9838964509649686,0.9988927057320389,0.047059139929563565,0.1794634100752657,0.351431885721157,0.0025379158512720155,0.16632303404181703,0.24593786528720185,0.41343092974501017,0.9999999434524532,1.000000000449366,1.0000000582043818,1200,2000,6.914919535319011,6.893593958616257,6.915484428405762,outputs/runs/v2_corrected_2026-09-23_seed456_synthetic/stage04_embeddings/held_out/B_cnn1d_soft.npz,outputs/runs/v2_corrected_2026-09-23_seed456_synthetic/stage03_models/held_out/B_cnn1d_soft/compute.json,outputs/runs/v2_corrected_2026-09-23_seed456_synthetic/stage03_models/held_out/B_cnn1d_soft/training_history.csv
synthetic,456,B,cnn1d,infonce,held_out,validation,3400,512,100,0.01,0.485532452740108,0.5968621448730508,0.6337264773670072,0.5557416071398412,0.431559638233087,0.006586505316024449,0.745480789249355,0.6569319890468777,0.0811572875102689,1.9950340624406038,2.0555123371786457,0.5591593283593715,0.9933729887389611,-0.9837363785038182,0.004899100462390393,0.9846864749781217,0.17500579754158124,1.4107451205869888,1.9918515653705064,0.0003210616438356164,0.010275725976673868,0.04569188739478759,0.12619439391639453,0.9999999412335248,0.999999997988466,1.0000000579134134,800,2000,10.00843620300293,4.975707263946533,10.009232521057129,outputs/runs/v2_corrected_2026-09-23_seed456_synthetic/stage04_embeddings/held_out/B_cnn1d_infonce.npz,outputs/runs/v2_corrected_2026-09-23_seed456_synthetic/stage03_models/held_out/B_cnn1d_infonce/compute.json,outputs/runs/v2_corrected_2026-09-23_seed456_synthetic/stage03_models/held_out/B_cnn1d_infonce/training_history.csv
synthetic,456,B,cnn1d,infonce,held_out,test,6800,512,100,0.01,0.5103796488154233,0.5908340557671484,0.6239516751316396,0.5072948335186522,0.4848975072864874,0.00684253636735397,0.7122463292419641,0.6963458244913137,0.08271962504360117,2.0264552741590163,2.073226133788178,0.5077849083251401,0.9931508533648796,-0.9833852180655142,-0.00010919840827372518,0.9837077904931822,0.1805116795059776,1.4142907831263374,1.9916753098857687,0.0002216854207436399,0.009788477919341114,0.04407236922980143,0.12166740708030785,0.9999999422647691,0.9999999997588127,1.00000005941832,800,2000,10.00843620300293,4.975707263946533,10.009232521057129,outputs/runs/v2_corrected_2026-09-23_seed456_synthetic/stage04_embeddings/held_out/B_cnn1d_infonce.npz,outputs/runs/v2_corrected_2026-09-23_seed456_synthetic/stage03_models/held_out/B_cnn1d_infonce/compute.json,outputs/runs/v2_corrected_2026-09-23_seed456_synthetic/stage03_models/held_out/B_cnn1d_infonce/training_history.csv
synthetic,456,B,cnn1d,time_contrastive_blocks,held_out,validation,3400,512,100,0.01,0.5913926844795416,0.6001846873621488,0.5330457305552947,0.37189272178252064,0.35511948048687925,0.26738498455457743,0.6098300761544323,0.5959190217528546,0.5170928200570739,2.943733084332453,2.9704824710926463,0.37398810727765164,0.7311084664181492,-0.8786670304718966,-0.03566529370864638,0.9344776342509786,0.3620011096881919,1.4392117757829908,1.9383844137808994,4.5865949119373774e-05,0.034778662358697865,0.08612572757530729,0.20088938873764206,0.9999999416344386,0.9999999998643476,1.0000000568266647,400,2000,6.2403561274210615,6.122585778236389,6.279326756795247,outputs/runs/v2_corrected_2026-09-23_seed456_synthetic/stage04_embeddings/held_out/B_cnn1d_time_contrastive_blocks.npz,outputs/runs/v2_corrected_2026-09-23_seed456_synthetic/stage03_models/held_out/B_cnn1d_time_contrastive_blocks/compute.json,outputs/runs/v2_corrected_2026-09-23_seed456_synthetic/stage03_models/held_out/B_cnn1d_time_contrastive_blocks/training_history.csv
synthetic,456,B,cnn1d,time_contrastive_blocks,held_out,test,6800,512,100,0.01,0.5859402061377218,0.586419362671994,0.5503490340927351,0.3769609276228984,0.3209967903299883,0.29228555947064877,0.6139714387680411,0.5665657864096528,0.5406344046309379,2.9663421967846313,2.9832044169325376,0.38067506865958656,0.7048345935443945,-0.8736087631478754,-0.033591531050849,0.9237103689906445,0.3906139887631399,1.437770128400925,1.9357731029314995,3.822162426614481e-05,0.03961280408081007,0.08196315083851788,0.18930146416564,0.9999999415579185,0.9999999998993927,1.0000000589401896,400,2000,6.2403561274210615,6.122585778236389,6.279326756795247,outputs/runs/v2_corrected_2026-09-23_seed456_synthetic/stage04_embeddings/held_out/B_cnn1d_time_contrastive_blocks.npz,outputs/runs/v2_corrected_2026-09-23_seed456_synthetic/stage03_models/held_out/B_cnn1d_time_contrastive_blocks/compute.json,outputs/runs/v2_corrected_2026-09-23_seed456_synthetic/stage03_models/held_out/B_cnn1d_time_contrastive_blocks/training_history.csv
synthetic,456,B,cnn1d,behavior_contrastive_blocks,held_out,validation,3400,512,100,0.01,0.5408292933437535,0.6646751135776479,0.5125985104741226,0.5414388753856925,0.45414346041799614,0.0017575635492787544,0.7358253022190067,0.6739016696952131,0.04192330556240472,1.991742220188417,2.0158053840713723,0.5428829988020688,0.9982377486848575,-0.9864558137845738,0.004573999258841499,0.9884479956975518,0.1519995692061083,1.410975522447392,1.9932164014614306,0.0009631849315068493,0.011170288399029714,0.05703325627904124,0.15668976994342493,0.9999999415434551,1.0000000000716471,1.0000000575329813,1200,2000,6.724923610687256,6.17744549870491,6.729527314503987,outputs/runs/v2_corrected_2026-09-23_seed456_synthetic/stage04_embeddings/held_out/B_cnn1d_behavior_contrastive_blocks.npz,outputs/runs/v2_corrected_2026-09-23_seed456_synthetic/stage03_models/held_out/B_cnn1d_behavior_contrastive_blocks/compute.json,outputs/runs/v2_corrected_2026-09-23_seed456_synthetic/stage03_models/held_out/B_cnn1d_behavior_contrastive_blocks/training_history.csv
synthetic,456,B,cnn1d,behavior_contrastive_blocks,held_out,test,6800,512,100,0.01,0.5497997683821809,0.6647932487547625,0.5024080828481967,0.5142111162182724,0.48148104595358443,0.0010981552537409085,0.7170851526968554,0.6938883526573886,0.03313842563763264,2.0022456665845763,2.0146558244678574,0.5158668851703148,0.9988983086667845,-0.9871233044170589,-0.0027950611526046387,0.9872917818790548,0.159425438084455,1.416188583556598,1.9935512871070167,0.0010702054794520547,0.012210787175156263,0.05493132935652545,0.14471404129206913,0.9999999409990767,0.9999999991722828,1.000000057195906,1200,2000,6.724923610687256,6.17744549870491,6.729527314503987,outputs/runs/v2_corrected_2026-09-23_seed456_synthetic/stage04_embeddings/held_out/B_cnn1d_behavior_contrastive_blocks.npz,outputs/runs/v2_corrected_2026-09-23_seed456_synthetic/stage03_models/held_out/B_cnn1d_behavior_contrastive_blocks/compute.json,outputs/runs/v2_corrected_2026-09-23_seed456_synthetic/stage03_models/held_out/B_cnn1d_behavior_contrastive_blocks/training_history.csv
synthetic,456,B,transformer,soft,held_out,validation,3400,512,100,0.01,0.09513696544045674,0.1208572208342843,0.07258801522927008,0.01649480655916219,0.012378993217258112,6.124050547532447e-05,0.1284321087546342,0.1112609240356115,0.007825631314809334,1.9684775725825479,2.0070280540574643,0.5700633694808723,0.9978835175317298,0.9251326241124945,0.9766290240599408,0.9989296660175131,0.04626750918566355,0.2161991578112869,0.3869557209703205,0.003493456457925636,2.8975700979763963,3.3376455897578845,3.9750717561111637,0.9999999422011759,1.0000000000980633,1.000000056283959,400,2000,6.915658950805664,6.894218987226486,6.91961669921875,outputs/runs/v2_corrected_2026-09-23_seed456_synthetic/stage04_embeddings/held_out/B_transformer_soft.npz,outputs/runs/v2_corrected_2026-09-23_seed456_synthetic/stage03_models/held_out/B_transformer_soft/compute.json,outputs/runs/v2_corrected_2026-09-23_seed456_synthetic/stage03_models/held_out/B_transformer_soft/training_history.csv
synthetic,456,B,transformer,soft,held_out,test,6800,512,100,0.01,0.10112161331299613,0.11620892918289921,0.07940598307284777,0.01663368696799214,0.013345578513225095,6.0558188535255745e-05,0.12897165179989026,0.11552306485384248,0.007781914194801671,1.984202860208309,2.0142787854585844,0.5537211919369829,0.9979840697734776,0.924408952434319,0.9754645394920404,0.9986788388656529,0.05140310280437038,0.22151987875436907,0.3888212729840397,0.002484405577299413,2.8853018722478034,3.2767702360252873,3.953956171351744,0.9999999430042539,1.0000000005754874,1.000000057446121,400,2000,6.915658950805664,6.894218987226486,6.91961669921875,outputs/runs/v2_corrected_2026-09-23_seed456_synthetic/stage04_embeddings/held_out/B_transformer_soft.npz,outputs/runs/v2_corrected_2026-09-23_seed456_synthetic/stage03_models/held_out/B_transformer_soft/compute.json,outputs/runs/v2_corrected_2026-09-23_seed456_synthetic/stage03_models/held_out/B_transformer_soft/training_history.csv
synthetic,456,B,transformer,infonce,held_out,validation,3400,512,100,0.01,0.21313593727687263,0.5488273476585438,0.5116209108782447,0.32683220140636143,0.270244546407206,0.011496586088150143,0.5716924010395463,0.5198505039020411,0.10722213432006539,2.0577516827265407,2.158322557922304,0.5370465368749523,0.981108955243828,-0.29820560962401443,0.44216861342257996,0.9834843523291821,0.18174508980875376,1.0562494756948686,1.6113383380881527,0.0002675513698630137,0.8471201022907494,2.2089214773138144,3.2933020314629338,0.999999940720698,0.9999999991694197,1.0000000589480962,400,2400,8.646502812703451,4.873358088731766,10.971027374267578,outputs/runs/v2_corrected_2026-09-23_seed456_synthetic/stage04_embeddings/held_out/B_transformer_infonce.npz,outputs/runs/v2_corrected_2026-09-23_seed456_synthetic/stage03_models/held_out/B_transformer_infonce/compute.json,outputs/runs/v2_corrected_2026-09-23_seed456_synthetic/stage03_models/held_out/B_transformer_infonce/training_history.csv
synthetic,456,B,transformer,infonce,held_out,test,6800,512,100,0.01,0.21071026165050813,0.5248486827458836,0.5526246660103938,0.32910996912791723,0.2853887086666592,0.010852261206820505,0.5736810691733842,0.5342178475740578,0.10417418685461627,2.0595544958837126,2.151538270515922,0.5262804428717457,0.9826461263108517,-0.33276522540765585,0.3821441030897568,0.9855551837993026,0.16996956757777618,1.1116257821387592,1.6326452374347946,0.0003057729941291585,0.8985535841980112,2.096195458537144,3.369180562343751,0.9999999406701321,1.0000000000844977,1.0000000588177114,400,2400,8.646502812703451,4.873358088731766,10.971027374267578,outputs/runs/v2_corrected_2026-09-23_seed456_synthetic/stage04_embeddings/held_out/B_transformer_infonce.npz,outputs/runs/v2_corrected_2026-09-23_seed456_synthetic/stage03_models/held_out/B_transformer_infonce/compute.json,outputs/runs/v2_corrected_2026-09-23_seed456_synthetic/stage03_models/held_out/B_transformer_infonce/training_history.csv
synthetic,456,B,transformer,time_contrastive_blocks,held_out,validation,3400,512,100,0.01,0.44887168067920646,0.6265758088956037,0.6349325855325478,0.4387720518127617,0.3573343083015098,0.2014094450672547,0.662398710606204,0.5977744627378371,0.4487866364624226,2.758060285484902,2.8635164075525763,0.43986476157429377,0.7980889685947357,-0.8822579087145443,-0.0453458465292613,0.9658208497805585,0.2614541181457114,1.4459224084497921,1.9402359920392438,0.00010702054794520547,1.2240254934584016,2.039339385739174,3.37168355788118,0.9999999416593004,1.0000000006472896,1.0000000587327071,400,2000,6.259008566538493,6.13859684586525,6.402149200439453,outputs/runs/v2_corrected_2026-09-23_seed456_synthetic/stage04_embeddings/held_out/B_transformer_time_contrastive_blocks.npz,outputs/runs/v2_corrected_2026-09-23_seed456_synthetic/stage03_models/held_out/B_transformer_time_contrastive_blocks/compute.json,outputs/runs/v2_corrected_2026-09-23_seed456_synthetic/stage03_models/held_out/B_transformer_time_contrastive_blocks/training_history.csv
synthetic,456,B,transformer,time_contrastive_blocks,held_out,test,6800,512,100,0.01,0.44342819358211727,0.6311259933343344,0.6303199928059818,0.45328153723424625,0.3429229025743937,0.19619337670341272,0.6732618637901944,0.5855961941256054,0.4429372153064277,2.7239598346015117,2.8450342238972346,0.45675386391656897,0.8023036997471771,-0.8878512436327991,-0.03770758929251716,0.9554516692829056,0.29849065526558916,1.4406301116917395,1.9431166851073387,9.937622309197651e-05,1.2254993459129975,2.057126686268185,3.340350299381482,0.9999999418110559,0.9999999998059028,1.0000000589804579,400,2000,6.259008566538493,6.13859684586525,6.402149200439453,outputs/runs/v2_corrected_2026-09-23_seed456_synthetic/stage04_embeddings/held_out/B_transformer_time_contrastive_blocks.npz,outputs/runs/v2_corrected_2026-09-23_seed456_synthetic/stage03_models/held_out/B_transformer_time_contrastive_blocks/compute.json,outputs/runs/v2_corrected_2026-09-23_seed456_synthetic/stage03_models/held_out/B_transformer_time_contrastive_blocks/training_history.csv
synthetic,456,B,transformer,behavior_contrastive_blocks,held_out,validation,3400,512,100,0.01,0.43784890805295507,0.7209208889130763,0.5313473242921684,0.5489997994080973,0.4426859131803364,0.0023752316643550933,0.7409452067515501,0.6653464610113564,0.04873634849221978,1.9867357872475002,2.0189104397067,0.5522798200474187,0.997610577421749,-0.9850239336189638,0.024469272999967373,0.988351505164893,0.152633236804816,1.3968040221150186,1.992497921431396,0.0007185665362035225,0.8825752117209156,2.8945266714702234,4.055841230734602,0.9999999433585908,0.9999999988962955,1.0000000595081737,400,2000,6.7683790524800616,6.128655964136124,6.834774494171143,outputs/runs/v2_corrected_2026-09-23_seed456_synthetic/stage04_embeddings/held_out/B_transformer_behavior_contrastive_blocks.npz,outputs/runs/v2_corrected_2026-09-23_seed456_synthetic/stage03_models/held_out/B_transformer_behavior_contrastive_blocks/compute.json,outputs/runs/v2_corrected_2026-09-23_seed456_synthetic/stage03_models/held_out/B_transformer_behavior_contrastive_blocks/training_history.csv
synthetic,456,B,transformer,behavior_contrastive_blocks,held_out,test,6800,512,100,0.01,0.45433971294274095,0.7008121368022269,0.5479688521558146,0.5158672006292222,0.4798222796283618,0.0022893701172155565,0.7182389578888229,0.692692052522881,0.047847362698643654,2.0065568694223774,2.0281748461190716,0.5169119570374501,0.997705993352108,-0.9850850638010047,-0.005020553918085369,0.9864440254978558,0.16465694256499303,1.4177591742946425,1.9925285571808182,0.0007414995107632094,0.8760695598993318,2.7277474655914578,4.01869548236496,0.9999999436188917,0.999999999755045,1.0000000571065772,400,2000,6.7683790524800616,6.128655964136124,6.834774494171143,outputs/runs/v2_corrected_2026-09-23_seed456_synthetic/stage04_embeddings/held_out/B_transformer_behavior_contrastive_blocks.npz,outputs/runs/v2_corrected_2026-09-23_seed456_synthetic/stage03_models/held_out/B_transformer_behavior_contrastive_blocks/compute.json,outputs/runs/v2_corrected_2026-09-23_seed456_synthetic/stage03_models/held_out/B_transformer_behavior_contrastive_blocks/training_history.csv
real_total_65,42,total_65,cnn1d,soft,held_out,validation,12000,512,100,0.01,0.06838380824526236,0.12565596132882545,0.10301257052878576,0.01636353310798553,0.01458888064661444,0.0001275317754050062,0.12792002621945295,0.12078443876019146,0.011292996741565376,2.0098398051805466,2.044824306947555,0.5264981269734841,0.9958966538315877,0.9193785313620355,0.9777439006997297,0.9986154651107219,0.05262184779313789,0.210979117144647,0.401550719125737,0.0035851883561643836,0.10066536130525869,0.18103955525236504,0.31674092404854154,0.9999999390452003,0.9999999996414592,1.0000000599679204,1500,1500,6.907583063299006,6.90299786567688,6.907583063299006,outputs/runs/v2_corrected_2026-09-23_seed42_real_total_65/stage04_embeddings/held_out/cnn1d_soft.npz,outputs/runs/v2_corrected_2026-09-23_seed42_real_total_65/stage03_models/held_out/cnn1d_soft/compute.json,outputs/runs/v2_corrected_2026-09-23_seed42_real_total_65/stage03_models/held_out/cnn1d_soft/training_history.csv
real_total_65,42,total_65,cnn1d,soft,held_out,test,23400,512,100,0.01,0.07169580117528992,0.12280875674986735,0.10912455425957877,0.0181055025013662,0.013909006313896365,0.0001173113224107168,0.13455668880202945,0.11793645031921372,0.010831035149546732,1.9805997798850083,2.0262124313923846,0.5634757826911343,0.9963490607781297,0.9140657031727367,0.9727701060903395,0.9985033351268312,0.054713085135316704,0.23336595829323162,0.4145703256622765,0.0029507093933463795,0.11567082142861898,0.1912643613143415,0.37059293655171865,0.9999999395518,0.9999999998162971,1.000000061287787,1500,1500,6.907583063299006,6.90299786567688,6.907583063299006,outputs/runs/v2_corrected_2026-09-23_seed42_real_total_65/stage04_embeddings/held_out/cnn1d_soft.npz,outputs/runs/v2_corrected_2026-09-23_seed42_real_total_65/stage03_models/held_out/cnn1d_soft/compute.json,outputs/runs/v2_corrected_2026-09-23_seed42_real_total_65/stage03_models/held_out/cnn1d_soft/training_history.csv
real_total_65,42,total_65,cnn1d,infonce,held_out,validation,12000,512,100,0.01,0.1883749791237233,0.3944884217656503,0.5284524972567145,0.2813201977807215,0.1643647328295326,0.024722559537799588,0.5303962648630941,0.40541920629088674,0.15723409152534187,2.0725606641382823,2.292593860648118,0.5980351156657395,0.9474443752372682,-0.2104239302221399,0.5943860224890445,0.9757056328848348,0.22042849974414094,0.9006819523807992,1.5559074009259835,0.0006574119373776908,0.04238767902051909,0.07717202624983235,0.16817615024085503,0.9999999406810721,0.9999999996481451,1.0000000590301403,1800,2550,6.285952784798362,5.490182088216145,6.817439296028831,outputs/runs/v2_corrected_2026-09-23_seed42_real_total_65/stage04_embeddings/held_out/cnn1d_infonce.npz,outputs/runs/v2_corrected_2026-09-23_seed42_real_total_65/stage03_models/held_out/cnn1d_infonce/compute.json,outputs/runs/v2_corrected_2026-09-23_seed42_real_total_65/stage03_models/held_out/cnn1d_infonce/training_history.csv
real_total_65,42,total_65,cnn1d,infonce,held_out,test,23400,512,100,0.01,0.1905345847398336,0.36708010352192816,0.5549668137925028,0.31217399098669646,0.1412271236658044,0.025658752786059537,0.5587253269601231,0.37580197400466697,0.16018349723382724,1.9439775636915189,2.216498742348622,0.6516387871433059,0.9464393606518284,-0.23348228759249506,0.6141475522106146,0.9807066592070854,0.19643461882911448,0.878467443370739,1.5706573750737611,0.00042043786692759293,0.0404445823076378,0.08674731834471569,0.2235531973600912,0.9999999400056033,1.0000000000067355,1.0000000594707377,1800,2550,6.285952784798362,5.490182088216145,6.817439296028831,outputs/runs/v2_corrected_2026-09-23_seed42_real_total_65/stage04_embeddings/held_out/cnn1d_infonce.npz,outputs/runs/v2_corrected_2026-09-23_seed42_real_total_65/stage03_models/held_out/cnn1d_infonce/compute.json,outputs/runs/v2_corrected_2026-09-23_seed42_real_total_65/stage03_models/held_out/cnn1d_infonce/training_history.csv
real_total_65,42,total_65,cnn1d,time_contrastive_blocks,held_out,validation,12000,512,100,0.01,0.574852531277605,0.5743488790780352,0.5824195183399131,0.3661095873727122,0.3382445968284309,0.2952736810787253,0.6050699028812392,0.5815879957740109,0.5433909100074507,2.977234951582673,2.9884452938463255,0.36624588018083265,0.7046163964266274,-0.9019879840401136,0.00030231143113956804,0.9184163323270543,0.40393987614055593,1.413999793037671,1.9503784132471902,0.0002828400195694716,0.028272961477294117,0.058947723609491506,0.11713435276756035,0.9999999413184406,1.0000000001426206,1.0000000584374586,1350,1500,6.1007113023237745,6.098569180170695,6.102587699890137,outputs/runs/v2_corrected_2026-09-23_seed42_real_total_65/stage04_embeddings/held_out/cnn1d_time_contrastive_blocks.npz,outputs/runs/v2_corrected_2026-09-23_seed42_real_total_65/stage03_models/held_out/cnn1d_time_contrastive_blocks/compute.json,outputs/runs/v2_corrected_2026-09-23_seed42_real_total_65/stage03_models/held_out/cnn1d_time_contrastive_blocks/training_history.csv
real_total_65,42,total_65,cnn1d,time_contrastive_blocks,held_out,test,23400,512,100,0.01,0.5906670750103474,0.5481782004077712,0.5918715419998162,0.36843820572428887,0.3364638665839385,0.29483950682370297,0.6069911084392331,0.5800550547869905,0.5429912585149994,2.9756710937918536,2.987677174552147,0.3685334424564012,0.7050842808001341,-0.9002753786114335,-0.008380318708593959,0.9130584973732915,0.41699291393217225,1.4201269667658942,1.9495001140776753,0.00027519569471624265,0.02497451620524971,0.057939443585628275,0.12109290345393288,0.9999999408306001,1.0000000000926796,1.00000005852397,1350,1500,6.1007113023237745,6.098569180170695,6.102587699890137,outputs/runs/v2_corrected_2026-09-23_seed42_real_total_65/stage04_embeddings/held_out/cnn1d_time_contrastive_blocks.npz,outputs/runs/v2_corrected_2026-09-23_seed42_real_total_65/stage03_models/held_out/cnn1d_time_contrastive_blocks/compute.json,outputs/runs/v2_corrected_2026-09-23_seed42_real_total_65/stage03_models/held_out/cnn1d_time_contrastive_blocks/training_history.csv
real_total_65,42,total_65,cnn1d,behavior_contrastive_blocks,held_out,validation,12000,512,100,0.01,0.2635277619113095,0.6716479451364812,0.6902070728932936,0.5311713035985478,0.45753222428947204,0.008323204648994508,0.7288149995702256,0.6764112833842085,0.09123159896107548,2.022309875386005,2.0810491997321843,0.5327553276800712,0.9916519744382224,-0.9783406648266624,-0.0005170040063544601,0.9839723454853778,0.1790401763895433,1.41457911051087,1.9891408589899073,0.0009861179060665361,0.01002796781398689,0.028689769993451734,0.05300317997818816,0.9999999417857135,0.9999999990576047,1.0000000574855532,150,1650,6.472924796017733,6.35592645963033,6.476261442357844,outputs/runs/v2_corrected_2026-09-23_seed42_real_total_65/stage04_embeddings/held_out/cnn1d_behavior_contrastive_blocks.npz,outputs/runs/v2_corrected_2026-09-23_seed42_real_total_65/stage03_models/held_out/cnn1d_behavior_contrastive_blocks/compute.json,outputs/runs/v2_corrected_2026-09-23_seed42_real_total_65/stage03_models/held_out/cnn1d_behavior_contrastive_blocks/training_history.csv
real_total_65,42,total_65,cnn1d,behavior_contrastive_blocks,held_out,test,23400,512,100,0.01,0.2888662066868354,0.6252728105199223,0.7082066137917438,0.5663632521479575,0.3983608063627088,0.011284031996283922,0.7525710944143135,0.6311583053107269,0.10622632440352966,1.9862794223527747,2.081581341812915,0.5802854071156128,0.9884385876448802,-0.978613317993349,0.041887501693588014,0.9849919015548494,0.17325174080139874,1.3842777829575432,1.9892779202542772,0.0004968811154598826,0.010147393367300335,0.030484289783584452,0.05669617230345628,0.9999999420545194,0.9999999993283848,1.0000000582043858,150,1650,6.472924796017733,6.35592645963033,6.476261442357844,outputs/runs/v2_corrected_2026-09-23_seed42_real_total_65/stage04_embeddings/held_out/cnn1d_behavior_contrastive_blocks.npz,outputs/runs/v2_corrected_2026-09-23_seed42_real_total_65/stage03_models/held_out/cnn1d_behavior_contrastive_blocks/compute.json,outputs/runs/v2_corrected_2026-09-23_seed42_real_total_65/stage03_models/held_out/cnn1d_behavior_contrastive_blocks/training_history.csv
real_total_65,42,total_65,transformer,soft,held_out,validation,12000,512,100,0.01,0.13098115148365297,0.12419265365956614,0.057791665023178534,0.018766419540682255,0.017094177934815873,6.214989992302414e-05,0.1369905819415417,0.13074470518845446,0.007883520782177475,2.0025717376803995,2.0210021311177155,0.5224104755841281,0.998269901261351,0.9139197171802407,0.969248210092527,0.9989608785416049,0.04558871945742645,0.247999366398211,0.4149224299787013,0.004724192759295499,4.367284833242125,4.975171728055697,5.685601394767833,0.9999999401215305,1.0000000000229345,1.000000061098115,1500,1650,6.904177795756947,6.8973934841156,6.905230522155762,outputs/runs/v2_corrected_2026-09-23_seed42_real_total_65/stage04_embeddings/held_out/transformer_soft.npz,outputs/runs/v2_corrected_2026-09-23_seed42_real_total_65/stage03_models/held_out/transformer_soft/compute.json,outputs/runs/v2_corrected_2026-09-23_seed42_real_total_65/stage03_models/held_out/transformer_soft/training_history.csv
real_total_65,42,total_65,transformer,soft,held_out,test,23400,512,100,0.01,0.12848665267657064,0.1311227281037528,0.05863072137270975,0.020963142198907686,0.01612215511060837,5.584114870789277e-05,0.14478654011650283,0.12697304875684592,0.007472693537667175,1.9724091426834296,2.0034057206247433,0.5644184068963545,0.9984965148881824,0.9116306189268263,0.9658779414927047,0.9990262550148079,0.04413004720615076,0.2612356282111675,0.42040306615975725,0.004387842465753425,4.336997321027228,4.959199247938658,5.667987394631469,0.9999999393217847,1.000000000457384,1.0000000603289199,1500,1650,6.904177795756947,6.8973934841156,6.905230522155762,outputs/runs/v2_corrected_2026-09-23_seed42_real_total_65/stage04_embeddings/held_out/transformer_soft.npz,outputs/runs/v2_corrected_2026-09-23_seed42_real_total_65/stage03_models/held_out/transformer_soft/compute.json,outputs/runs/v2_corrected_2026-09-23_seed42_real_total_65/stage03_models/held_out/transformer_soft/training_history.csv
real_total_65,42,total_65,transformer,infonce,held_out,validation,12000,512,100,0.01,0.32852951324326524,0.1626908715689119,0.3388227602748928,0.13756326502858734,0.10695449102494867,0.004703836056479533,0.37089522109160067,0.32703897477968685,0.06858451761498023,2.0441440822893,2.1511050562740377,0.551971696609104,0.9811258887456145,0.3727594238152136,0.7858402792091058,0.9883095036290177,0.1529088732011356,0.6544612107497465,1.120036260666144,0.0008408757338551859,2.799031292239586,3.214748882546783,3.7022406794726646,0.9999999459012062,1.000000000458049,1.0000000543838712,600,1650,6.2878663756630635,5.632407553990682,6.6946157542142,outputs/runs/v2_corrected_2026-09-23_seed42_real_total_65/stage04_embeddings/held_out/transformer_infonce.npz,outputs/runs/v2_corrected_2026-09-23_seed42_real_total_65/stage03_models/held_out/transformer_infonce/compute.json,outputs/runs/v2_corrected_2026-09-23_seed42_real_total_65/stage03_models/held_out/transformer_infonce/training_history.csv
real_total_65,42,total_65,transformer,infonce,held_out,test,23400,512,100,0.01,0.3012586044005599,0.16866235990666534,0.3692492984614342,0.159334677681429,0.09087786244906304,0.005347164013305757,0.3991674807413913,0.3014595535873147,0.07312430521588398,1.9394483229039607,2.1025272213893182,0.623473400140481,0.979076654391895,0.3368861516687011,0.7822160430458844,0.9904079172377562,0.13850636253370763,0.6599756883270462,1.1516196123106501,0.0005656800391389432,2.8210075328904893,3.2480623623220604,3.7648144248860578,0.9999999457708019,0.9999999999302427,1.0000000540968146,600,1650,6.2878663756630635,5.632407553990682,6.6946157542142,outputs/runs/v2_corrected_2026-09-23_seed42_real_total_65/stage04_embeddings/held_out/transformer_infonce.npz,outputs/runs/v2_corrected_2026-09-23_seed42_real_total_65/stage03_models/held_out/transformer_infonce/compute.json,outputs/runs/v2_corrected_2026-09-23_seed42_real_total_65/stage03_models/held_out/transformer_infonce/training_history.csv
real_total_65,42,total_65,transformer,time_contrastive_blocks,held_out,validation,12000,512,100,0.01,0.00036365592008294565,0.0005725285514949659,6.366111321961433e-05,4.206611386250524e-07,4.3464790856921427e-08,5.5508099903842364e-14,0.0006485839487877051,0.00020848211159934425,2.356015702491016e-07,1.2044672879474156,1.3646544821560425,0.9063511896108318,0.9999998804029473,0.9999982994755579,0.9999997689611484,1.0000000130112645,0.0001460122433044098,0.0006737641654145917,0.0018408164858838586,1.0,5.173993133574737,5.174617845236168,5.17585922392413,0.9999999410104986,0.9999999997379877,1.000000059252029,150,1500,6.93147087097168,6.9314712746938065,6.93147087097168,outputs/runs/v2_corrected_2026-09-23_seed42_real_total_65/stage04_embeddings/held_out/transformer_time_contrastive_blocks.npz,outputs/runs/v2_corrected_2026-09-23_seed42_real_total_65/stage03_models/held_out/transformer_time_contrastive_blocks/compute.json,outputs/runs/v2_corrected_2026-09-23_seed42_real_total_65/stage03_models/held_out/transformer_time_contrastive_blocks/training_history.csv
real_total_65,42,total_65,transformer,time_contrastive_blocks,held_out,test,23400,512,100,0.01,0.0003476167288906414,0.0006051628125062733,6.176512800952881e-05,4.5188933725567354e-07,3.900592044812637e-08,7.161224281721662e-14,0.0006722271470683653,0.00019749916568969695,2.676046390054115e-07,1.1713584389629264,1.319757283144584,0.9205411220458838,0.9999998541191197,0.9999982008724434,0.9999997885685655,1.0000000220821477,0.0001460710200584086,0.0006500135913373177,0.0018993766449830174,1.0,5.173871384131308,5.174647334264657,5.175861662873743,0.999999940841495,1.0000000000150187,1.0000000595345087,150,1500,6.93147087097168,6.9314712746938065,6.93147087097168,outputs/runs/v2_corrected_2026-09-23_seed42_real_total_65/stage04_embeddings/held_out/transformer_time_contrastive_blocks.npz,outputs/runs/v2_corrected_2026-09-23_seed42_real_total_65/stage03_models/held_out/transformer_time_contrastive_blocks/compute.json,outputs/runs/v2_corrected_2026-09-23_seed42_real_total_65/stage03_models/held_out/transformer_time_contrastive_blocks/training_history.csv
real_total_65,42,total_65,transformer,behavior_contrastive_blocks,held_out,validation,12000,512,100,0.01,0.0005800395598118907,0.0002735041717722113,2.5177547070481292e-05,3.658160808934577e-07,4.610253278183487e-08,4.4679631922905534e-14,0.0006048273149366336,0.00021471500362535187,2.1137557078079182e-07,1.2481126476029551,1.4197994968937424,0.8880784433373662,0.9999998915328767,0.9999985797647734,0.99999976559241,1.0000000212089244,0.00015282473530023,0.0006790557568438378,0.0016872297486599992,1.0,4.754565598102381,4.756191757793022,4.757660072829529,0.9999999352516227,0.999999999772394,1.000000065699389,150,1500,6.93147087097168,6.931471602121989,6.931471694599498,outputs/runs/v2_corrected_2026-09-23_seed42_real_total_65/stage04_embeddings/held_out/transformer_behavior_contrastive_blocks.npz,outputs/runs/v2_corrected_2026-09-23_seed42_real_total_65/stage03_models/held_out/transformer_behavior_contrastive_blocks/compute.json,outputs/runs/v2_corrected_2026-09-23_seed42_real_total_65/stage03_models/held_out/transformer_behavior_contrastive_blocks/training_history.csv
real_total_65,42,total_65,transformer,behavior_contrastive_blocks,held_out,test,23400,512,100,0.01,0.0005609346668698614,0.0002481231149565618,2.391222346232305e-05,3.3614462543684304e-07,4.065601459537755e-08,3.766390493222225e-14,0.0005797798077174153,0.00020163336677092298,1.9407190660222372e-07,1.2384086771072902,1.4079003287369816,0.8921019661963827,0.999999900042895,0.9999987299666984,0.9999997831316914,1.0000000205987845,0.00014301565043460266,0.0006495744526260692,0.0015971648988438135,1.0,4.7547470299714,4.75614173327908,4.757468038213664,0.9999999351212807,1.0000000007836132,1.000000066121737,150,1500,6.93147087097168,6.931471602121989,6.931471694599498,outputs/runs/v2_corrected_2026-09-23_seed42_real_total_65/stage04_embeddings/held_out/transformer_behavior_contrastive_blocks.npz,outputs/runs/v2_corrected_2026-09-23_seed42_real_total_65/stage03_models/held_out/transformer_behavior_contrastive_blocks/compute.json,outputs/runs/v2_corrected_2026-09-23_seed42_real_total_65/stage03_models/held_out/transformer_behavior_contrastive_blocks/training_history.csv
real_total_65,123,total_65,cnn1d,soft,held_out,validation,12000,512,100,0.01,0.10377239352504601,0.10128386361021509,0.11832134247534883,0.01856327584056088,0.016291276931162547,0.0001754371650030945,0.13624711314578697,0.1276372866021624,0.013245269533048186,2.0115351557935166,2.052549769864802,0.5299252404608478,0.9949918008734806,0.9090714482673232,0.9752100995131718,0.9985762107098788,0.05336263058424906,0.22266514388822795,0.42644704642961656,0.003485812133072407,0.12636187769812635,0.2197122119270821,0.35703490277018335,0.9999999413873797,0.9999999995021773,1.000000058115087,1350,1500,6.908967148173939,6.902824141184489,6.909126671877774,outputs/runs/v2_corrected_2026-09-23_seed123_real_total_65/stage04_embeddings/held_out/cnn1d_soft.npz,outputs/runs/v2_corrected_2026-09-23_seed123_real_total_65/stage03_models/held_out/cnn1d_soft/compute.json,outputs/runs/v2_corrected_2026-09-23_seed123_real_total_65/stage03_models/held_out/cnn1d_soft/training_history.csv
real_total_65,123,total_65,cnn1d,soft,held_out,test,23400,512,100,0.01,0.10501791511795731,0.10603870144301057,0.11541802732898478,0.019607234961849226,0.015843888600758912,0.00014468735784942764,0.14002583676539565,0.12587250931303035,0.01202860581486598,1.993823615724889,2.036315312459169,0.5508298435920893,0.995935270075101,0.904605426791907,0.9692338897212371,0.9983623553708312,0.05723042415717388,0.2480570214497887,0.436794307448226,0.0026372920743639922,0.14447159844688895,0.23821794656302614,0.3932944265289701,0.999999942335379,0.9999999998241207,1.0000000585311717,1350,1500,6.908967148173939,6.902824141184489,6.909126671877774,outputs/runs/v2_corrected_2026-09-23_seed123_real_total_65/stage04_embeddings/held_out/cnn1d_soft.npz,outputs/runs/v2_corrected_2026-09-23_seed123_real_total_65/stage03_models/held_out/cnn1d_soft/compute.json,outputs/runs/v2_corrected_2026-09-23_seed123_real_total_65/stage03_models/held_out/cnn1d_soft/training_history.csv
real_total_65,123,total_65,cnn1d,infonce,held_out,validation,12000,512,100,0.01,0.12485613279398924,0.4028433677328694,0.3527046763941804,0.16733938302131837,0.1251924212743846,0.009765808745003995,0.40907136666029115,0.35382541072453316,0.09882210656024286,2.087772347865927,2.2329922941912193,0.5535584000750435,0.9676947209514057,0.22515004005517042,0.7478757656212309,0.9858077330110567,0.16847682572966843,0.7101045643003066,1.244869419269243,0.000802654109589041,0.03766793421701781,0.05293735076445219,0.0748783267396178,0.9999999417478314,0.9999999997042968,1.0000000582283062,150,1500,6.306759530847723,5.9619093449910485,6.453529314561323,outputs/runs/v2_corrected_2026-09-23_seed123_real_total_65/stage04_embeddings/held_out/cnn1d_infonce.npz,outputs/runs/v2_corrected_2026-09-23_seed123_real_total_65/stage03_models/held_out/cnn1d_infonce/compute.json,outputs/runs/v2_corrected_2026-09-23_seed123_real_total_65/stage03_models/held_out/cnn1d_infonce/training_history.csv
real_total_65,123,total_65,cnn1d,infonce,held_out,test,23400,512,100,0.01,0.11914137454597656,0.4188001648854082,0.33448009627286635,0.18349555548114663,0.10835318004372191,0.009629328192523956,0.42836381205833274,0.3291704422388528,0.0981291403841079,1.9973961262028075,2.1814297723035163,0.6086530914340639,0.9680596058174549,0.19429888465601444,0.750495991020379,0.9862022716289308,0.16611901044738503,0.7064050579996896,1.269410176735625,0.00043572651663405086,0.036522310265332265,0.054136461704535836,0.07949643486796192,0.9999999407039164,1.0000000001804277,1.000000059557382,150,1500,6.306759530847723,5.9619093449910485,6.453529314561323,outputs/runs/v2_corrected_2026-09-23_seed123_real_total_65/stage04_embeddings/held_out/cnn1d_infonce.npz,outputs/runs/v2_corrected_2026-09-23_seed123_real_total_65/stage03_models/held_out/cnn1d_infonce/compute.json,outputs/runs/v2_corrected_2026-09-23_seed123_real_total_65/stage03_models/held_out/cnn1d_infonce/training_history.csv
real_total_65,123,total_65,cnn1d,time_contrastive_blocks,held_out,validation,12000,512,100,0.01,0.5907638794980251,0.5772440612014764,0.5622203763954255,0.36361605208842596,0.33696221828023076,0.29780934774566437,0.6030058474744884,0.580484468595182,0.5457191106656101,2.9803441916184603,2.990046204615014,0.36420328687088127,0.7017096943688623,-0.8980880293386376,0.009778419942122696,0.9121884525057747,0.41907418588057815,1.4072821443055958,1.9483777901392776,0.0002675513698630137,0.040966697981273274,0.08736131495502483,0.16244803273560243,0.9999999415694713,1.0000000001096814,1.0000000589476812,1350,1500,6.1020637858997695,6.098627452850342,6.1034181768243965,outputs/runs/v2_corrected_2026-09-23_seed123_real_total_65/stage04_embeddings/held_out/cnn1d_time_contrastive_blocks.npz,outputs/runs/v2_corrected_2026-09-23_seed123_real_total_65/stage03_models/held_out/cnn1d_time_contrastive_blocks/compute.json,outputs/runs/v2_corrected_2026-09-23_seed123_real_total_65/stage03_models/held_out/cnn1d_time_contrastive_blocks/training_history.csv
real_total_65,123,total_65,cnn1d,time_contrastive_blocks,held_out,test,23400,512,100,0.01,0.6066561410016128,0.5785087780691766,0.5439736401685589,0.3739028312656879,0.3342973649139997,0.2904538822613254,0.6114759449607874,0.5781845422648375,0.5389377350504652,2.9688779354190995,2.9842423134705416,0.3744067533869017,0.7091546627289107,-0.8989037666963635,-0.0056249509963799404,0.9145122562824333,0.4134918167337206,1.4181854534337992,1.9487964127164772,0.0002675513698630137,0.039114818035832985,0.0873812784558442,0.16484963843249853,0.9999999405248536,0.9999999996599023,1.0000000591097566,1350,1500,6.1020637858997695,6.098627452850342,6.1034181768243965,outputs/runs/v2_corrected_2026-09-23_seed123_real_total_65/stage04_embeddings/held_out/cnn1d_time_contrastive_blocks.npz,outputs/runs/v2_corrected_2026-09-23_seed123_real_total_65/stage03_models/held_out/cnn1d_time_contrastive_blocks/compute.json,outputs/runs/v2_corrected_2026-09-23_seed123_real_total_65/stage03_models/held_out/cnn1d_time_contrastive_blocks/training_history.csv
real_total_65,123,total_65,cnn1d,behavior_contrastive_blocks,held_out,validation,12000,512,100,0.01,0.40813286612036204,0.6800755236676626,0.606367921032853,0.46336759537415917,0.38226940503697676,0.15120327956936708,0.6807110953805287,0.6182793907587223,0.38884865895276927,2.5897464984777456,2.7448278597088596,0.46483634808900587,0.8483174460282399,-0.9140968508284459,-0.011725142155988966,0.9439141236934125,0.3349204385960783,1.4224803561056545,1.956577031663976,0.00035163894324853227,0.03993495869725037,0.08920947599474052,0.17566506009776744,0.9999999422075555,0.9999999994850419,1.0000000580051807,1650,1650,6.482711011713201,6.355423374176025,6.482711011713201,outputs/runs/v2_corrected_2026-09-23_seed123_real_total_65/stage04_embeddings/held_out/cnn1d_behavior_contrastive_blocks.npz,outputs/runs/v2_corrected_2026-09-23_seed123_real_total_65/stage03_models/held_out/cnn1d_behavior_contrastive_blocks/compute.json,outputs/runs/v2_corrected_2026-09-23_seed123_real_total_65/stage03_models/held_out/cnn1d_behavior_contrastive_blocks/training_history.csv
real_total_65,123,total_65,cnn1d,behavior_contrastive_blocks,held_out,test,23400,512,100,0.01,0.44454242609893646,0.6859093344409192,0.5642141418886134,0.48645969580618187,0.3265165287028848,0.17349311388248428,0.6974666270196602,0.5714162481964306,0.416525045924593,2.6064183050209437,2.7739293394274136,0.49313209937103547,0.8241272109223723,-0.9121615550164738,-0.007211572703775759,0.9420888631887284,0.34032659038201707,1.4193037356189824,1.9555876799188094,0.00021404109589041095,0.038537988015169375,0.09737859944609556,0.20622356902741146,0.9999999416622005,1.0000000001259908,1.0000000584662896,1650,1650,6.482711011713201,6.355423374176025,6.482711011713201,outputs/runs/v2_corrected_2026-09-23_seed123_real_total_65/stage04_embeddings/held_out/cnn1d_behavior_contrastive_blocks.npz,outputs/runs/v2_corrected_2026-09-23_seed123_real_total_65/stage03_models/held_out/cnn1d_behavior_contrastive_blocks/compute.json,outputs/runs/v2_corrected_2026-09-23_seed123_real_total_65/stage03_models/held_out/cnn1d_behavior_contrastive_blocks/training_history.csv
real_total_65,123,total_65,transformer,soft,held_out,validation,12000,512,100,0.01,0.1280291787792756,0.11167346706324878,0.0929163798776868,0.0199102812390764,0.017513084934761218,7.564625826188016e-05,0.1411037959768496,0.13233701271662898,0.008697485743700887,1.999871436539988,2.022298187524783,0.5309548158135763,0.9979827133208146,0.9110198520648431,0.9680659763718327,0.9988409832226168,0.048146498290512305,0.25272134962922715,0.4218532311083753,0.0046095278864970645,3.5359412980922365,4.989095735836449,5.580699454155006,0.9999999396910422,0.9999999997384026,1.0000000601496002,1200,1500,6.901958899064497,6.894618542989095,6.903570001775568,outputs/runs/v2_corrected_2026-09-23_seed123_real_total_65/stage04_embeddings/held_out/transformer_soft.npz,outputs/runs/v2_corrected_2026-09-23_seed123_real_total_65/stage03_models/held_out/transformer_soft/compute.json,outputs/runs/v2_corrected_2026-09-23_seed123_real_total_65/stage03_models/held_out/transformer_soft/training_history.csv
real_total_65,123,total_65,transformer,soft,held_out,test,23400,512,100,0.01,0.12728854947081988,0.10635362723391158,0.09513190438061225,0.021146394777913666,0.01535379978930424,6.491612762736798e-05,0.1454180001853748,0.12391045068638981,0.008057054525530282,1.9577992341729942,1.998328730556407,0.5783216398383489,0.9982246429343775,0.9121817012645841,0.9668303416063342,0.9988926301832375,0.04706006640305091,0.2575641099744112,0.4190901957983114,0.004166157045009785,3.820596457574912,5.104579559711569,5.723439352355714,0.9999999407887326,1.0000000002353995,1.0000000599010819,1200,1500,6.901958899064497,6.894618542989095,6.903570001775568,outputs/runs/v2_corrected_2026-09-23_seed123_real_total_65/stage04_embeddings/held_out/transformer_soft.npz,outputs/runs/v2_corrected_2026-09-23_seed123_real_total_65/stage03_models/held_out/transformer_soft/compute.json,outputs/runs/v2_corrected_2026-09-23_seed123_real_total_65/stage03_models/held_out/transformer_soft/training_history.csv
real_total_65,123,total_65,transformer,infonce,held_out,validation,12000,512,100,0.01,0.39339433955278125,0.37820792261674624,0.17137469962995514,0.17756801705165015,0.1429609981362964,0.0066678780153211605,0.42138820231664076,0.3781018356690382,0.08165707572109818,2.0583009516905633,2.1658445801101625,0.5426946916067992,0.9796212062099906,0.1970787151877158,0.7195969304426966,0.9856499978836053,0.16941117194178726,0.7488699000014569,1.2672184435476563,0.0007797211350293542,1.9946493767528397,2.3901947187235493,3.0870235557002625,0.9999999388891633,1.0000000004661747,1.0000000635772313,450,1500,6.303530649705366,5.763505385716756,6.358226299285889,outputs/runs/v2_corrected_2026-09-23_seed123_real_total_65/stage04_embeddings/held_out/transformer_infonce.npz,outputs/runs/v2_corrected_2026-09-23_seed123_real_total_65/stage03_models/held_out/transformer_infonce/compute.json,outputs/runs/v2_corrected_2026-09-23_seed123_real_total_65/stage03_models/held_out/transformer_infonce/training_history.csv
real_total_65,123,total_65,transformer,infonce,held_out,test,23400,512,100,0.01,0.36985287479177076,0.4107347964400617,0.15996276862910055,0.19243432191122867,0.13122029947487526,0.007441837381094122,0.4386733658557682,0.36224342571656876,0.08626608476738772,2.018683923445538,2.1543829323197152,0.5812032017126886,0.9775236575806248,0.16903471237523915,0.713270569396832,0.9883012212392734,0.1529623683038891,0.7572706221388644,1.289158871227426,0.000619190313111546,1.9987222919927656,2.401914752828803,3.22617833523804,0.9999999374184759,0.9999999995219929,1.0000000621680547,450,1500,6.303530649705366,5.763505385716756,6.358226299285889,outputs/runs/v2_corrected_2026-09-23_seed123_real_total_65/stage04_embeddings/held_out/transformer_infonce.npz,outputs/runs/v2_corrected_2026-09-23_seed123_real_total_65/stage03_models/held_out/transformer_infonce/compute.json,outputs/runs/v2_corrected_2026-09-23_seed123_real_total_65/stage03_models/held_out/transformer_infonce/training_history.csv
real_total_65,123,total_65,transformer,time_contrastive_blocks,held_out,validation,12000,512,100,0.01,0.003834339843879696,0.001534129986844274,0.002729746417710552,2.2488682329809145e-05,2.020407870846518e-06,1.845988127353993e-10,0.004742223353007442,0.0014214105215758458,1.3586714567377916e-05,1.178261262225809,1.3294574279353413,0.9175580474660524,0.9999924682058428,0.999908147925263,0.999986178351026,0.9999994055022161,0.0010879257325103345,0.00525774376173775,0.013553786211908338,0.8441551492172211,4.6747216212370555,4.681646294318945,4.691819248096895,0.9999999357676517,1.0000000002391394,1.0000000644495577,300,1500,6.931446985764937,6.931471850077311,6.931471824645996,outputs/runs/v2_corrected_2026-09-23_seed123_real_total_65/stage04_embeddings/held_out/transformer_time_contrastive_blocks.npz,outputs/runs/v2_corrected_2026-09-23_seed123_real_total_65/stage03_models/held_out/transformer_time_contrastive_blocks/compute.json,outputs/runs/v2_corrected_2026-09-23_seed123_real_total_65/stage03_models/held_out/transformer_time_contrastive_blocks/training_history.csv
real_total_65,123,total_65,transformer,time_contrastive_blocks,held_out,test,23400,512,100,0.01,0.0040671902599849355,0.0016645588358527525,0.0028990796866866955,2.549645464715783e-05,2.2219242635981025e-06,2.614052137595591e-10,0.005049401414737972,0.0014906120432889647,1.616803060856699e-05,1.1730012373103187,1.3221742919342483,0.9198306394729044,0.9999905693349033,0.9998947927857951,0.9999855077148059,0.9999993614234689,0.001121441615477745,0.0053815240453595195,0.014503167823430214,0.8205724070450098,4.673525186018957,4.680967849885381,4.692586188477231,0.999999934678898,0.9999999997863875,1.0000000644048306,300,1500,6.931446985764937,6.931471850077311,6.931471824645996,outputs/runs/v2_corrected_2026-09-23_seed123_real_total_65/stage04_embeddings/held_out/transformer_time_contrastive_blocks.npz,outputs/runs/v2_corrected_2026-09-23_seed123_real_total_65/stage03_models/held_out/transformer_time_contrastive_blocks/compute.json,outputs/runs/v2_corrected_2026-09-23_seed123_real_total_65/stage03_models/held_out/transformer_time_contrastive_blocks/training_history.csv
real_total_65,123,total_65,transformer,behavior_contrastive_blocks,held_out,validation,12000,512,100,0.01,0.003360445856460744,0.003961424478020518,0.0025491884461583065,3.0191908425168615e-05,3.294284940522709e-06,4.391703113216646e-10,0.005494716409894929,0.0018150165124655778,2.0956390703593607e-05,1.215687471809485,1.3794148820549488,0.9016107664068115,0.9999868852052876,0.9998397210680363,0.9999847821801591,0.9999992838011252,0.0011961949481457432,0.005517149433490125,0.017904422368579885,0.7825266022504892,4.415725745411819,4.458897717128197,4.47224882561623,0.999999932497273,0.9999999993801072,1.0000000680049805,150,1500,6.931458039717241,6.931471834182739,6.93147087097168,outputs/runs/v2_corrected_2026-09-23_seed123_real_total_65/stage04_embeddings/held_out/transformer_behavior_contrastive_blocks.npz,outputs/runs/v2_corrected_2026-09-23_seed123_real_total_65/stage03_models/held_out/transformer_behavior_contrastive_blocks/compute.json,outputs/runs/v2_corrected_2026-09-23_seed123_real_total_65/stage03_models/held_out/transformer_behavior_contrastive_blocks/training_history.csv
real_total_65,123,total_65,transformer,behavior_contrastive_blocks,held_out,test,23400,512,100,0.01,0.003462034280276935,0.004112715198444845,0.0026267006489914136,3.208728782163215e-05,3.7135329992399916e-06,3.7310542403279183e-10,0.005664564221688386,0.0019270529310945227,1.9315937047753905e-05,1.2284307938775183,1.3955986715501958,0.8962630656310002,0.9999895784083404,0.9998557718292258,0.9999856079964293,0.9999993032895419,0.0011824858397277067,0.00536573323832844,0.01698317374914475,0.7706473214285714,4.413967777377895,4.458993537486,4.474334580496463,0.9999999317862511,1.0000000002056773,1.0000000669612685,150,1500,6.931458039717241,6.931471834182739,6.93147087097168,outputs/runs/v2_corrected_2026-09-23_seed123_real_total_65/stage04_embeddings/held_out/transformer_behavior_contrastive_blocks.npz,outputs/runs/v2_corrected_2026-09-23_seed123_real_total_65/stage03_models/held_out/transformer_behavior_contrastive_blocks/compute.json,outputs/runs/v2_corrected_2026-09-23_seed123_real_total_65/stage03_models/held_out/transformer_behavior_contrastive_blocks/training_history.csv
real_total_65,456,total_65,cnn1d,soft,held_out,validation,12000,512,100,0.01,0.08801207562564504,0.12988805066892528,0.09258802021321728,0.017916454655128942,0.015132542111012861,0.0001433419115920217,0.13385236141035742,0.12301439798256487,0.011972548249726192,2.003097916853329,2.0430421761136888,0.5397768090124878,0.9956814759880666,0.9125744863122338,0.9761978712610384,0.998636402925239,0.052223002449781154,0.21818366689259083,0.4181517895322325,0.0039750489236790604,0.09579854413900277,0.15496421901773866,0.2554739009400492,0.9999999374519409,1.0000000005630358,1.0000000605839463,1500,1500,6.908958305012096,6.903749430974324,6.908958305012096,outputs/runs/v2_corrected_2026-09-23_seed456_real_total_65/stage04_embeddings/held_out/cnn1d_soft.npz,outputs/runs/v2_corrected_2026-09-23_seed456_real_total_65/stage03_models/held_out/cnn1d_soft/compute.json,outputs/runs/v2_corrected_2026-09-23_seed456_real_total_65/stage03_models/held_out/cnn1d_soft/training_history.csv
real_total_65,456,total_65,cnn1d,soft,held_out,test,23400,512,100,0.01,0.08842656703494578,0.13091046938989948,0.09256236528128145,0.017258156217466545,0.016138403523201686,0.00012947321571783106,0.1313703018854206,0.12703701635036022,0.011378629782088485,2.013213674441074,2.0446438041884543,0.514768813832452,0.9961381289612684,0.9085435142660542,0.9711136753806429,0.9983628011600224,0.05722298642374121,0.24035933197000647,0.42768321977252854,0.002476761252446184,0.10507143544866869,0.16754700887125318,0.27674594982540285,0.9999999392089811,1.0000000000965727,1.0000000619445089,1500,1500,6.908958305012096,6.903749430974324,6.908958305012096,outputs/runs/v2_corrected_2026-09-23_seed456_real_total_65/stage04_embeddings/held_out/cnn1d_soft.npz,outputs/runs/v2_corrected_2026-09-23_seed456_real_total_65/stage03_models/held_out/cnn1d_soft/compute.json,outputs/runs/v2_corrected_2026-09-23_seed456_real_total_65/stage03_models/held_out/cnn1d_soft/training_history.csv
real_total_65,456,total_65,cnn1d,infonce,held_out,validation,12000,512,100,0.01,0.4046849423617823,0.45090390573214406,0.18650621653004257,0.24272079569795518,0.14080418433088895,0.01837731541232174,0.4926670231484498,0.3752388363840941,0.13556295737524224,2.042636932334552,2.254849571873728,0.6039298567118705,0.9542741715566737,-0.03585055138785376,0.6635334944613978,0.98186023314603,0.19047218633906662,0.8203248866813335,1.4393404949895965,0.0006574119373776908,0.04413362714459872,0.07434723308044723,0.12448956705723768,0.9999999410243262,0.9999999996500764,1.0000000588614029,1650,2400,6.277764146978205,5.555192257563273,6.882839029485529,outputs/runs/v2_corrected_2026-09-23_seed456_real_total_65/stage04_embeddings/held_out/cnn1d_infonce.npz,outputs/runs/v2_corrected_2026-09-23_seed456_real_total_65/stage03_models/held_out/cnn1d_infonce/compute.json,outputs/runs/v2_corrected_2026-09-23_seed456_real_total_65/stage03_models/held_out/cnn1d_infonce/training_history.csv
real_total_65,456,total_65,cnn1d,infonce,held_out,test,23400,512,100,0.01,0.40610204112533194,0.46383139496937387,0.1767345583161492,0.26981247385014845,0.12115249325905249,0.020346145157359566,0.5194347638059552,0.3480696672493202,0.14263991432049994,1.924855550517736,2.1931232385316033,0.6559814840968597,0.9505334415954857,-0.10490803076193944,0.6583238398749605,0.9830311178990545,0.1842220242505526,0.8266512616244398,1.4865449968850122,0.00042043786692759293,0.04414424888001089,0.07826401026543642,0.14433211269337837,0.9999999414728998,1.0000000006848457,1.0000000586911413,1650,2400,6.277764146978205,5.555192257563273,6.882839029485529,outputs/runs/v2_corrected_2026-09-23_seed456_real_total_65/stage04_embeddings/held_out/cnn1d_infonce.npz,outputs/runs/v2_corrected_2026-09-23_seed456_real_total_65/stage03_models/held_out/cnn1d_infonce/compute.json,outputs/runs/v2_corrected_2026-09-23_seed456_real_total_65/stage03_models/held_out/cnn1d_infonce/training_history.csv
real_total_65,456,total_65,cnn1d,time_contrastive_blocks,held_out,validation,12000,512,100,0.01,0.5601521063599133,0.567012105640394,0.6035107534670304,0.36517378549608204,0.3480751698387033,0.28633268288760994,0.6042961074639502,0.5899789571151698,0.5351006287490325,2.969329623373678,2.9842040437740676,0.3653266241919853,0.7135474763253862,-0.8951170019798409,0.009756532294285414,0.917693596488941,0.40572515465587494,1.407297720433314,1.946852316795305,0.00022932974559686887,0.020487199529807633,0.04504339944864653,0.08571318712575673,0.999999940162133,0.9999999999131497,1.0000000596251009,1200,1500,6.102100285616788,6.09909034093221,6.103722225536,outputs/runs/v2_corrected_2026-09-23_seed456_real_total_65/stage04_embeddings/held_out/cnn1d_time_contrastive_blocks.npz,outputs/runs/v2_corrected_2026-09-23_seed456_real_total_65/stage03_models/held_out/cnn1d_time_contrastive_blocks/compute.json,outputs/runs/v2_corrected_2026-09-23_seed456_real_total_65/stage03_models/held_out/cnn1d_time_contrastive_blocks/training_history.csv
real_total_65,456,total_65,cnn1d,time_contrastive_blocks,held_out,test,23400,512,100,0.01,0.5429959643816524,0.570703159287213,0.6137010603283504,0.37981007635413233,0.3255963367598111,0.29181190785692745,0.6162873326250771,0.5706104947859013,0.5401961753445941,2.964748392759625,2.982343375083761,0.3808695331473224,0.7073741008159321,-0.9044991609315782,-0.004672203225329463,0.9185392548272635,0.4036351898704438,1.4175134508860119,1.9516655094931252,0.00015288649706457925,0.020803606652105167,0.04500903920476748,0.09364840321603148,0.9999999408119282,1.0000000000724811,1.0000000602277537,1200,1500,6.102100285616788,6.09909034093221,6.103722225536,outputs/runs/v2_corrected_2026-09-23_seed456_real_total_65/stage04_embeddings/held_out/cnn1d_time_contrastive_blocks.npz,outputs/runs/v2_corrected_2026-09-23_seed456_real_total_65/stage03_models/held_out/cnn1d_time_contrastive_blocks/compute.json,outputs/runs/v2_corrected_2026-09-23_seed456_real_total_65/stage03_models/held_out/cnn1d_time_contrastive_blocks/training_history.csv
real_total_65,456,total_65,cnn1d,behavior_contrastive_blocks,held_out,validation,12000,512,100,0.01,0.6226270404264858,0.6625618857252108,0.4091087314398697,0.4752447019395156,0.39350822577957395,0.12535255243058752,0.689379940192283,0.6273023400080491,0.3540516239626469,2.492929014738449,2.6665024561607034,0.4780626517298352,0.8739041732153878,-0.9293566501434507,-0.01489607237101831,0.9500461693992919,0.3160816831729146,1.4247077720707928,1.9643607749013545,0.0004433708414872798,0.011411037353129342,0.025957087701433425,0.04856081379698366,0.9999999413446501,0.9999999997795466,1.0000000571490693,300,1650,6.479879292574796,6.359233442942301,6.490451075813987,outputs/runs/v2_corrected_2026-09-23_seed456_real_total_65/stage04_embeddings/held_out/cnn1d_behavior_contrastive_blocks.npz,outputs/runs/v2_corrected_2026-09-23_seed456_real_total_65/stage03_models/held_out/cnn1d_behavior_contrastive_blocks/compute.json,outputs/runs/v2_corrected_2026-09-23_seed456_real_total_65/stage03_models/held_out/cnn1d_behavior_contrastive_blocks/training_history.csv
real_total_65,456,total_65,cnn1d,behavior_contrastive_blocks,held_out,test,23400,512,100,0.01,0.6138141138498839,0.6643260928644572,0.41506471098782916,0.5015018278810842,0.3448504483589806,0.1440656876432308,0.7081679376257332,0.5872396856131069,0.37955986042155565,2.5076068387146315,2.6975706757487767,0.5063537275866473,0.8545405143113836,-0.9266957541528842,-0.006352419060879688,0.9460302757540222,0.3285411808687849,1.4186983101849215,1.9630057317181198,0.0002675513698630137,0.010068086041086083,0.027625416677139032,0.054460847987437,0.999999941691995,1.000000000230485,1.0000000582456807,300,1650,6.479879292574796,6.359233442942301,6.490451075813987,outputs/runs/v2_corrected_2026-09-23_seed456_real_total_65/stage04_embeddings/held_out/cnn1d_behavior_contrastive_blocks.npz,outputs/runs/v2_corrected_2026-09-23_seed456_real_total_65/stage03_models/held_out/cnn1d_behavior_contrastive_blocks/compute.json,outputs/runs/v2_corrected_2026-09-23_seed456_real_total_65/stage03_models/held_out/cnn1d_behavior_contrastive_blocks/training_history.csv
real_total_65,456,total_65,transformer,soft,held_out,validation,12000,512,100,0.01,0.03510063494965068,0.14523702295418678,0.13253454617795227,0.02111061510081503,0.018699407641040274,8.455514736149957e-05,0.1452949245528385,0.13674577741575888,0.009195387287194573,2.0011457007525006,2.023872003033235,0.5291600066414306,0.9978805353550477,0.904515107830139,0.9665485361027157,0.9987033978020374,0.050923412888454485,0.25865627713410744,0.43700076650501185,0.0037915851272015653,1.873317797603184,4.065802776287746,5.261844984111618,0.9999999377447322,1.0000000005229255,1.0000000622750203,1500,1500,6.903492407365278,6.894328654607137,6.903492407365278,outputs/runs/v2_corrected_2026-09-23_seed456_real_total_65/stage04_embeddings/held_out/transformer_soft.npz,outputs/runs/v2_corrected_2026-09-23_seed456_real_total_65/stage03_models/held_out/transformer_soft/compute.json,outputs/runs/v2_corrected_2026-09-23_seed456_real_total_65/stage03_models/held_out/transformer_soft/training_history.csv
real_total_65,456,total_65,transformer,soft,held_out,test,23400,512,100,0.01,0.034478865609153184,0.1454809258593142,0.13078273572346957,0.021700453338963477,0.017683871204604032,7.497767729137921e-05,0.14731073735123137,0.13298071741648873,0.008658965139748469,1.9869420475126918,2.0146284027003762,0.5499451870056696,0.9980998732093203,0.9059459607563396,0.9641863975777485,0.9988482119692167,0.047996614535636396,0.26763267745299024,0.43371430715919307,0.003669275929549902,2.025197843730416,4.316829908013084,5.365777686012287,0.9999999389945056,1.0000000000626945,1.000000061614279,1500,1500,6.903492407365278,6.894328654607137,6.903492407365278,outputs/runs/v2_corrected_2026-09-23_seed456_real_total_65/stage04_embeddings/held_out/transformer_soft.npz,outputs/runs/v2_corrected_2026-09-23_seed456_real_total_65/stage03_models/held_out/transformer_soft/compute.json,outputs/runs/v2_corrected_2026-09-23_seed456_real_total_65/stage03_models/held_out/transformer_soft/training_history.csv
real_total_65,456,total_65,transformer,infonce,held_out,validation,12000,512,100,0.01,0.1635568930360446,0.3893275369145824,0.3735548142471555,0.17676435578744673,0.13596179840343867,0.005170324689161111,0.4204335331386481,0.368729980342579,0.07190496985022043,2.03099423558416,2.1310108716085896,0.5560437674874219,0.9837358227200997,0.23713778799796767,0.7104328620267106,0.9892211949153833,0.1468249869043822,0.7610087279278133,1.2352022059572085,0.0008867416829745596,3.739676515702354,4.040643622042873,4.32086150101263,0.9999999354943273,0.9999999990119455,1.0000000607303412,1200,1950,6.251795335249468,5.704294939041137,6.711935476823286,outputs/runs/v2_corrected_2026-09-23_seed456_real_total_65/stage04_embeddings/held_out/transformer_infonce.npz,outputs/runs/v2_corrected_2026-09-23_seed456_real_total_65/stage03_models/held_out/transformer_infonce/compute.json,outputs/runs/v2_corrected_2026-09-23_seed456_real_total_65/stage03_models/held_out/transformer_infonce/training_history.csv
real_total_65,456,total_65,transformer,infonce,held_out,test,23400,512,100,0.01,0.17174006068311806,0.4257332782159446,0.3451851829802901,0.20908043419099628,0.11495981018704626,0.005870137529299278,0.45725314016526586,0.33905723733176124,0.07661682275648918,1.9106672048526918,2.071140197395862,0.6337491805569135,0.9822068723773962,0.17733213040903992,0.698697103738056,0.9922250441718787,0.12469960109123043,0.776277002021255,1.2827064476513332,0.0005962573385518591,3.7805468619864437,4.044790103353122,4.381579625400243,0.9999999381035884,1.000000000543719,1.0000000634790958,1200,1950,6.251795335249468,5.704294939041137,6.711935476823286,outputs/runs/v2_corrected_2026-09-23_seed456_real_total_65/stage04_embeddings/held_out/transformer_infonce.npz,outputs/runs/v2_corrected_2026-09-23_seed456_real_total_65/stage03_models/held_out/transformer_infonce/compute.json,outputs/runs/v2_corrected_2026-09-23_seed456_real_total_65/stage03_models/held_out/transformer_infonce/training_history.csv
real_total_65,456,total_65,transformer,time_contrastive_blocks,held_out,validation,12000,512,100,0.01,0.6223598874935256,0.5608509249063344,0.5418430397417453,0.39592561928398795,0.3158148431080999,0.2838219703897964,0.6292262067682718,0.561974059106023,0.5327494442885853,2.9406365589980448,2.9703969740583243,0.39769039715335514,0.7149129366033659,-0.9627676226976387,-0.0215564506589645,0.9800369431654217,0.19981527192624876,1.4293750150055566,1.9812963336105862,0.002018101761252446,1.714585623243719,2.9728561828046933,5.104779166254291,0.9999999402643083,1.0000000000325844,1.0000000594513538,1650,1650,6.120668931440874,6.115784486134847,6.120668931440874,outputs/runs/v2_corrected_2026-09-23_seed456_real_total_65/stage04_embeddings/held_out/transformer_time_contrastive_blocks.npz,outputs/runs/v2_corrected_2026-09-23_seed456_real_total_65/stage03_models/held_out/transformer_time_contrastive_blocks/compute.json,outputs/runs/v2_corrected_2026-09-23_seed456_real_total_65/stage03_models/held_out/transformer_time_contrastive_blocks/training_history.csv
real_total_65,456,total_65,transformer,time_contrastive_blocks,held_out,test,23400,512,100,0.01,0.6236273742078112,0.5980781475464731,0.4690850570908163,0.40407065512215046,0.35056906720074693,0.21205095246424574,0.6356655214199921,0.5920887325399352,0.46048990484509617,2.822064015500484,2.9015069287948045,0.41799374470134754,0.7806423936892353,-0.9468615621752436,0.030926429531298094,0.9818256243027166,0.19065327845425192,1.3921735450143675,1.9732518825955194,0.001230736301369863,1.692226161778873,2.522732612140203,5.100017996068429,0.999999941515437,1.0000000005672671,1.0000000592363736,1650,1650,6.120668931440874,6.115784486134847,6.120668931440874,outputs/runs/v2_corrected_2026-09-23_seed456_real_total_65/stage04_embeddings/held_out/transformer_time_contrastive_blocks.npz,outputs/runs/v2_corrected_2026-09-23_seed456_real_total_65/stage03_models/held_out/transformer_time_contrastive_blocks/compute.json,outputs/runs/v2_corrected_2026-09-23_seed456_real_total_65/stage03_models/held_out/transformer_time_contrastive_blocks/training_history.csv
real_total_65,456,total_65,transformer,behavior_contrastive_blocks,held_out,validation,12000,512,100,0.01,0.002254508138037404,0.002040759896138398,0.0033232641767450546,1.5946215373532342e-05,4.346986719160526e-06,8.170089060801525e-11,0.003993271262202499,0.0020849428575288403,9.038854496451155e-06,1.507505176536642,1.6812408281370164,0.7857878269348586,0.9999959739935913,0.9999327096786979,0.9999869271522406,0.9999992349056703,0.0012428754465965701,0.005113241375051506,0.01159965827249858,0.8961442025440313,4.65254956053158,4.660420959596614,4.665716285708642,0.9999999369100689,0.999999999438004,1.0000000634216686,300,1500,6.931462157856334,6.9314713923136395,6.93147087097168,outputs/runs/v2_corrected_2026-09-23_seed456_real_total_65/stage04_embeddings/held_out/transformer_behavior_contrastive_blocks.npz,outputs/runs/v2_corrected_2026-09-23_seed456_real_total_65/stage03_models/held_out/transformer_behavior_contrastive_blocks/compute.json,outputs/runs/v2_corrected_2026-09-23_seed456_real_total_65/stage03_models/held_out/transformer_behavior_contrastive_blocks/training_history.csv
real_total_65,456,total_65,transformer,behavior_contrastive_blocks,held_out,test,23400,512,100,0.01,0.0023347730915357244,0.0021314742202127876,0.0032972330600028314,1.6498627133694168e-05,4.368277510303179e-06,8.069987971128566e-11,0.00406185021064221,0.0020900424661482787,8.98331117747157e-06,1.494854753005946,1.670513339285716,0.7906569569971599,0.9999961326526865,0.9999295604748526,0.9999877294260924,0.9999993690512787,0.0011272162542625272,0.004954477705269545,0.01186987780347428,0.888989114481409,4.65236716984815,4.660359374361141,4.66491030797525,0.9999999369129897,1.00000000072763,1.000000062981944,300,1500,6.931462157856334,6.9314713923136395,6.93147087097168,outputs/runs/v2_corrected_2026-09-23_seed456_real_total_65/stage04_embeddings/held_out/transformer_behavior_contrastive_blocks.npz,outputs/runs/v2_corrected_2026-09-23_seed456_real_total_65/stage03_models/held_out/transformer_behavior_contrastive_blocks/compute.json,outputs/runs/v2_corrected_2026-09-23_seed456_real_total_65/stage03_models/held_out/transformer_behavior_contrastive_blocks/training_history.csv
real_0_A,42,A,cnn1d,soft,held_out,validation,12000,512,100,0.01,0.06715452657782413,0.10718631759638192,0.08541463366017842,0.012724531188453542,0.010507027824053244,6.467910373618928e-05,0.11280306373699937,0.10250379419345045,0.008042331983709034,1.9929628991034458,2.0254438493009883,0.5462054055663838,0.9972236245434368,0.9378335439735453,0.9824018849120687,0.9988472331919753,0.04801766137771561,0.18760670871019472,0.3526086517536315,0.0036310543052837574,0.1105215194956218,0.17396482586676204,0.26540720109512855,0.9999999397490087,1.0000000003887375,1.0000000595833185,1500,1500,6.915942842310125,6.914194231033325,6.915942842310125,outputs/runs/clean_rebuild_2026-09-23_seed42_real_0_A/stage04_embeddings/held_out/cnn1d_soft.npz,outputs/runs/clean_rebuild_2026-09-23_seed42_real_0_A/stage03_models/held_out/cnn1d_soft/compute.json,outputs/runs/clean_rebuild_2026-09-23_seed42_real_0_A/stage03_models/held_out/cnn1d_soft/training_history.csv
real_0_A,42,A,cnn1d,soft,held_out,test,23400,512,100,0.01,0.06405433370135492,0.10209948205975854,0.09032968456574543,0.012702476497277966,0.009927336247534627,5.78706308485875e-05,0.11270526384015063,0.09963601882619873,0.007607274863483474,1.9804332910579325,2.0170560736012995,0.559884245868174,0.997449249009237,0.9351921115100549,0.9807167797276846,0.99882137876119,0.048551749491840594,0.19638334374782307,0.3600218482884217,0.003011863992172211,0.11719163493709918,0.17492007770876994,0.31995152905862184,0.9999999390764674,0.9999999996877325,1.0000000611376474,1500,1500,6.915942842310125,6.914194231033325,6.915942842310125,outputs/runs/clean_rebuild_2026-09-23_seed42_real_0_A/stage04_embeddings/held_out/cnn1d_soft.npz,outputs/runs/clean_rebuild_2026-09-23_seed42_real_0_A/stage03_models/held_out/cnn1d_soft/compute.json,outputs/runs/clean_rebuild_2026-09-23_seed42_real_0_A/stage03_models/held_out/cnn1d_soft/training_history.csv
real_0_A,42,A,cnn1d,infonce,held_out,validation,12000,512,100,0.01,0.25256515201995083,0.3820955130823234,0.2821722745272084,0.16192514110991163,0.11677873458802573,0.010727573233836793,0.40239923100064645,0.34172903679381084,0.10357399883096526,2.0957255972533866,2.255261857188039,0.5594593873870328,0.9629357028290125,0.26465562922645125,0.7531478180058025,0.9885919471474416,0.15104989537127597,0.7026409707816139,1.2127195530567696,0.0008408757338551859,0.05179335710256674,0.09934472779475859,0.20195488646461107,0.9999999394814193,0.9999999998008291,1.0000000594042384,2250,3000,6.3774026090448555,6.009346011479695,6.509368376298384,outputs/runs/clean_rebuild_2026-09-23_seed42_real_0_A/stage04_embeddings/held_out/cnn1d_infonce.npz,outputs/runs/clean_rebuild_2026-09-23_seed42_real_0_A/stage03_models/held_out/cnn1d_infonce/compute.json,outputs/runs/clean_rebuild_2026-09-23_seed42_real_0_A/stage03_models/held_out/cnn1d_infonce/training_history.csv
real_0_A,42,A,cnn1d,infonce,held_out,test,23400,512,100,0.01,0.21426279323141417,0.3698385097109874,0.2846766587103858,0.14619199404327538,0.1084089217649294,0.009140223023715317,0.3823506166377601,0.32925510134989466,0.09560451361580852,2.094648912892115,2.2457243473826387,0.5543010646376342,0.9653439616428582,0.28979172258854957,0.7794579548602962,0.987498770869997,0.15812168919817898,0.6641415942368042,1.1918122501938888,0.00048159246575342463,0.057117783728780756,0.109485827712266,0.237801386125529,0.9999999408259336,1.0000000002791531,1.0000000601304475,2250,3000,6.3774026090448555,6.009346011479695,6.509368376298384,outputs/runs/clean_rebuild_2026-09-23_seed42_real_0_A/stage04_embeddings/held_out/cnn1d_infonce.npz,outputs/runs/clean_rebuild_2026-09-23_seed42_real_0_A/stage03_models/held_out/cnn1d_infonce/compute.json,outputs/runs/clean_rebuild_2026-09-23_seed42_real_0_A/stage03_models/held_out/cnn1d_infonce/training_history.csv
real_0_A,42,A,cnn1d,time_contrastive_blocks,held_out,validation,12000,512,100,0.01,0.5577445540373893,0.5919503505645014,0.5812115980916489,0.36271614471616354,0.34137531223099093,0.29528295110156716,0.6022592006073162,0.5842733198007513,0.5433994397324745,2.9787433944306345,2.9891706281903683,0.36294319906026684,0.7045322066250355,-0.8904955964275362,0.0025580625754386688,0.9166866946667626,0.4081993146646449,1.4124035843992195,1.9444771110668735,0.00027519569471624265,0.02441508541154159,0.04684091694958379,0.09733971781540555,0.9999999415926778,1.0000000005075809,1.0000000575310313,1200,1800,6.102990063753995,6.100405708948771,6.104399897835472,outputs/runs/clean_rebuild_2026-09-23_seed42_real_0_A/stage04_embeddings/held_out/cnn1d_time_contrastive_blocks.npz,outputs/runs/clean_rebuild_2026-09-23_seed42_real_0_A/stage03_models/held_out/cnn1d_time_contrastive_blocks/compute.json,outputs/runs/clean_rebuild_2026-09-23_seed42_real_0_A/stage03_models/held_out/cnn1d_time_contrastive_blocks/training_history.csv
real_0_A,42,A,cnn1d,time_contrastive_blocks,held_out,test,23400,512,100,0.01,0.5890717884489457,0.5436196840910046,0.5961912857759422,0.3771297558792335,0.36044364857184175,0.2604412278597016,0.6141089120662828,0.6003695933105221,0.5103344274685979,2.929715288184821,2.9627941009306933,0.3778799865950233,0.7390406719221312,-0.8996307675093212,-0.01443876950373868,0.915098869200693,0.4120705859158441,1.4243866896685917,1.9491694566968596,0.00019110812133072406,0.02313574061022403,0.04820545956524985,0.10684162074653913,0.9999999413717707,1.0000000002843674,1.0000000597950631,1200,1800,6.102990063753995,6.100405708948771,6.104399897835472,outputs/runs/clean_rebuild_2026-09-23_seed42_real_0_A/stage04_embeddings/held_out/cnn1d_time_contrastive_blocks.npz,outputs/runs/clean_rebuild_2026-09-23_seed42_real_0_A/stage03_models/held_out/cnn1d_time_contrastive_blocks/compute.json,outputs/runs/clean_rebuild_2026-09-23_seed42_real_0_A/stage03_models/held_out/cnn1d_time_contrastive_blocks/training_history.csv
real_0_A,42,A,cnn1d,behavior_contrastive_blocks,held_out,validation,12000,512,100,0.01,0.612110267054842,0.6123065043627728,0.4356572231974773,0.47025897919743476,0.4432720690702692,0.025942691653667305,0.6857543140202873,0.6657868045179848,0.1610673512964912,2.109961415043611,2.22538561940198,0.5005557464935558,0.9723859320901949,-0.9597535044715968,0.08035234792592538,0.9801848796579862,0.19907323525055234,1.3562062530601766,1.9797744849006693,0.0006650562622309197,0.011885337728342788,0.03723297254400222,0.07205668254273079,0.9999999408360087,0.9999999999236318,1.0000000574421897,150,1650,6.562009074471214,6.516422828038533,6.577328291806308,outputs/runs/clean_rebuild_2026-09-23_seed42_real_0_A/stage04_embeddings/held_out/cnn1d_behavior_contrastive_blocks.npz,outputs/runs/clean_rebuild_2026-09-23_seed42_real_0_A/stage03_models/held_out/cnn1d_behavior_contrastive_blocks/compute.json,outputs/runs/clean_rebuild_2026-09-23_seed42_real_0_A/stage03_models/held_out/cnn1d_behavior_contrastive_blocks/training_history.csv
real_0_A,42,A,cnn1d,behavior_contrastive_blocks,held_out,test,23400,512,100,0.01,0.6111969942373549,0.5835659985965481,0.4468796701197823,0.4744409238066674,0.4176665008002005,0.021744108926600114,0.6887967216869338,0.6462712285102908,0.14745883807557997,2.087747352876792,2.1970910670643957,0.5191663048068759,0.9762060814818299,-0.9616174921378284,0.15766651454504554,0.9823594040774883,0.18783287627466433,1.2979471428742064,1.9807157445008783,0.00039750489236790604,0.01422283226116657,0.037409655552727836,0.07598393550668543,0.9999999411082602,0.9999999998565772,1.0000000584454558,150,1650,6.562009074471214,6.516422828038533,6.577328291806308,outputs/runs/clean_rebuild_2026-09-23_seed42_real_0_A/stage04_embeddings/held_out/cnn1d_behavior_contrastive_blocks.npz,outputs/runs/clean_rebuild_2026-09-23_seed42_real_0_A/stage03_models/held_out/cnn1d_behavior_contrastive_blocks/compute.json,outputs/runs/clean_rebuild_2026-09-23_seed42_real_0_A/stage03_models/held_out/cnn1d_behavior_contrastive_blocks/training_history.csv
real_0_A,42,A,transformer,soft,held_out,validation,12000,512,100,0.01,0.11251150334939532,0.053977089168171614,0.10722669022708775,0.015136645146785817,0.011914014420344107,2.1524086240102054e-05,0.12303107390730936,0.1091513372357119,0.004639405806792725,1.9751488297621362,1.997622420654072,0.5591216926050058,0.9992049371962124,0.9383486446379878,0.9758649479907511,0.9992982160040424,0.03746322967974628,0.21970410171215343,0.3511446828982023,0.006635273972602739,3.9820546417009726,6.218652550191228,6.9083573687073825,0.9999999451425271,0.9999999994812889,1.0000000547017742,1500,1500,6.912840236317027,6.909882946014404,6.912840236317027,outputs/runs/clean_rebuild_2026-09-23_seed42_real_0_A/stage04_embeddings/held_out/transformer_soft.npz,outputs/runs/clean_rebuild_2026-09-23_seed42_real_0_A/stage03_models/held_out/transformer_soft/compute.json,outputs/runs/clean_rebuild_2026-09-23_seed42_real_0_A/stage03_models/held_out/transformer_soft/training_history.csv
real_0_A,42,A,transformer,soft,held_out,test,23400,512,100,0.01,0.12046831894933309,0.050254346187852676,0.0960885873452159,0.015754574919534522,0.010493868063717986,2.3811561914205697e-05,0.12551722957241576,0.10243958250460602,0.004879709203856895,1.9262532191636814,1.9730338837452825,0.5996658905861918,0.999093661266365,0.9389963542931746,0.9762266553721478,0.9993878562684476,0.03499088914919589,0.2180520391667717,0.34929543003970254,0.006352433953033268,4.106226611345401,6.2688395119541855,7.002322636870291,0.9999999448323258,0.9999999994669941,1.0000000545795649,1500,1500,6.912840236317027,6.909882946014404,6.912840236317027,outputs/runs/clean_rebuild_2026-09-23_seed42_real_0_A/stage04_embeddings/held_out/transformer_soft.npz,outputs/runs/clean_rebuild_2026-09-23_seed42_real_0_A/stage03_models/held_out/transformer_soft/compute.json,outputs/runs/clean_rebuild_2026-09-23_seed42_real_0_A/stage03_models/held_out/transformer_soft/training_history.csv
real_0_A,42,A,transformer,infonce,held_out,validation,12000,512,100,0.01,0.00017056166337763815,0.0002820760067954154,0.0009237908887156391,9.433082814777173e-07,1.8819310103017495e-08,3.4644525801153735e-13,0.0009712405888747223,0.0001371834906357813,5.885960057726669e-07,1.0398855311454887,1.1011199406616763,0.9804395488328839,0.999999639917682,0.9999962122108894,0.9999996089293604,1.0000000135145464,0.0001532224114457242,0.0008803511430425491,0.002749929077062562,1.0,4.623700062177818,4.624707167276921,4.62611316334871,0.9999999334358831,0.9999999999907252,1.0000000667175113,450,1500,6.930492834611372,6.930494855244954,6.930495218797163,outputs/runs/clean_rebuild_2026-09-23_seed42_real_0_A/stage04_embeddings/held_out/transformer_infonce.npz,outputs/runs/clean_rebuild_2026-09-23_seed42_real_0_A/stage03_models/held_out/transformer_infonce/compute.json,outputs/runs/clean_rebuild_2026-09-23_seed42_real_0_A/stage03_models/held_out/transformer_infonce/training_history.csv
real_0_A,42,A,transformer,infonce,held_out,test,23400,512,100,0.01,0.00017061635936922427,0.0002995268458084739,0.0009369724472994506,9.768747678739059e-07,1.9911118295973353e-08,3.519753089673441e-13,0.000988369752609774,0.00014110676204907174,5.932750702392138e-07,1.0407487416231622,1.1029061130125835,0.9800243326910959,0.9999996468898792,0.999995932910335,0.9999995178225343,1.000000006653733,0.00017404190390047318,0.0009793102548358672,0.0028515815020441456,1.0,4.62352605001585,4.624672762714203,4.6260328468428265,0.9999999326026998,1.0000000002056928,1.0000000683766537,450,1500,6.930492834611372,6.930494855244954,6.930495218797163,outputs/runs/clean_rebuild_2026-09-23_seed42_real_0_A/stage04_embeddings/held_out/transformer_infonce.npz,outputs/runs/clean_rebuild_2026-09-23_seed42_real_0_A/stage03_models/held_out/transformer_infonce/compute.json,outputs/runs/clean_rebuild_2026-09-23_seed42_real_0_A/stage03_models/held_out/transformer_infonce/training_history.csv
real_0_A,42,A,transformer,time_contrastive_blocks,held_out,validation,12000,512,100,0.01,0.008468766004827459,0.00807076659301162,0.0033838967482482446,0.00013986654568699133,8.447299882651255e-06,6.5427089127132566e-09,0.011826518747585502,0.002906423899339402,8.088701325128315e-05,1.1204507055476758,1.244811396139691,0.943002828608518,0.999955888000371,0.9994196770045203,0.9999355938330119,0.9999976066659342,0.002192843195482271,0.01135023853994103,0.03406758976491292,0.4476440190802348,3.37517538636951,3.3795707735991725,3.383816633573908,0.9999999480533002,1.0000000003469096,1.0000000519250372,150,1500,6.93132209777832,6.931471548080444,6.931471824645996,outputs/runs/clean_rebuild_2026-09-23_seed42_real_0_A/stage04_embeddings/held_out/transformer_time_contrastive_blocks.npz,outputs/runs/clean_rebuild_2026-09-23_seed42_real_0_A/stage03_models/held_out/transformer_time_contrastive_blocks/compute.json,outputs/runs/clean_rebuild_2026-09-23_seed42_real_0_A/stage03_models/held_out/transformer_time_contrastive_blocks/training_history.csv
real_0_A,42,A,transformer,time_contrastive_blocks,held_out,test,23400,512,100,0.01,0.008146226428268108,0.007966910892140992,0.003719435863505779,0.0001338461555712472,9.82038407172872e-06,6.477556215456491e-09,0.01156918992718363,0.0031337492037061166,8.048326667982911e-05,1.1460589885231889,1.2838315002467857,0.9316025944223054,0.9999549145946697,0.999398599507801,0.9999352492517142,0.9999970281711033,0.0024395751998771507,0.011379855588570523,0.03468138225601425,0.4389142000978474,3.3758503773185478,3.379806351327873,3.3835180726986698,0.9999999477548825,0.9999999998784246,1.0000000518925751,150,1500,6.93132209777832,6.931471548080444,6.931471824645996,outputs/runs/clean_rebuild_2026-09-23_seed42_real_0_A/stage04_embeddings/held_out/transformer_time_contrastive_blocks.npz,outputs/runs/clean_rebuild_2026-09-23_seed42_real_0_A/stage03_models/held_out/transformer_time_contrastive_blocks/compute.json,outputs/runs/clean_rebuild_2026-09-23_seed42_real_0_A/stage03_models/held_out/transformer_time_contrastive_blocks/training_history.csv
real_0_A,42,A,transformer,behavior_contrastive_blocks,held_out,validation,12000,512,100,0.01,0.40221342509989955,0.6341982076096174,0.6382621430453673,0.46793571748774104,0.4193982113793744,0.08410859378714741,0.6840582705352966,0.6476096134087066,0.2900148164958946,2.3479054717259875,2.525204672435402,0.4816916148669351,0.9134188674824134,-0.87043860122877,-0.02094488377246745,0.9857311814114188,0.16893036540063225,1.4289471183841993,1.9341347401118751,0.000817942759295499,2.529520851593981,4.4964123749036835,5.516162694957952,0.9999999383219589,0.9999999994715689,1.000000060496123,1800,2550,6.527422948317095,6.437714910507202,6.534019426866011,outputs/runs/clean_rebuild_2026-09-23_seed42_real_0_A/stage04_embeddings/held_out/transformer_behavior_contrastive_blocks.npz,outputs/runs/clean_rebuild_2026-09-23_seed42_real_0_A/stage03_models/held_out/transformer_behavior_contrastive_blocks/compute.json,outputs/runs/clean_rebuild_2026-09-23_seed42_real_0_A/stage03_models/held_out/transformer_behavior_contrastive_blocks/training_history.csv
real_0_A,42,A,transformer,behavior_contrastive_blocks,held_out,test,23400,512,100,0.01,0.39360260531020624,0.6083853104839103,0.6589426905861949,0.4639808402419257,0.41182270801917925,0.08349861395435292,0.6811613907451931,0.6417341412292004,0.2889612672216692,2.348513230164047,2.5264944698173806,0.4836649582550574,0.9129590057823729,-0.8913042565891359,-0.025100061998769352,0.9846113053387251,0.17543477567304214,1.431852006085724,1.944892906921451,0.0007491438356164383,2.534724421944196,4.54976074691444,5.503698787390115,0.9999999392122175,0.9999999996994321,1.000000060580697,1800,2550,6.527422948317095,6.437714910507202,6.534019426866011,outputs/runs/clean_rebuild_2026-09-23_seed42_real_0_A/stage04_embeddings/held_out/transformer_behavior_contrastive_blocks.npz,outputs/runs/clean_rebuild_2026-09-23_seed42_real_0_A/stage03_models/held_out/transformer_behavior_contrastive_blocks/compute.json,outputs/runs/clean_rebuild_2026-09-23_seed42_real_0_A/stage03_models/held_out/transformer_behavior_contrastive_blocks/training_history.csv
real_0_A,123,A,cnn1d,soft,held_out,validation,12000,512,100,0.01,0.05802554494403658,0.0875693735109762,0.09902911535389283,0.011228814141987632,0.009557934079189322,5.711349823154477e-05,0.10596609902222329,0.0977646872811923,0.007557347301239025,1.9980652718367262,2.02774576541367,0.5387108345442565,0.9972599368101565,0.9439630665589851,0.9845454625393328,0.9989772414154545,0.04522810207033222,0.17580960215688562,0.3347743450163411,0.004043847847358122,0.11823950092568089,0.17667236006481385,0.2505929886569834,0.9999999416171136,0.9999999993535393,1.0000000588715638,1500,1500,6.916660222140226,6.9147520383199055,6.916660222140226,outputs/runs/v2_corrected_2026-09-23_seed123_real_0_A/stage04_embeddings/held_out/cnn1d_soft.npz,outputs/runs/v2_corrected_2026-09-23_seed123_real_0_A/stage03_models/held_out/cnn1d_soft/compute.json,outputs/runs/v2_corrected_2026-09-23_seed123_real_0_A/stage03_models/held_out/cnn1d_soft/training_history.csv
real_0_A,123,A,cnn1d,soft,held_out,test,23400,512,100,0.01,0.056186545953009204,0.0827560205520018,0.10071019007602856,0.010929583341805644,0.009169389357304391,4.991763346216104e-05,0.10454464759998784,0.09575692850809486,0.0070652412175495494,1.9946241037967596,2.023725362498735,0.5424409563705428,0.9975225616578267,0.9416276234295611,0.9831585609361753,0.9989125649126792,0.04663673657685116,0.18352869179632011,0.34167925101038654,0.003225905088062622,0.12519396979896447,0.1790161653507581,0.29693524124065235,0.9999999417243379,1.0000000002594471,1.0000000592086429,1500,1500,6.916660222140226,6.9147520383199055,6.916660222140226,outputs/runs/v2_corrected_2026-09-23_seed123_real_0_A/stage04_embeddings/held_out/cnn1d_soft.npz,outputs/runs/v2_corrected_2026-09-23_seed123_real_0_A/stage03_models/held_out/cnn1d_soft/compute.json,outputs/runs/v2_corrected_2026-09-23_seed123_real_0_A/stage03_models/held_out/cnn1d_soft/training_history.csv
real_0_A,123,A,cnn1d,infonce,held_out,validation,12000,512,100,0.01,0.30802644479571195,0.30439308787384045,0.2284403802707414,0.12654479399297816,0.10553252873480026,0.0076631056183486986,0.3557313508716629,0.32485770536467234,0.08753916619633008,2.1123370983122287,2.2445903845207966,0.5278408604921574,0.9680358224467462,0.374680952880028,0.8104752980865606,0.9877990745212432,0.15621100909700966,0.6156697969437672,1.1183192924414989,0.0008485200587084148,0.03884064394915698,0.05941258032817483,0.0967268895639956,0.9999999416854772,0.9999999997865476,1.0000000595473106,1650,2400,6.43015228618275,6.139060230255127,6.495339610359886,outputs/runs/v2_corrected_2026-09-23_seed123_real_0_A/stage04_embeddings/held_out/cnn1d_infonce.npz,outputs/runs/v2_corrected_2026-09-23_seed123_real_0_A/stage03_models/held_out/cnn1d_infonce/compute.json,outputs/runs/v2_corrected_2026-09-23_seed123_real_0_A/stage03_models/held_out/cnn1d_infonce/training_history.csv
real_0_A,123,A,cnn1d,infonce,held_out,test,23400,512,100,0.01,0.2944851271132088,0.3002210525666791,0.22632384195798957,0.12104317856485947,0.10004045433843006,0.007002766312480706,0.347912601905794,0.3162917234744375,0.08368253289952872,2.105479174767674,2.235937027947975,0.5306900322905811,0.969297747096897,0.3644276979143515,0.8080428155413144,0.987405470992437,0.1587106959086366,0.6196082428250778,1.1274504704362123,0.0005962573385518591,0.03985398331274661,0.061261492949536415,0.10266411714026873,0.9999999417731881,1.0000000004989273,1.0000000576662316,1650,2400,6.43015228618275,6.139060230255127,6.495339610359886,outputs/runs/v2_corrected_2026-09-23_seed123_real_0_A/stage04_embeddings/held_out/cnn1d_infonce.npz,outputs/runs/v2_corrected_2026-09-23_seed123_real_0_A/stage03_models/held_out/cnn1d_infonce/compute.json,outputs/runs/v2_corrected_2026-09-23_seed123_real_0_A/stage03_models/held_out/cnn1d_infonce/training_history.csv
real_0_A,123,A,cnn1d,time_contrastive_blocks,held_out,validation,12000,512,100,0.01,0.5733625657557565,0.5925443691848344,0.5651241468652571,0.36273319577042157,0.3378867800480312,0.29868206198422637,0.602273356351102,0.5812802938755375,0.5465181259429794,2.9813201055530802,2.990535364814188,0.36298654665812496,0.7011093236225305,-0.900298366165552,-0.00845254545403673,0.9265123124406343,0.38337385406477176,1.4201777996692067,1.9495119353371742,0.0002446183953033268,0.02198521352459814,0.041873854278832855,0.08193333713982956,0.999999940756856,1.0000000002447882,1.0000000582668263,900,1650,6.104786309328946,6.1013572311401365,6.1081320155750625,outputs/runs/v2_corrected_2026-09-23_seed123_real_0_A/stage04_embeddings/held_out/cnn1d_time_contrastive_blocks.npz,outputs/runs/v2_corrected_2026-09-23_seed123_real_0_A/stage03_models/held_out/cnn1d_time_contrastive_blocks/compute.json,outputs/runs/v2_corrected_2026-09-23_seed123_real_0_A/stage03_models/held_out/cnn1d_time_contrastive_blocks/training_history.csv
real_0_A,123,A,cnn1d,time_contrastive_blocks,held_out,test,23400,512,100,0.01,0.5825848144839437,0.5745203152030867,0.5746215712950057,0.3722469646352936,0.3571207005324601,0.27034366638461016,0.6101204509236627,0.5975957668294347,0.5199458302406225,2.9465095978653624,2.9719730662691406,0.37235445161681224,0.7295782713947863,-0.9025645405429984,-0.012454616432425847,0.9117623625515336,0.4200895603810937,1.4229930929724486,1.9506740042814903,0.00013759784735812132,0.01735341385254085,0.04068658407102267,0.09207045790903247,0.999999940750463,0.9999999996864546,1.0000000583859678,900,1650,6.104786309328946,6.1013572311401365,6.1081320155750625,outputs/runs/v2_corrected_2026-09-23_seed123_real_0_A/stage04_embeddings/held_out/cnn1d_time_contrastive_blocks.npz,outputs/runs/v2_corrected_2026-09-23_seed123_real_0_A/stage03_models/held_out/cnn1d_time_contrastive_blocks/compute.json,outputs/runs/v2_corrected_2026-09-23_seed123_real_0_A/stage03_models/held_out/cnn1d_time_contrastive_blocks/training_history.csv
real_0_A,123,A,cnn1d,behavior_contrastive_blocks,held_out,validation,12000,512,100,0.01,0.5608325280799332,0.5048123515019,0.6509785407154973,0.45343250876528884,0.4304880209533514,0.10930393424017487,0.6733739739292638,0.6561158593978288,0.3306114550952143,2.448678070669004,2.620029950173053,0.4565257152023702,0.8899504208701132,-0.9350761003319381,0.009778946703046909,0.9487393278371538,0.3201896248850896,1.40728177746779,1.9672702653985583,0.00035163894324853227,0.021474661272048272,0.05280265155140319,0.1094488144560138,0.9999999405687803,1.0000000007157346,1.0000000591703844,1650,1950,6.560295321724632,6.519027821222941,6.582996281710538,outputs/runs/v2_corrected_2026-09-23_seed123_real_0_A/stage04_embeddings/held_out/cnn1d_behavior_contrastive_blocks.npz,outputs/runs/v2_corrected_2026-09-23_seed123_real_0_A/stage03_models/held_out/cnn1d_behavior_contrastive_blocks/compute.json,outputs/runs/v2_corrected_2026-09-23_seed123_real_0_A/stage03_models/held_out/cnn1d_behavior_contrastive_blocks/training_history.csv
real_0_A,123,A,cnn1d,behavior_contrastive_blocks,held_out,test,23400,512,100,0.01,0.6058759386306191,0.4752806449127812,0.6101671319813453,0.4422067982940523,0.3902000304218757,0.13291569777407802,0.6649863143659818,0.6246599318204071,0.36457605211269434,2.5497273586971816,2.709521578038417,0.45809228124195284,0.8623095451243941,-0.9233358996037819,0.038341723133697256,0.9476072984682264,0.3237057709742075,1.3868369063255794,1.9612934304980452,0.00021404109589041095,0.023750231985292542,0.05567816880716055,0.11961610501897076,0.9999999413810291,0.9999999994470772,1.0000000587299618,1650,1950,6.560295321724632,6.519027821222941,6.582996281710538,outputs/runs/v2_corrected_2026-09-23_seed123_real_0_A/stage04_embeddings/held_out/cnn1d_behavior_contrastive_blocks.npz,outputs/runs/v2_corrected_2026-09-23_seed123_real_0_A/stage03_models/held_out/cnn1d_behavior_contrastive_blocks/compute.json,outputs/runs/v2_corrected_2026-09-23_seed123_real_0_A/stage03_models/held_out/cnn1d_behavior_contrastive_blocks/training_history.csv
real_0_A,123,A,transformer,soft,held_out,validation,12000,512,100,0.01,0.07144922415346837,0.11520855081850714,0.10875043136478468,0.017562144218410996,0.012619615570861744,2.5415611203820902e-05,0.13252224046706648,0.11233706232077525,0.005041389808755211,1.9510459043456767,1.9855672227031114,0.5813898183321679,0.9991586233778277,0.9311266410454387,0.9722434736625332,0.9992127733632993,0.03967916329742899,0.23561184933366436,0.37114211686800636,0.00597021771037182,3.8724812638133534,5.290134504198134,6.129598161328144,0.9999999401344155,0.9999999998158817,1.000000059082347,1500,1500,6.912198066711426,6.909020239512126,6.912198066711426,outputs/runs/v2_corrected_2026-09-23_seed123_real_0_A/stage04_embeddings/held_out/transformer_soft.npz,outputs/runs/v2_corrected_2026-09-23_seed123_real_0_A/stage03_models/held_out/transformer_soft/compute.json,outputs/runs/v2_corrected_2026-09-23_seed123_real_0_A/stage03_models/held_out/transformer_soft/training_history.csv
real_0_A,123,A,transformer,soft,held_out,test,23400,512,100,0.01,0.06873695708629653,0.11882469607180537,0.10692246674389569,0.01906482290836699,0.011183314653493474,2.964792123585728e-05,0.13807542470826223,0.1057511922083788,0.005444990471603902,1.8765175931809621,1.9462885973388055,0.6296637156310729,0.999020802850578,0.9281104863375562,0.9719835902916807,0.9992037512034655,0.039906417877664954,0.23671248456363717,0.3791820350676883,0.0052745841487279845,3.845177105633971,5.371714653288042,6.135124047089825,0.9999999408305235,0.9999999999920228,1.0000000589070124,1500,1500,6.912198066711426,6.909020239512126,6.912198066711426,outputs/runs/v2_corrected_2026-09-23_seed123_real_0_A/stage04_embeddings/held_out/transformer_soft.npz,outputs/runs/v2_corrected_2026-09-23_seed123_real_0_A/stage03_models/held_out/transformer_soft/compute.json,outputs/runs/v2_corrected_2026-09-23_seed123_real_0_A/stage03_models/held_out/transformer_soft/training_history.csv
real_0_A,123,A,transformer,infonce,held_out,validation,12000,512,100,0.01,0.1868828883960333,0.29934788242060767,0.2958069028219029,0.12407984485515332,0.08386552064745838,0.004108398086386885,0.35224969106466697,0.2895954430709475,0.06409678686476324,2.0033223515859846,2.1315694483895378,0.585133896022917,0.9806256771072936,0.4590175748167844,0.8224499893922936,0.9923703613691166,0.12352862876519285,0.5959027939316519,1.0401754178650113,0.0011007827788649706,2.307424617398443,3.09008665884023,3.8363184022384016,0.9999999437298892,1.0000000004929324,1.000000056120978,1500,2250,6.406073440204967,6.132632999420166,6.43938194621693,outputs/runs/v2_corrected_2026-09-23_seed123_real_0_A/stage04_embeddings/held_out/transformer_infonce.npz,outputs/runs/v2_corrected_2026-09-23_seed123_real_0_A/stage03_models/held_out/transformer_infonce/compute.json,outputs/runs/v2_corrected_2026-09-23_seed123_real_0_A/stage03_models/held_out/transformer_infonce/training_history.csv
real_0_A,123,A,transformer,infonce,held_out,test,23400,512,100,0.01,0.17436750125988895,0.29209839764463624,0.29594773189612555,0.1231087351069421,0.07639728776455061,0.0038132254019135276,0.35086854391202144,0.27640059291642377,0.06175131902974646,1.9678687080127768,2.108872096708125,0.6054947387046998,0.981245133285237,0.45041800105751895,0.8238901875561586,0.9931109919841519,0.11738047048614984,0.5934809552769986,1.048410264557071,0.0008485200587084148,2.384598976351001,3.1480786660814406,3.808077491914128,0.9999999426660596,1.000000000037435,1.0000000560956959,1500,2250,6.406073440204967,6.132632999420166,6.43938194621693,outputs/runs/v2_corrected_2026-09-23_seed123_real_0_A/stage04_embeddings/held_out/transformer_infonce.npz,outputs/runs/v2_corrected_2026-09-23_seed123_real_0_A/stage03_models/held_out/transformer_infonce/compute.json,outputs/runs/v2_corrected_2026-09-23_seed123_real_0_A/stage03_models/held_out/transformer_infonce/training_history.csv
real_0_A,123,A,transformer,time_contrastive_blocks,held_out,validation,12000,512,100,0.01,0.00284736006482506,0.008589612279791834,0.00585567114082183,0.00011543453233970097,7.492806350171092e-07,3.6522794179724923e-09,0.01074404636716079,0.0008656099785799082,6.043409152103217e-05,1.0130450547610188,1.0400953758706697,0.9935196717409387,0.9999685656330484,0.9995482681599352,0.9999533866699184,0.9999990371334917,0.0013826528508205068,0.009654057742739166,0.03005694695125949,0.513721563111546,5.125258187962305,5.143139385439354,5.185600180233116,0.9999999402995827,0.9999999997361271,1.0000000591158014,1350,1500,6.931357947262851,6.929282242457072,6.931471824645996,outputs/runs/v2_corrected_2026-09-23_seed123_real_0_A/stage04_embeddings/held_out/transformer_time_contrastive_blocks.npz,outputs/runs/v2_corrected_2026-09-23_seed123_real_0_A/stage03_models/held_out/transformer_time_contrastive_blocks/compute.json,outputs/runs/v2_corrected_2026-09-23_seed123_real_0_A/stage03_models/held_out/transformer_time_contrastive_blocks/training_history.csv
real_0_A,123,A,transformer,time_contrastive_blocks,held_out,test,23400,512,100,0.01,0.0025823560416328105,0.008208868640531806,0.005654510492864674,0.0001053045774358357,7.245035701364037e-07,3.026277844605245e-09,0.01026180186106883,0.0008511777547236557,5.501161554258559e-05,1.0138173714534866,1.0420659538006027,0.99313858918192,0.9999714588540951,0.9995901936953944,0.9999548087361658,0.9999990749333995,0.0013621886573400885,0.009505910672833327,0.02862998000022805,0.5206396771037182,5.124667670858195,5.143673669944082,5.183669713580458,0.9999999399270305,1.0000000002824982,1.0000000595568572,1350,1500,6.931357947262851,6.929282242457072,6.931471824645996,outputs/runs/v2_corrected_2026-09-23_seed123_real_0_A/stage04_embeddings/held_out/transformer_time_contrastive_blocks.npz,outputs/runs/v2_corrected_2026-09-23_seed123_real_0_A/stage03_models/held_out/transformer_time_contrastive_blocks/compute.json,outputs/runs/v2_corrected_2026-09-23_seed123_real_0_A/stage03_models/held_out/transformer_time_contrastive_blocks/training_history.csv
real_0_A,123,A,transformer,behavior_contrastive_blocks,held_out,validation,12000,512,100,0.01,0.0012245252383683632,0.0010786782023207604,0.0001515968302066466,2.67588917320312e-06,1.0323115759130845e-08,1.8847106354091285e-12,0.001635814528974211,0.00010160273499828066,1.3728476373615276e-06,1.0077169519433427,1.0255397794801508,0.9961563003535014,0.9999992983766323,0.9999893784473084,0.9999988761982017,0.999999991650073,0.00017553056313076554,0.00149416801128619,0.004609545318107221,1.0,5.30057897926693,5.30331758121789,5.310560131549274,0.9999999399692732,0.9999999997084839,1.0000000581098634,1500,1500,6.931470654227517,6.931470775604248,6.931470654227517,outputs/runs/v2_corrected_2026-09-23_seed123_real_0_A/stage04_embeddings/held_out/transformer_behavior_contrastive_blocks.npz,outputs/runs/v2_corrected_2026-09-23_seed123_real_0_A/stage03_models/held_out/transformer_behavior_contrastive_blocks/compute.json,outputs/runs/v2_corrected_2026-09-23_seed123_real_0_A/stage03_models/held_out/transformer_behavior_contrastive_blocks/training_history.csv
real_0_A,123,A,transformer,behavior_contrastive_blocks,held_out,test,23400,512,100,0.01,0.0011337933413700476,0.0010062712046918095,0.00014338667141880086,2.306177608112437e-06,1.254877891746545e-08,1.5197738133985543e-12,0.0015186104201250685,0.00011202133242139842,1.2327910664011782e-06,1.0108837544264984,1.0342255469170458,0.9945874206911242,0.9999993445656953,0.9999909540167993,0.9999989990719502,0.9999999980793621,0.00018048432325160307,0.001415172808309569,0.004254171810775685,1.0,5.300390288784042,5.303510314596389,5.310455817946978,0.9999999423972413,0.9999999997462616,1.000000058355188,1500,1500,6.931470654227517,6.931470775604248,6.931470654227517,outputs/runs/v2_corrected_2026-09-23_seed123_real_0_A/stage04_embeddings/held_out/transformer_behavior_contrastive_blocks.npz,outputs/runs/v2_corrected_2026-09-23_seed123_real_0_A/stage03_models/held_out/transformer_behavior_contrastive_blocks/compute.json,outputs/runs/v2_corrected_2026-09-23_seed123_real_0_A/stage03_models/held_out/transformer_behavior_contrastive_blocks/training_history.csv
real_0_A,456,A,cnn1d,soft,held_out,validation,12000,512,100,0.01,0.09694041492863147,0.05524738889017516,0.09331984957384656,0.011126805574687254,0.009973681467340467,5.958864781593616e-05,0.10548367444627275,0.09986832063943234,0.007719368356020858,2.005291264431574,2.032069537221761,0.5258395923426616,0.9971839114051686,0.9432397892574613,0.9843562738916796,0.9989084123865226,0.04672460202149323,0.1768825924748359,0.3369279970848451,0.00398269324853229,0.07750523428915047,0.1365562177620555,0.20437201983850217,0.9999999434144503,0.9999999996498667,1.000000057491184,1200,1500,6.916701533577659,6.914918216069539,6.916905879974365,outputs/runs/v2_corrected_2026-09-23_seed456_real_0_A/stage04_embeddings/held_out/cnn1d_soft.npz,outputs/runs/v2_corrected_2026-09-23_seed456_real_0_A/stage03_models/held_out/cnn1d_soft/compute.json,outputs/runs/v2_corrected_2026-09-23_seed456_real_0_A/stage03_models/held_out/cnn1d_soft/training_history.csv
real_0_A,456,A,cnn1d,soft,held_out,test,23400,512,100,0.01,0.0962121466593522,0.05543214050683039,0.09211430956727666,0.010860630820596361,0.009899222953142292,5.55811677888749e-05,0.10421435035827054,0.09949483882665619,0.007455277847865558,2.0063918177666684,2.0313804596732354,0.5217585340448024,0.9973298099249424,0.9392526332857157,0.9827992155324251,0.9988637609985329,0.047670610355891235,0.1854767082466881,0.3485608739237338,0.0027596012720156556,0.08292388911181622,0.13840504038741974,0.24631625459933895,0.9999999417369325,0.9999999993293305,1.0000000569433969,1200,1500,6.916701533577659,6.914918216069539,6.916905879974365,outputs/runs/v2_corrected_2026-09-23_seed456_real_0_A/stage04_embeddings/held_out/cnn1d_soft.npz,outputs/runs/v2_corrected_2026-09-23_seed456_real_0_A/stage03_models/held_out/cnn1d_soft/compute.json,outputs/runs/v2_corrected_2026-09-23_seed456_real_0_A/stage03_models/held_out/cnn1d_soft/training_history.csv
real_0_A,456,A,cnn1d,infonce,held_out,validation,12000,512,100,0.01,0.3636376923966033,0.2633856517027901,0.2696093406113377,0.15249228288547712,0.1123274136540395,0.009496732562218923,0.39050260291767214,0.33515282134280105,0.09745118040444109,2.092499924891571,2.244437461870665,0.5558991978162648,0.9653803726108693,0.29958244117266075,0.7714303839434495,0.9879652678162684,0.15514380625736293,0.676120728769853,1.1835688638370874,0.0008867416829745596,0.026395109266685587,0.04591703698409584,0.09000937663951437,0.9999999417477953,1.0000000004412848,1.0000000581537638,2100,2850,6.398564121939919,6.136041685740153,6.430360880765048,outputs/runs/v2_corrected_2026-09-23_seed456_real_0_A/stage04_embeddings/held_out/cnn1d_infonce.npz,outputs/runs/v2_corrected_2026-09-23_seed456_real_0_A/stage03_models/held_out/cnn1d_infonce/compute.json,outputs/runs/v2_corrected_2026-09-23_seed456_real_0_A/stage03_models/held_out/cnn1d_infonce/training_history.csv
real_0_A,456,A,cnn1d,infonce,held_out,test,23400,512,100,0.01,0.3457282938639773,0.2234936164365754,0.2732642771536644,0.13321309583585506,0.10316740563219018,0.0077807477076830035,0.3649836925615377,0.32119683316027603,0.08820854668161698,2.0954366014249066,2.235334226887815,0.5455947505411829,0.968132749427068,0.3390206019575486,0.7991614138760923,0.9871635773242509,0.16022755925619023,0.6337800723559397,1.149764612032201,0.00045865949119373774,0.028500763301392066,0.04876236885104891,0.0942827542206321,0.9999999426964579,0.9999999993651854,1.0000000582428272,2100,2850,6.398564121939919,6.136041685740153,6.430360880765048,outputs/runs/v2_corrected_2026-09-23_seed456_real_0_A/stage04_embeddings/held_out/cnn1d_infonce.npz,outputs/runs/v2_corrected_2026-09-23_seed456_real_0_A/stage03_models/held_out/cnn1d_infonce/compute.json,outputs/runs/v2_corrected_2026-09-23_seed456_real_0_A/stage03_models/held_out/cnn1d_infonce/training_history.csv
real_0_A,456,A,cnn1d,time_contrastive_blocks,held_out,validation,12000,512,100,0.01,0.5819212201396567,0.5905034709229267,0.5587268868124217,0.36221361407587355,0.35205572845618976,0.2853163459432609,0.6018418513827977,0.5933428422557988,0.5341501155511069,2.9688884268558167,2.98392591614542,0.3623637455517803,0.7145653952104334,-0.8941920106005199,-0.003049185297613499,0.9235210697550521,0.391098164353891,1.4163680278276836,1.9463771540598156,0.00019875244618395302,0.013197778428909337,0.027027706339685608,0.05627889784378771,0.9999999411712791,1.0000000000529239,1.0000000590573925,1050,1800,6.102941166270863,6.1007495085398356,6.10420374436812,outputs/runs/v2_corrected_2026-09-23_seed456_real_0_A/stage04_embeddings/held_out/cnn1d_time_contrastive_blocks.npz,outputs/runs/v2_corrected_2026-09-23_seed456_real_0_A/stage03_models/held_out/cnn1d_time_contrastive_blocks/compute.json,outputs/runs/v2_corrected_2026-09-23_seed456_real_0_A/stage03_models/held_out/cnn1d_time_contrastive_blocks/training_history.csv
real_0_A,456,A,cnn1d,time_contrastive_blocks,held_out,test,23400,512,100,0.01,0.581196013410769,0.5774539727779121,0.5669531194135838,0.3855787750257648,0.339259838616628,0.26788154659043717,0.6209498973554669,0.5824601605402965,0.5175727452160104,2.937135217638719,2.967494440960684,0.38840631073245474,0.730154017898046,-0.9040979952909798,0.003714022821443619,0.9159015009699825,0.41011830425102774,1.4115849089854784,1.9514599418178453,0.00020639677103718198,0.013439995533846389,0.028053756310465784,0.06478552638011861,0.9999999413985078,0.99999999934939,1.0000000585906694,1050,1800,6.102941166270863,6.1007495085398356,6.10420374436812,outputs/runs/v2_corrected_2026-09-23_seed456_real_0_A/stage04_embeddings/held_out/cnn1d_time_contrastive_blocks.npz,outputs/runs/v2_corrected_2026-09-23_seed456_real_0_A/stage03_models/held_out/cnn1d_time_contrastive_blocks/compute.json,outputs/runs/v2_corrected_2026-09-23_seed456_real_0_A/stage03_models/held_out/cnn1d_time_contrastive_blocks/training_history.csv
real_0_A,456,A,cnn1d,behavior_contrastive_blocks,held_out,validation,12000,512,100,0.01,0.5243400149886139,0.5126605331941463,0.6704940106112729,0.45352596431110265,0.42130790711593713,0.11256390359963518,0.6734433638481433,0.649082357729693,0.33550544496272366,2.4628966897658104,2.6335312880272874,0.45931434704605284,0.8859994356412295,-0.9323499252177453,0.022267549087337635,0.9508720498262386,0.31345823597458966,1.3983793763727892,1.9658839710536058,0.00027519569471624265,0.015532848497460406,0.038855945710216125,0.07752128827940727,0.9999999408406401,0.9999999999334268,1.0000000597015724,600,1950,6.556429646231911,6.511215292612712,6.566255612806841,outputs/runs/v2_corrected_2026-09-23_seed456_real_0_A/stage04_embeddings/held_out/cnn1d_behavior_contrastive_blocks.npz,outputs/runs/v2_corrected_2026-09-23_seed456_real_0_A/stage03_models/held_out/cnn1d_behavior_contrastive_blocks/compute.json,outputs/runs/v2_corrected_2026-09-23_seed456_real_0_A/stage03_models/held_out/cnn1d_behavior_contrastive_blocks/training_history.csv
real_0_A,456,A,cnn1d,behavior_contrastive_blocks,held_out,test,23400,512,100,0.01,0.49610002247806095,0.5618593412612142,0.6198965200762342,0.4341379432593574,0.38831447403228386,0.12366086216763161,0.6588914502855212,0.6231488377845888,0.3516544641656517,2.5246522603399515,2.6883375970886383,0.45886465467166676,0.8692959238049096,-0.9140976689623904,0.06682437841516986,0.9514587924862385,0.3115805496301348,1.3661447146903667,1.9565774670930358,0.0002675513698630137,0.017148881902728258,0.040689193685181126,0.08466887535566284,0.9999999415135032,0.9999999998558478,1.0000000587839268,600,1950,6.556429646231911,6.511215292612712,6.566255612806841,outputs/runs/v2_corrected_2026-09-23_seed456_real_0_A/stage04_embeddings/held_out/cnn1d_behavior_contrastive_blocks.npz,outputs/runs/v2_corrected_2026-09-23_seed456_real_0_A/stage03_models/held_out/cnn1d_behavior_contrastive_blocks/compute.json,outputs/runs/v2_corrected_2026-09-23_seed456_real_0_A/stage03_models/held_out/cnn1d_behavior_contrastive_blocks/training_history.csv
real_0_A,456,A,transformer,soft,held_out,validation,12000,512,100,0.01,0.06909696783759,0.11847178199369914,0.10740705689020598,0.01593171934220852,0.014404729187835674,1.2310496135455143e-05,0.12622091483668038,0.12001970333172664,0.0035086316614109186,1.9965643142149025,2.004055264121341,0.5249545567403726,0.99959436574903,0.9347022740711357,0.9714852984265266,0.9994436041743354,0.03335978237846213,0.23880811423730372,0.3613801508995849,0.00840875733855186,4.29543505930498,5.120849910792652,6.038525319338943,0.9999999391664489,0.9999999996531751,1.0000000593085476,1500,1500,6.914210926402699,6.911094350814819,6.914210926402699,outputs/runs/v2_corrected_2026-09-23_seed456_real_0_A/stage04_embeddings/held_out/transformer_soft.npz,outputs/runs/v2_corrected_2026-09-23_seed456_real_0_A/stage03_models/held_out/transformer_soft/compute.json,outputs/runs/v2_corrected_2026-09-23_seed456_real_0_A/stage03_models/held_out/transformer_soft/training_history.csv
real_0_A,456,A,transformer,soft,held_out,test,23400,512,100,0.01,0.06445590766016662,0.11881315104336211,0.10911560182192852,0.01700105766132799,0.013167668702192494,9.906775766755875e-06,0.1303881039870125,0.11475046275371831,0.003147503100356833,1.9695144869384555,1.9893126508122236,0.5633475042710142,0.9996717288115391,0.9356005467782733,0.9708101471101052,0.9994311645180187,0.03372740286754118,0.24161916737972514,0.35888547162075135,0.006665851272015655,4.407984846919001,5.194250584546682,6.072258377483185,0.9999999406365679,1.0000000000707852,1.0000000596801821,1500,1500,6.914210926402699,6.911094350814819,6.914210926402699,outputs/runs/v2_corrected_2026-09-23_seed456_real_0_A/stage04_embeddings/held_out/transformer_soft.npz,outputs/runs/v2_corrected_2026-09-23_seed456_real_0_A/stage03_models/held_out/transformer_soft/compute.json,outputs/runs/v2_corrected_2026-09-23_seed456_real_0_A/stage03_models/held_out/transformer_soft/training_history.csv
real_0_A,456,A,transformer,infonce,held_out,validation,12000,512,100,0.01,0.0006302663808834488,0.0011352210614878962,0.00017538604359913752,1.5427039610850467e-06,1.7416061545276293e-07,1.3292279876578546e-12,0.0012420563437642621,0.00041732555092249373,1.152921501082296e-06,1.2229466738124835,1.388535090187949,0.8985582134889756,0.9999992257822914,0.9999930449500583,0.9999991753362228,0.9999999587540975,0.00029862251880084204,0.0012836231579830876,0.0037336585848719867,1.0,4.315898159511964,4.31934397416177,4.321241685141701,0.9999999266439223,1.0000000003036833,1.0000000716535185,150,1500,6.930488976565274,6.930492525100708,6.930493354797363,outputs/runs/v2_corrected_2026-09-23_seed456_real_0_A/stage04_embeddings/held_out/transformer_infonce.npz,outputs/runs/v2_corrected_2026-09-23_seed456_real_0_A/stage03_models/held_out/transformer_infonce/compute.json,outputs/runs/v2_corrected_2026-09-23_seed456_real_0_A/stage03_models/held_out/transformer_infonce/training_history.csv
real_0_A,456,A,transformer,infonce,held_out,test,23400,512,100,0.01,0.0006935282842025529,0.0012857669008378256,0.0001999022950160579,2.000731012552154e-06,1.7349893209501224e-07,1.9030754912198177e-12,0.0014144719907273364,0.00041653203009494027,1.379520022043833e-06,1.1721430964596493,1.3208669199227905,0.920201318294444,0.9999991247136348,0.9999910559914394,0.9999990047526433,0.9999999535109623,0.00032503795945329744,0.00141063681388691,0.004231752772237293,1.0,4.3158220304486905,4.319339937030015,4.321608866394111,0.9999999276039269,0.999999999747768,1.0000000728106526,150,1500,6.930488976565274,6.930492525100708,6.930493354797363,outputs/runs/v2_corrected_2026-09-23_seed456_real_0_A/stage04_embeddings/held_out/transformer_infonce.npz,outputs/runs/v2_corrected_2026-09-23_seed456_real_0_A/stage03_models/held_out/transformer_infonce/compute.json,outputs/runs/v2_corrected_2026-09-23_seed456_real_0_A/stage03_models/held_out/transformer_infonce/training_history.csv
real_0_A,456,A,transformer,time_contrastive_blocks,held_out,validation,12000,512,100,0.01,0.0017528023578084087,0.004054185368149716,0.011320305699944858,0.00014529738698847354,2.3677485302172558e-06,5.226589880236151e-09,0.01205393657642488,0.0015387490146925378,7.229515806909998e-05,1.0326562001672888,1.0860764456077847,0.9839305932062873,0.999964606371884,0.9994430757337585,0.9999384964850648,0.999998361135658,0.0018152552641014425,0.011090966914456189,0.03337580830038132,0.46190832925636005,3.931406656866571,3.9421153647022797,3.967244887048458,0.999999956087311,1.0000000003103544,1.000000045321816,300,1500,6.931325825777921,6.931471846898397,6.931471824645996,outputs/runs/v2_corrected_2026-09-23_seed456_real_0_A/stage04_embeddings/held_out/transformer_time_contrastive_blocks.npz,outputs/runs/v2_corrected_2026-09-23_seed456_real_0_A/stage03_models/held_out/transformer_time_contrastive_blocks/compute.json,outputs/runs/v2_corrected_2026-09-23_seed456_real_0_A/stage03_models/held_out/transformer_time_contrastive_blocks/training_history.csv
real_0_A,456,A,transformer,time_contrastive_blocks,held_out,test,23400,512,100,0.01,0.0019598903935345185,0.0038690430195252186,0.010814228422856464,0.0001325767159557953,3.1826232541403704e-06,4.663293835462398e-09,0.01151419627919358,0.0017839908223251516,6.828831404759088e-05,1.0480561414031289,1.1179939717166134,0.9765233310067791,0.9999656514705705,0.9994917220193003,0.9999410541442308,0.9999984018156873,0.00178950803589376,0.010858251214081172,0.03188296267767359,0.4681843199608611,3.9318407053658384,3.9417250921275007,3.9638955016774196,0.9999999547369477,0.9999999999664714,1.0000000456439653,300,1500,6.931325825777921,6.931471846898397,6.931471824645996,outputs/runs/v2_corrected_2026-09-23_seed456_real_0_A/stage04_embeddings/held_out/transformer_time_contrastive_blocks.npz,outputs/runs/v2_corrected_2026-09-23_seed456_real_0_A/stage03_models/held_out/transformer_time_contrastive_blocks/compute.json,outputs/runs/v2_corrected_2026-09-23_seed456_real_0_A/stage03_models/held_out/transformer_time_contrastive_blocks/training_history.csv
real_0_A,456,A,transformer,behavior_contrastive_blocks,held_out,validation,12000,512,100,0.01,0.002402994599284113,0.00470430743215658,0.0021823107891503573,3.266833741022605e-05,1.4754521730581869e-09,2.8148633760226796e-10,0.005715622224239986,3.8411615080053414e-05,1.677755457753805e-05,1.0001075629407215,1.0006062983571218,0.999946221810935,0.9999913839753691,0.9998783960222835,0.999984936420085,0.999999884391793,0.0004632372017114434,0.005489749851124179,0.015593298200456516,0.7634005014677103,4.401008807615268,4.405044319109006,4.41307587083756,0.9999999320330719,1.0000000007971734,1.0000000675505778,1200,1500,6.931458993391558,6.9314708932240805,6.931469830599698,outputs/runs/v2_corrected_2026-09-23_seed456_real_0_A/stage04_embeddings/held_out/transformer_behavior_contrastive_blocks.npz,outputs/runs/v2_corrected_2026-09-23_seed456_real_0_A/stage03_models/held_out/transformer_behavior_contrastive_blocks/compute.json,outputs/runs/v2_corrected_2026-09-23_seed456_real_0_A/stage03_models/held_out/transformer_behavior_contrastive_blocks/training_history.csv
real_0_A,456,A,transformer,behavior_contrastive_blocks,held_out,test,23400,512,100,0.01,0.002455406159257349,0.004808835272288747,0.0022314746124369794,3.4133001719310404e-05,1.468195620608466e-09,3.8386838223508364e-10,0.005842345566577725,3.831704086445698e-05,1.9592559358978185e-05,1.0001085213967476,1.0006150355440437,0.9999457427292759,0.9999887543569199,0.9998705437052675,0.9999852382569321,0.9999998725207169,0.00047781228557678367,0.005431888361942316,0.016090724248395576,0.7608014310176126,4.400261957473116,4.404988906820874,4.413378191249478,0.9999999332484801,1.0000000004926737,1.0000000688048183,1200,1500,6.931458993391558,6.9314708932240805,6.931469830599698,outputs/runs/v2_corrected_2026-09-23_seed456_real_0_A/stage04_embeddings/held_out/transformer_behavior_contrastive_blocks.npz,outputs/runs/v2_corrected_2026-09-23_seed456_real_0_A/stage03_models/held_out/transformer_behavior_contrastive_blocks/compute.json,outputs/runs/v2_corrected_2026-09-23_seed456_real_0_A/stage03_models/held_out/transformer_behavior_contrastive_blocks/training_history.csv
real_0_B,42,B,cnn1d,soft,held_out,validation,12000,512,100,0.01,0.11988132083982443,0.054978529028163046,0.0741538020128467,0.015031825140527647,0.007774281701192173,8.875715697536334e-05,0.1226043438893078,0.08817188724980414,0.009421101685862611,1.830199449478008,1.9435763402470827,0.6565588308969355,0.9961232721460838,0.9387288420597497,0.9832516388904234,0.9989621694707925,0.04555889054160532,0.18302105063367924,0.35006050915844533,0.0034093688845401172,0.10328718607538638,0.16934514151693894,0.2842599816439432,0.9999999419372984,0.9999999999730593,1.0000000574585766,750,1500,6.918941541151567,6.912205327351888,6.919915416023948,outputs/runs/clean_rebuild_2026-09-23_seed42_real_0_B/stage04_embeddings/held_out/cnn1d_soft.npz,outputs/runs/clean_rebuild_2026-09-23_seed42_real_0_B/stage03_models/held_out/cnn1d_soft/compute.json,outputs/runs/clean_rebuild_2026-09-23_seed42_real_0_B/stage03_models/held_out/cnn1d_soft/training_history.csv
real_0_B,42,B,cnn1d,soft,held_out,test,23400,512,100,0.01,0.10701765151137291,0.0555721007231657,0.07586331636524318,0.012125734609519356,0.008121594626583413,4.981704703934417e-05,0.11011691336719967,0.09011989029389357,0.007058119228189913,1.9341852433809934,1.9917465087838575,0.5974108103852234,0.9975456132431424,0.9453341524910963,0.9843599509223562,0.9990419082198639,0.04377439025287614,0.17686195479694009,0.330653373628906,0.003455234833659491,0.11628745848502355,0.18115703590711404,0.3006194536184844,0.9999999425421463,0.9999999997064632,1.0000000582803075,750,1500,6.918941541151567,6.912205327351888,6.919915416023948,outputs/runs/clean_rebuild_2026-09-23_seed42_real_0_B/stage04_embeddings/held_out/cnn1d_soft.npz,outputs/runs/clean_rebuild_2026-09-23_seed42_real_0_B/stage03_models/held_out/cnn1d_soft/compute.json,outputs/runs/clean_rebuild_2026-09-23_seed42_real_0_B/stage03_models/held_out/cnn1d_soft/training_history.csv
real_0_B,42,B,cnn1d,infonce,held_out,validation,12000,512,100,0.01,0.3811517411241354,0.3009150679828,0.11410249737230485,0.1588390981080599,0.08457975479654634,0.005447793790268324,0.398546230829072,0.2908259871410159,0.07380917145089981,1.9107792309875593,2.089726868445398,0.6382498427071513,0.9781095865491864,0.3664531567605344,0.7958299916889757,0.9890861078745742,0.14774220350445622,0.6390149289545399,1.1256525512678401,0.0008332314090019569,0.060115107650752904,0.0932271136585483,0.24969592044675876,0.9999999399387696,0.9999999998722005,1.0000000592729021,2100,2850,6.416802709752863,6.075645068486532,6.579707492481578,outputs/runs/clean_rebuild_2026-09-23_seed42_real_0_B/stage04_embeddings/held_out/cnn1d_infonce.npz,outputs/runs/clean_rebuild_2026-09-23_seed42_real_0_B/stage03_models/held_out/cnn1d_infonce/compute.json,outputs/runs/clean_rebuild_2026-09-23_seed42_real_0_B/stage03_models/held_out/cnn1d_infonce/training_history.csv
real_0_B,42,B,cnn1d,infonce,held_out,test,23400,512,100,0.01,0.40015526039711835,0.29830755089115624,0.1291197657751362,0.17562749493931867,0.08301768500579382,0.007149720067289734,0.4190793420574661,0.28812789695861424,0.08455601733342065,1.8695563459406257,2.084461468625642,0.6607632235649508,0.9731006122880608,0.30112525159705883,0.7944168053989873,0.9903617807118853,0.13883968941009794,0.641222504215284,1.1822646436788316,0.0006344789628180039,0.06092585451254675,0.0945001918717176,0.2762225922119789,0.9999999394132099,0.9999999998798372,1.000000059635876,2100,2850,6.416802709752863,6.075645068486532,6.579707492481578,outputs/runs/clean_rebuild_2026-09-23_seed42_real_0_B/stage04_embeddings/held_out/cnn1d_infonce.npz,outputs/runs/clean_rebuild_2026-09-23_seed42_real_0_B/stage03_models/held_out/cnn1d_infonce/compute.json,outputs/runs/clean_rebuild_2026-09-23_seed42_real_0_B/stage03_models/held_out/cnn1d_infonce/training_history.csv
real_0_B,42,B,cnn1d,time_contrastive_blocks,held_out,validation,12000,512,100,0.01,0.6188373593991457,0.557716461616155,0.5517867598281098,0.38339595496706835,0.3209316288129612,0.29423158675153666,0.6191897568331282,0.5665082777973869,0.542431181581163,2.9626666810591367,2.9814144261092848,0.3839491602315103,0.7053438640046665,-0.8818915537960539,-0.01554771783854321,0.9208542139494462,0.397858703956415,1.4251650820990083,1.940047174885522,0.00021404109589041095,0.019231694549899862,0.04460354003984408,0.08785850181418438,0.9999999421387308,0.9999999995399405,1.0000000593213667,1500,1500,6.104831955649636,6.102149616877238,6.104831955649636,outputs/runs/clean_rebuild_2026-09-23_seed42_real_0_B/stage04_embeddings/held_out/cnn1d_time_contrastive_blocks.npz,outputs/runs/clean_rebuild_2026-09-23_seed42_real_0_B/stage03_models/held_out/cnn1d_time_contrastive_blocks/compute.json,outputs/runs/clean_rebuild_2026-09-23_seed42_real_0_B/stage03_models/held_out/cnn1d_time_contrastive_blocks/training_history.csv
real_0_B,42,B,cnn1d,time_contrastive_blocks,held_out,test,23400,512,100,0.01,0.5984220810748294,0.5609464601053742,0.5710095555314416,0.3678344919823372,0.32544606291342154,0.30558396235296714,0.606493604238608,0.5704788014584079,0.5527964927104433,2.9818696051004285,2.9909769139265725,0.3682526364991932,0.6940686578849871,-0.8926641501687504,-0.0205260175492612,0.9177108490304962,0.40568260921690513,1.4286539441171406,1.945591999947148,0.0001605308219178082,0.01722170017304092,0.046080399654072055,0.09533689267130271,0.9999999407393837,1.0000000004701834,1.0000000583402011,1500,1500,6.104831955649636,6.102149616877238,6.104831955649636,outputs/runs/clean_rebuild_2026-09-23_seed42_real_0_B/stage04_embeddings/held_out/cnn1d_time_contrastive_blocks.npz,outputs/runs/clean_rebuild_2026-09-23_seed42_real_0_B/stage03_models/held_out/cnn1d_time_contrastive_blocks/compute.json,outputs/runs/clean_rebuild_2026-09-23_seed42_real_0_B/stage03_models/held_out/cnn1d_time_contrastive_blocks/training_history.csv
real_0_B,42,B,cnn1d,behavior_contrastive_blocks,held_out,validation,12000,512,100,0.01,0.5629095061471864,0.6285692318824905,0.5262468757691035,0.5247179008462849,0.3806213644360533,0.08364531573636885,0.724374144241969,0.6169451875459061,0.28921499915524584,2.2895482092923087,2.491005132811888,0.5305622665075298,0.9154230335419289,-0.9442122024282369,-0.002849986444463104,0.9580948800822324,0.28950003558660514,1.416227285951599,1.9719088411963102,0.00045865949119373774,0.017162955038732105,0.06367130699820048,0.12305106202417881,0.9999999413933373,0.9999999991294155,1.0000000588484592,1050,1800,6.573361049998891,6.529998153050741,6.57446254383434,outputs/runs/clean_rebuild_2026-09-23_seed42_real_0_B/stage04_embeddings/held_out/cnn1d_behavior_contrastive_blocks.npz,outputs/runs/clean_rebuild_2026-09-23_seed42_real_0_B/stage03_models/held_out/cnn1d_behavior_contrastive_blocks/compute.json,outputs/runs/clean_rebuild_2026-09-23_seed42_real_0_B/stage03_models/held_out/cnn1d_behavior_contrastive_blocks/training_history.csv
real_0_B,42,B,cnn1d,behavior_contrastive_blocks,held_out,test,23400,512,100,0.01,0.5860343546290244,0.5952560123448017,0.5235775495436641,0.5471525719761361,0.3291072835340635,0.09568111585298741,0.7396976219889693,0.5736787285005985,0.3093236425703464,2.266250298023693,2.5051614079301765,0.562948356018712,0.9015566596407694,-0.9522785147110996,0.07265872189233358,0.9616778947677018,0.2768469189034636,1.3618672921274262,1.9759952081622008,0.0002599070450097847,0.01795225974658839,0.06529509983458044,0.14055624495953423,0.999999941929865,0.9999999999931513,1.0000000584991557,1050,1800,6.573361049998891,6.529998153050741,6.57446254383434,outputs/runs/clean_rebuild_2026-09-23_seed42_real_0_B/stage04_embeddings/held_out/cnn1d_behavior_contrastive_blocks.npz,outputs/runs/clean_rebuild_2026-09-23_seed42_real_0_B/stage03_models/held_out/cnn1d_behavior_contrastive_blocks/compute.json,outputs/runs/clean_rebuild_2026-09-23_seed42_real_0_B/stage03_models/held_out/cnn1d_behavior_contrastive_blocks/training_history.csv
real_0_B,42,B,transformer,soft,held_out,validation,12000,512,100,0.01,0.08363893357631927,0.10326993338864093,0.1362888396647047,0.019896550211638952,0.016272880407819122,6.838736773738954e-05,0.1410551318160348,0.12756520061450585,0.008269665515447982,1.9876058825740883,2.0148496973750887,0.5490548635866913,0.9981128177264549,0.9129785363250122,0.9696870041213708,0.9988605098566565,0.04773816044666458,0.24622337131500416,0.4171845547885329,0.0047700587084148725,2.139172980820974,4.5800795037037965,5.548280437054832,0.9999999395283296,0.9999999993345812,1.00000005993633,1500,1500,6.9091079451821065,6.901464497248332,6.9091079451821065,outputs/runs/clean_rebuild_2026-09-23_seed42_real_0_B/stage04_embeddings/held_out/transformer_soft.npz,outputs/runs/clean_rebuild_2026-09-23_seed42_real_0_B/stage03_models/held_out/transformer_soft/compute.json,outputs/runs/clean_rebuild_2026-09-23_seed42_real_0_B/stage03_models/held_out/transformer_soft/training_history.csv
real_0_B,42,B,transformer,soft,held_out,test,23400,512,100,0.01,0.08087948265055064,0.09633253487060588,0.13712260180553587,0.020290619787757185,0.014276830595767922,5.808525455687407e-05,0.14244514659249427,0.11948569201275909,0.007621368286395434,1.947764094908541,1.9921125452296151,0.5860016145263925,0.9983224734726417,0.9153887488375242,0.9692041567863141,0.9990375360679213,0.04387605683095966,0.24817672851448014,0.4113665704733025,0.004601883561643836,2.4410879843618067,4.79974580120672,5.750599360158054,0.9999999410620115,1.000000000021811,1.000000059302513,1500,1500,6.9091079451821065,6.901464497248332,6.9091079451821065,outputs/runs/clean_rebuild_2026-09-23_seed42_real_0_B/stage04_embeddings/held_out/transformer_soft.npz,outputs/runs/clean_rebuild_2026-09-23_seed42_real_0_B/stage03_models/held_out/transformer_soft/compute.json,outputs/runs/clean_rebuild_2026-09-23_seed42_real_0_B/stage03_models/held_out/transformer_soft/training_history.csv
real_0_B,42,B,transformer,infonce,held_out,validation,12000,512,100,0.01,0.22170075534787398,0.3965112645343253,0.2777615007101438,0.18434257583723232,0.09442646961191761,0.004778442609367066,0.42935134311800205,0.3072889025199537,0.0691262801643996,1.8731733161829385,2.0440245559230705,0.650129461909353,0.9831476461241622,0.30148823523765983,0.750164396299418,0.9905535364130469,0.13745121036394103,0.7068742089184026,1.1819574721667974,0.0010396281800391389,3.1605071689315754,4.635592517795641,5.47473242554273,0.9999999392738185,0.9999999994357491,1.0000000605602133,1800,2550,6.399894844401967,5.894568672180176,6.904992190274325,outputs/runs/clean_rebuild_2026-09-23_seed42_real_0_B/stage04_embeddings/held_out/transformer_infonce.npz,outputs/runs/clean_rebuild_2026-09-23_seed42_real_0_B/stage03_models/held_out/transformer_infonce/compute.json,outputs/runs/clean_rebuild_2026-09-23_seed42_real_0_B/stage03_models/held_out/transformer_infonce/training_history.csv
real_0_B,42,B,transformer,infonce,held_out,test,23400,512,100,0.01,0.21618482469398467,0.39915602103230724,0.2738317947247891,0.19282699567522263,0.0821896945596437,0.006040580116104815,0.43912070740882014,0.28668745099784837,0.07772116903459968,1.796365948706341,2.0149076053342596,0.6860772376904869,0.978507653943406,0.27252258119076794,0.7721528266574538,0.9925611244031779,0.12197437541442888,0.6750513344515059,1.2062150359609292,0.0007720768101761252,3.228618393769162,4.6942441746753625,5.682774106100333,0.9999999391951545,1.0000000001823315,1.0000000611928028,1800,2550,6.399894844401967,5.894568672180176,6.904992190274325,outputs/runs/clean_rebuild_2026-09-23_seed42_real_0_B/stage04_embeddings/held_out/transformer_infonce.npz,outputs/runs/clean_rebuild_2026-09-23_seed42_real_0_B/stage03_models/held_out/transformer_infonce/compute.json,outputs/runs/clean_rebuild_2026-09-23_seed42_real_0_B/stage03_models/held_out/transformer_infonce/training_history.csv
real_0_B,42,B,transformer,time_contrastive_blocks,held_out,validation,12000,512,100,0.01,0.007028174735099144,0.00029696957851268514,0.004587792793846188,7.028870105188796e-05,2.4645099278339746e-07,1.9998082313189222e-09,0.008383835700434971,0.0004964383071272779,4.471921545956416e-05,1.007069550424952,1.0238572089671865,0.996477731316217,0.999971648866182,0.9997273618794121,0.9999706937069088,0.9999996150956934,0.0008680103999027844,0.007655857345317178,0.023350207793922342,0.6088551859099804,4.711947837695365,4.732219308897374,4.763036308104573,0.9999999380019623,0.9999999998304945,1.0000000621369014,150,1500,6.931400732560591,6.931471417744954,6.931471824645996,outputs/runs/clean_rebuild_2026-09-23_seed42_real_0_B/stage04_embeddings/held_out/transformer_time_contrastive_blocks.npz,outputs/runs/clean_rebuild_2026-09-23_seed42_real_0_B/stage03_models/held_out/transformer_time_contrastive_blocks/compute.json,outputs/runs/clean_rebuild_2026-09-23_seed42_real_0_B/stage03_models/held_out/transformer_time_contrastive_blocks/training_history.csv
real_0_B,42,B,transformer,time_contrastive_blocks,held_out,test,23400,512,100,0.01,0.006920869481375774,0.00031058456534219036,0.004530109350138047,6.82213489582461e-05,2.9627214516999384e-07,2.0949642537966106e-09,0.008259621598974502,0.0005443088692736816,4.577077947551921e-05,1.0087471322236543,1.0286017592416585,0.995645529103928,0.9999694253804011,0.9997402293662626,0.9999749960627832,0.9999996079790947,0.00088563203950945,0.0070702666183099765,0.02279553447217528,0.6408084637964775,4.7114191545494055,4.731822726806833,4.763026409244313,0.9999999381402512,1.0000000000549787,1.00000006143984,150,1500,6.931400732560591,6.931471417744954,6.931471824645996,outputs/runs/clean_rebuild_2026-09-23_seed42_real_0_B/stage04_embeddings/held_out/transformer_time_contrastive_blocks.npz,outputs/runs/clean_rebuild_2026-09-23_seed42_real_0_B/stage03_models/held_out/transformer_time_contrastive_blocks/compute.json,outputs/runs/clean_rebuild_2026-09-23_seed42_real_0_B/stage03_models/held_out/transformer_time_contrastive_blocks/training_history.csv
real_0_B,42,B,transformer,behavior_contrastive_blocks,held_out,validation,12000,512,100,0.01,0.007516670418309043,0.0054441251746621296,0.003160629940687799,9.591388199138886e-05,2.1824097123827752e-07,4.303123057747052e-09,0.009793563293887923,0.0004671626817697209,6.559819401284651e-05,1.004640678246952,1.0167189620768255,0.9976851220358693,0.9999552394109813,0.999633988573742,0.9999629297839583,0.9999995332445362,0.0009709551066216392,0.008610808010274897,0.02705593978252567,0.5639065557729941,4.475467585802548,4.554573626040277,4.602780807713245,0.9999999354322088,1.0000000008746028,1.0000000649119853,150,1500,6.931431640278209,6.9314715258280435,6.931471824645996,outputs/runs/clean_rebuild_2026-09-23_seed42_real_0_B/stage04_embeddings/held_out/transformer_behavior_contrastive_blocks.npz,outputs/runs/clean_rebuild_2026-09-23_seed42_real_0_B/stage03_models/held_out/transformer_behavior_contrastive_blocks/compute.json,outputs/runs/clean_rebuild_2026-09-23_seed42_real_0_B/stage03_models/held_out/transformer_behavior_contrastive_blocks/training_history.csv
real_0_B,42,B,transformer,behavior_contrastive_blocks,held_out,test,23400,512,100,0.01,0.0075380099185605055,0.005530020825861831,0.0031092704442723233,9.683973737504722e-05,2.3077218425202417e-07,3.925483238294503e-09,0.00984071833633334,0.0004803875354877811,6.265367697345865e-05,1.004847301224934,1.0173353839609178,0.9975822916982471,0.9999595621315069,0.999622510449012,0.9999685612964218,0.9999995816416145,0.0009134809713147697,0.007929510023015375,0.027475535710370293,0.5914031922700587,4.473137837424009,4.556186099725375,4.6015126451223285,0.9999999359207979,0.9999999998119149,1.0000000642005107,150,1500,6.931431640278209,6.9314715258280435,6.931471824645996,outputs/runs/clean_rebuild_2026-09-23_seed42_real_0_B/stage04_embeddings/held_out/transformer_behavior_contrastive_blocks.npz,outputs/runs/clean_rebuild_2026-09-23_seed42_real_0_B/stage03_models/held_out/transformer_behavior_contrastive_blocks/compute.json,outputs/runs/clean_rebuild_2026-09-23_seed42_real_0_B/stage03_models/held_out/transformer_behavior_contrastive_blocks/training_history.csv
real_0_B,123,B,cnn1d,soft,held_out,validation,12000,512,100,0.01,0.12585129971176934,0.04922954002415742,0.11343963883792961,0.01778389758815254,0.013216235047087469,0.00013311071151716087,0.13335628064756658,0.1149618851928215,0.011537361549208765,1.9742778948805537,2.027744755396545,0.5712189183143653,0.9957244829896265,0.9196886531094015,0.9764067399733765,0.9986156740235486,0.052619759924385834,0.21722442860141322,0.40077759506003374,0.0033023483365949118,0.07198886224715344,0.13224297841242688,0.25291212087955467,0.9999999432875433,0.9999999999346696,1.0000000572086172,1500,1500,6.919020739468661,6.912618707021077,6.919020739468661,outputs/runs/v2_corrected_2026-09-23_seed123_real_0_B/stage04_embeddings/held_out/cnn1d_soft.npz,outputs/runs/v2_corrected_2026-09-23_seed123_real_0_B/stage03_models/held_out/cnn1d_soft/compute.json,outputs/runs/v2_corrected_2026-09-23_seed123_real_0_B/stage03_models/held_out/cnn1d_soft/training_history.csv
real_0_B,123,B,cnn1d,soft,held_out,test,23400,512,100,0.01,0.11290583314566772,0.05099659498995311,0.11691587459134356,0.016590040723610523,0.012323024322490364,0.00010587666995890366,0.12880233198048288,0.11100911819526522,0.010289638961542998,1.9716781338917786,2.021522252892193,0.5716969586947132,0.9963514634339574,0.9232524007756643,0.9773598619241284,0.9987105930567302,0.05078235735120266,0.21279153276951282,0.39178470279879835,0.002881910469667319,0.0854584091060404,0.1460561569719026,0.2695506338907692,0.9999999435294434,1.0000000001700848,1.000000056683856,1500,1500,6.919020739468661,6.912618707021077,6.919020739468661,outputs/runs/v2_corrected_2026-09-23_seed123_real_0_B/stage04_embeddings/held_out/cnn1d_soft.npz,outputs/runs/v2_corrected_2026-09-23_seed123_real_0_B/stage03_models/held_out/cnn1d_soft/compute.json,outputs/runs/v2_corrected_2026-09-23_seed123_real_0_B/stage03_models/held_out/cnn1d_soft/training_history.csv
real_0_B,123,B,cnn1d,infonce,held_out,validation,12000,512,100,0.01,0.21379378243274194,0.1998198718587638,0.348549041013832,0.1334382532614759,0.06925208621938217,0.004449118728872652,0.36529201094668895,0.2631579111852467,0.06670171458720271,1.896731832334871,2.0794035856309265,0.6441952412869998,0.9785211433527653,0.4645217682651057,0.8326696489428186,0.9904384033755029,0.13828664691879583,0.5784986245142605,1.0348702688667992,0.0008867416829745596,0.062264049704433486,0.09578865304925921,0.16932584062055933,0.9999999414962705,0.9999999998208908,1.0000000568652985,1350,2100,6.471690611405806,6.27535441716512,6.4787537401372735,outputs/runs/v2_corrected_2026-09-23_seed123_real_0_B/stage04_embeddings/held_out/cnn1d_infonce.npz,outputs/runs/v2_corrected_2026-09-23_seed123_real_0_B/stage03_models/held_out/cnn1d_infonce/compute.json,outputs/runs/v2_corrected_2026-09-23_seed123_real_0_B/stage03_models/held_out/cnn1d_infonce/training_history.csv
real_0_B,123,B,cnn1d,infonce,held_out,test,23400,512,100,0.01,0.22152178932334765,0.20866050236882977,0.3539548428419802,0.14725366626625774,0.06498878477695941,0.005662000277943177,0.3837364541795029,0.2549289798688243,0.07524626421253866,1.830521831191107,2.0554851052065866,0.6757717218416373,0.9740161330178694,0.41218435802923037,0.8356064997543751,0.991447417873478,0.1307867058306264,0.5733996403057727,1.0842652826812866,0.0005503913894324853,0.06265231346681607,0.09962349519566105,0.1764274945924164,0.9999999415670237,1.0000000002682754,1.0000000591029334,1350,2100,6.471690611405806,6.27535441716512,6.4787537401372735,outputs/runs/v2_corrected_2026-09-23_seed123_real_0_B/stage04_embeddings/held_out/cnn1d_infonce.npz,outputs/runs/v2_corrected_2026-09-23_seed123_real_0_B/stage03_models/held_out/cnn1d_infonce/compute.json,outputs/runs/v2_corrected_2026-09-23_seed123_real_0_B/stage03_models/held_out/cnn1d_infonce/training_history.csv
real_0_B,123,B,cnn1d,time_contrastive_blocks,held_out,validation,12000,512,100,0.01,0.5959472617716556,0.5693710599962257,0.557795323272718,0.37144397487459035,0.31228946039542016,0.3068212763952373,0.6094620372710595,0.5588286502993741,0.5539145027847143,2.9766248746464177,2.9884606773166156,0.374985824104704,0.6902530745833999,-0.895950058500735,-0.008459648181190271,0.9173405371221894,0.4065942847276844,1.4201828345898257,1.9472802142890133,0.0002216854207436399,0.029512141663021258,0.07207721274080305,0.14205889676802355,0.999999940320333,0.9999999998994922,1.0000000600164114,2250,2250,6.108484918420965,6.101328887939453,6.108484918420965,outputs/runs/v2_corrected_2026-09-23_seed123_real_0_B/stage04_embeddings/held_out/cnn1d_time_contrastive_blocks.npz,outputs/runs/v2_corrected_2026-09-23_seed123_real_0_B/stage03_models/held_out/cnn1d_time_contrastive_blocks/compute.json,outputs/runs/v2_corrected_2026-09-23_seed123_real_0_B/stage03_models/held_out/cnn1d_time_contrastive_blocks/training_history.csv
real_0_B,123,B,cnn1d,time_contrastive_blocks,held_out,test,23400,512,100,0.01,0.5796575711744623,0.5855859459394251,0.5660064323920327,0.3774011814612591,0.3334078057114377,0.28851080021192754,0.6143298637224623,0.5774147605590263,0.5371320137656361,2.9648112505606266,2.982188559115582,0.3776580692442575,0.7112928175204003,-0.8999204758448199,-0.016526284992808088,0.9197607713766542,0.4005975107868748,1.4258514952014305,1.9493180453126293,0.00011466487279843444,0.025523815532558624,0.07329721675123474,0.1399559959002895,0.999999941348018,0.9999999997515572,1.0000000585617799,2250,2250,6.108484918420965,6.101328887939453,6.108484918420965,outputs/runs/v2_corrected_2026-09-23_seed123_real_0_B/stage04_embeddings/held_out/cnn1d_time_contrastive_blocks.npz,outputs/runs/v2_corrected_2026-09-23_seed123_real_0_B/stage03_models/held_out/cnn1d_time_contrastive_blocks/compute.json,outputs/runs/v2_corrected_2026-09-23_seed123_real_0_B/stage03_models/held_out/cnn1d_time_contrastive_blocks/training_history.csv
real_0_B,123,B,cnn1d,behavior_contrastive_blocks,held_out,validation,12000,512,100,0.01,0.593523825776057,0.4588192004965272,0.6598969448243239,0.5751047082485031,0.32775853244579184,0.09546952199919315,0.758356583836722,0.5725019933989679,0.30898142662495615,2.2282597609102663,2.4790066681411504,0.5760651455501455,0.9043710418341699,-0.9265703452190344,-0.03742850790582164,0.9666278190321347,0.25834931635909547,1.440436417415494,1.9629418408967538,0.0003822162426614481,0.02766358681853003,0.09104917892695244,0.25947288085118964,0.9999999417423034,0.9999999999457612,1.00000006006331,2100,2850,6.566298744895241,6.4435520362854,6.605613578449596,outputs/runs/v2_corrected_2026-09-23_seed123_real_0_B/stage04_embeddings/held_out/cnn1d_behavior_contrastive_blocks.npz,outputs/runs/v2_corrected_2026-09-23_seed123_real_0_B/stage03_models/held_out/cnn1d_behavior_contrastive_blocks/compute.json,outputs/runs/v2_corrected_2026-09-23_seed123_real_0_B/stage03_models/held_out/cnn1d_behavior_contrastive_blocks/training_history.csv
real_0_B,123,B,cnn1d,behavior_contrastive_blocks,held_out,test,23400,512,100,0.01,0.6149670863966895,0.43554241106799696,0.6475397709736441,0.6142064626882081,0.2759858519204147,0.09703933896103885,0.7837132528471163,0.5253435560853628,0.31151137854184213,2.1057776439893168,2.4099040489946533,0.6221502931630505,0.9017056041404657,-0.9422376151413963,-0.03697806420330885,0.975281456506949,0.22234454643664497,1.4401236208192394,1.970907212270608,0.00033635029354207435,0.026748912394439994,0.09214657834920026,0.2901690733625191,0.9999999401457647,0.999999999951878,1.0000000594849914,2100,2850,6.566298744895241,6.4435520362854,6.605613578449596,outputs/runs/v2_corrected_2026-09-23_seed123_real_0_B/stage04_embeddings/held_out/cnn1d_behavior_contrastive_blocks.npz,outputs/runs/v2_corrected_2026-09-23_seed123_real_0_B/stage03_models/held_out/cnn1d_behavior_contrastive_blocks/compute.json,outputs/runs/v2_corrected_2026-09-23_seed123_real_0_B/stage03_models/held_out/cnn1d_behavior_contrastive_blocks/training_history.csv
real_0_B,123,B,transformer,soft,held_out,validation,12000,512,100,0.01,0.0893227342521244,0.13076378133532837,0.08274735228444675,0.017686224774446944,0.014184555902937988,5.6721621282174606e-05,0.1329895664119819,0.11909893325692715,0.007531375789467327,1.9831726592097536,2.0115481819649808,0.5539495263049531,0.9982234244084749,0.9223400440059837,0.9733132933699589,0.998997886277029,0.04476855494289228,0.23102679491702238,0.394106547522877,0.004617172211350293,2.8781930751692344,5.006412459877722,5.870927546883593,0.9999999375543521,0.9999999996782158,1.0000000620967016,1500,1500,6.907491077076305,6.901459213892619,6.907491077076305,outputs/runs/v2_corrected_2026-09-23_seed123_real_0_B/stage04_embeddings/held_out/transformer_soft.npz,outputs/runs/v2_corrected_2026-09-23_seed123_real_0_B/stage03_models/held_out/transformer_soft/compute.json,outputs/runs/v2_corrected_2026-09-23_seed123_real_0_B/stage03_models/held_out/transformer_soft/training_history.csv
real_0_B,123,B,transformer,soft,held_out,test,23400,512,100,0.01,0.08424293072439959,0.13169798144001263,0.08069193092423882,0.018536361564039344,0.012360217852672797,5.7160801390921615e-05,0.13614830723897872,0.11117651664210745,0.00756047626746633,1.9302626536066962,1.9842839118281719,0.59884076797926,0.9981533475118625,0.9229208006216669,0.9731861672143444,0.9989804189275571,0.04515867078301233,0.2315766092008776,0.39263009560549406,0.004250244618395303,3.2350546418675354,5.16752830397797,6.094890406744283,0.9999999380813973,0.9999999997116022,1.0000000608370525,1500,1500,6.907491077076305,6.901459213892619,6.907491077076305,outputs/runs/v2_corrected_2026-09-23_seed123_real_0_B/stage04_embeddings/held_out/transformer_soft.npz,outputs/runs/v2_corrected_2026-09-23_seed123_real_0_B/stage03_models/held_out/transformer_soft/compute.json,outputs/runs/v2_corrected_2026-09-23_seed123_real_0_B/stage03_models/held_out/transformer_soft/training_history.csv
real_0_B,123,B,transformer,infonce,held_out,validation,12000,512,100,0.01,0.28039250393169524,0.3326711592721486,0.279772372146531,0.16739726227004575,0.09567369650202251,0.0045139766616092815,0.4091421052275673,0.30931164947674133,0.06718613444461052,1.9250005950945752,2.075162605404977,0.6255855248306238,0.9831306771650151,0.3290575920584401,0.7660067962855228,0.9901561277543443,0.14031337598494825,0.6840953304465012,1.158397552067891,0.0009402519569471624,2.9838117737209475,4.308218221498813,5.312338357373357,0.9999999378853868,1.0000000003767648,1.0000000627106311,2100,2850,6.470948002555153,5.780525534947714,6.79420839656483,outputs/runs/v2_corrected_2026-09-23_seed123_real_0_B/stage04_embeddings/held_out/transformer_infonce.npz,outputs/runs/v2_corrected_2026-09-23_seed123_real_0_B/stage03_models/held_out/transformer_infonce/compute.json,outputs/runs/v2_corrected_2026-09-23_seed123_real_0_B/stage03_models/held_out/transformer_infonce/training_history.csv
real_0_B,123,B,transformer,infonce,held_out,test,23400,512,100,0.01,0.28802236141411763,0.31708886504969547,0.2952223615865722,0.17812633169617897,0.08689601189827044,0.005647695295050907,0.42205015305787885,0.2947812950278061,0.07515114965887686,1.8636201760206725,2.056193528500426,0.6580940115388914,0.9791343906469214,0.30197020637748295,0.7758049133584274,0.9919106090461596,0.12719535954901812,0.6696194411427131,1.181549673876718,0.0008638087084148728,3.148221359982787,4.316918830180153,5.501045960760215,0.9999999396811455,0.9999999996274663,1.0000000601446626,2100,2850,6.470948002555153,5.780525534947714,6.79420839656483,outputs/runs/v2_corrected_2026-09-23_seed123_real_0_B/stage04_embeddings/held_out/transformer_infonce.npz,outputs/runs/v2_corrected_2026-09-23_seed123_real_0_B/stage03_models/held_out/transformer_infonce/compute.json,outputs/runs/v2_corrected_2026-09-23_seed123_real_0_B/stage03_models/held_out/transformer_infonce/training_history.csv
real_0_B,123,B,transformer,time_contrastive_blocks,held_out,validation,12000,512,100,0.01,0.0014387815724664287,0.002955600159440325,0.000757077516663477,1.1239273639426573e-05,1.4045784970732252e-07,4.790780582691617e-11,0.0033525025935003503,0.00037477706667740824,6.921546490988569e-06,1.0249988425172498,1.0688305179744106,0.9876530332784014,0.9999957900936253,0.999960190262811,0.9999953847945235,0.9999998773268703,0.00047812228667425404,0.0030353115508519506,0.008923610690593291,0.9728626467710372,4.878144262412873,4.880668947564338,4.8819057850201935,0.9999999402239005,1.0000000004344272,1.00000006037397,450,1500,6.931460077112371,6.931471258799235,6.93147087097168,outputs/runs/v2_corrected_2026-09-23_seed123_real_0_B/stage04_embeddings/held_out/transformer_time_contrastive_blocks.npz,outputs/runs/v2_corrected_2026-09-23_seed123_real_0_B/stage03_models/held_out/transformer_time_contrastive_blocks/compute.json,outputs/runs/v2_corrected_2026-09-23_seed123_real_0_B/stage03_models/held_out/transformer_time_contrastive_blocks/training_history.csv
real_0_B,123,B,transformer,time_contrastive_blocks,held_out,test,23400,512,100,0.01,0.0014452711644165166,0.003017530916995683,0.000796218407845361,1.1705501729222243e-05,1.2321754767528456e-07,5.155283986771936e-11,0.0034213304033989824,0.0003510235713955468,7.18003063139144e-06,1.0210594963760584,1.0596790530603803,0.9895788749068284,0.9999956417415968,0.9999544711025261,0.9999962795655448,0.9999999015808931,0.0004279879961566365,0.002729387217411026,0.009541719694614242,0.9592098825831703,4.878180687077457,4.880689879680497,4.881719332113616,0.9999999395312419,0.9999999999967932,1.0000000593809757,450,1500,6.931460077112371,6.931471258799235,6.93147087097168,outputs/runs/v2_corrected_2026-09-23_seed123_real_0_B/stage04_embeddings/held_out/transformer_time_contrastive_blocks.npz,outputs/runs/v2_corrected_2026-09-23_seed123_real_0_B/stage03_models/held_out/transformer_time_contrastive_blocks/compute.json,outputs/runs/v2_corrected_2026-09-23_seed123_real_0_B/stage03_models/held_out/transformer_time_contrastive_blocks/training_history.csv
real_0_B,123,B,transformer,behavior_contrastive_blocks,held_out,validation,12000,512,100,0.01,5.358183516438348e-05,4.997275134478031e-05,7.307225327509069e-05,5.675272377532907e-09,5.033461818829954e-09,1.333514034570474e-15,7.53344036780866e-05,7.094689435648296e-05,3.651731143677577e-08,1.9928421906720248,1.9964130941130904,0.5299666204006205,0.9999998754741835,0.9999998971609914,0.9999999893836689,1.0000000764789225,3.298892971701963e-05,0.0001233069736169258,0.00024912281177972445,1.0,5.015392799617693,5.01580015641091,5.016192317303932,0.9999999411333016,1.0000000002336162,1.0000000592749123,150,1500,6.931471824645996,6.931471843719482,6.931471824645996,outputs/runs/v2_corrected_2026-09-23_seed123_real_0_B/stage04_embeddings/held_out/transformer_behavior_contrastive_blocks.npz,outputs/runs/v2_corrected_2026-09-23_seed123_real_0_B/stage03_models/held_out/transformer_behavior_contrastive_blocks/compute.json,outputs/runs/v2_corrected_2026-09-23_seed123_real_0_B/stage03_models/held_out/transformer_behavior_contrastive_blocks/training_history.csv
real_0_B,123,B,transformer,behavior_contrastive_blocks,held_out,test,23400,512,100,0.01,5.618728268402928e-05,5.274826395416023e-05,7.87882213933699e-05,6.8612409034712205e-09,5.286250776359027e-09,1.3597273754166252e-15,8.283260773071931e-05,7.27066075151291e-05,3.687448135793404e-08,1.966935145906475,1.983216482531511,0.5648277287443572,0.9999998880651858,0.9999999011960556,0.9999999913293884,1.000000078620134,3.3130213031560114e-05,0.00012573735727239906,0.0002734902323711754,1.0,5.015379271313857,5.015831772474195,5.016159261558792,0.9999999406654593,1.0000000006515788,1.0000000592902347,150,1500,6.931471824645996,6.931471843719482,6.931471824645996,outputs/runs/v2_corrected_2026-09-23_seed123_real_0_B/stage04_embeddings/held_out/transformer_behavior_contrastive_blocks.npz,outputs/runs/v2_corrected_2026-09-23_seed123_real_0_B/stage03_models/held_out/transformer_behavior_contrastive_blocks/compute.json,outputs/runs/v2_corrected_2026-09-23_seed123_real_0_B/stage03_models/held_out/transformer_behavior_contrastive_blocks/training_history.csv
real_0_B,456,B,cnn1d,soft,held_out,validation,12000,512,100,0.01,0.09482472151131902,0.08480886867795207,0.0989404352760756,0.016037977356460377,0.009831964657576726,0.00010570437191436376,0.12664113611485162,0.09915626383429706,0.010281263147802597,1.9065920800081504,1.9894294386970814,0.6174236097213839,0.995930635552094,0.9312877584890218,0.9806176257167896,0.9987938352035508,0.049115596917950095,0.19688755554691395,0.37070801747273074,0.0031571061643835617,0.07091960851891266,0.12043432601650718,0.20339536752127924,0.9999999409650118,0.9999999991404402,1.0000000575553942,600,1500,6.91930120641535,6.913433907826741,6.920788895000111,outputs/runs/v2_corrected_2026-09-23_seed456_real_0_B/stage04_embeddings/held_out/cnn1d_soft.npz,outputs/runs/v2_corrected_2026-09-23_seed456_real_0_B/stage03_models/held_out/cnn1d_soft/compute.json,outputs/runs/v2_corrected_2026-09-23_seed456_real_0_B/stage03_models/held_out/cnn1d_soft/training_history.csv
real_0_B,456,B,cnn1d,soft,held_out,test,23400,512,100,0.01,0.08372023567765563,0.07239271817902364,0.10039253517966724,0.01231740467874552,0.009950596715527681,6.139748061242758e-05,0.11098380367758856,0.09975267773612737,0.007835654446976818,1.988549134082986,2.02294847568222,0.5516227618916862,0.9972503746761638,0.9398554559422949,0.9825242558387747,0.9989238424659115,0.046391891288939946,0.1869531095423841,0.3468270453277178,0.00346287915851272,0.08147799969281659,0.1292981456393167,0.21544428131652182,0.9999999413303228,0.9999999997049553,1.000000059001633,600,1500,6.91930120641535,6.913433907826741,6.920788895000111,outputs/runs/v2_corrected_2026-09-23_seed456_real_0_B/stage04_embeddings/held_out/cnn1d_soft.npz,outputs/runs/v2_corrected_2026-09-23_seed456_real_0_B/stage03_models/held_out/cnn1d_soft/compute.json,outputs/runs/v2_corrected_2026-09-23_seed456_real_0_B/stage03_models/held_out/cnn1d_soft/training_history.csv
real_0_B,456,B,cnn1d,infonce,held_out,validation,12000,512,100,0.01,0.21589984844626012,0.34305978449741864,0.26732604108834057,0.1399019140841297,0.09087118499705328,0.005012522263094242,0.37403464289304766,0.30144847818002546,0.07079916851979437,1.9958489976319613,2.1362470151086352,0.5933437047030742,0.9787411877173997,0.3996271035560321,0.8076888112784517,0.9892131450238324,0.1468802470149675,0.6201793572841908,1.095785478418976,0.000802654109589041,0.0600355892378682,0.10309039200910072,0.22053963537864288,0.9999999408533858,1.0000000007936711,1.0000000585819033,1950,2700,6.442854707891291,6.111677398681641,6.474029671062123,outputs/runs/v2_corrected_2026-09-23_seed456_real_0_B/stage04_embeddings/held_out/cnn1d_infonce.npz,outputs/runs/v2_corrected_2026-09-23_seed456_real_0_B/stage03_models/held_out/cnn1d_infonce/compute.json,outputs/runs/v2_corrected_2026-09-23_seed456_real_0_B/stage03_models/held_out/cnn1d_infonce/training_history.csv
real_0_B,456,B,cnn1d,infonce,held_out,test,23400,512,100,0.01,0.20908986366436477,0.3553098545870174,0.281801177064548,0.15246704364039548,0.09064225028246928,0.006276930856903533,0.3904702852207777,0.3010685142662203,0.0792270841120859,1.9742951454591438,2.141179544958199,0.6113691474941664,0.9748304828687043,0.3617070067625201,0.805517740170033,0.9912022798560779,0.13264734032165496,0.6236702228974942,1.1298610663034725,0.0005656800391389432,0.06372057299698126,0.10707111236957773,0.25341634845240624,0.9999999397695344,0.9999999999464249,1.0000000598399608,1950,2700,6.442854707891291,6.111677398681641,6.474029671062123,outputs/runs/v2_corrected_2026-09-23_seed456_real_0_B/stage04_embeddings/held_out/cnn1d_infonce.npz,outputs/runs/v2_corrected_2026-09-23_seed456_real_0_B/stage03_models/held_out/cnn1d_infonce/compute.json,outputs/runs/v2_corrected_2026-09-23_seed456_real_0_B/stage03_models/held_out/cnn1d_infonce/training_history.csv
real_0_B,456,B,cnn1d,time_contrastive_blocks,held_out,validation,12000,512,100,0.01,0.5467496820341866,0.6126563285942956,0.5644949666605612,0.3794179209671897,0.3423675164990085,0.2712348733826065,0.6159690909186838,0.5851217962945907,0.5208021441801162,2.9458204638374075,2.9719559528187314,0.3820847537779709,0.7268586851453593,-0.8978257429316046,-0.0004434994219051358,0.9127514069631568,0.4177285964206033,1.4145271503528596,1.9482431563710179,0.00031341731898238746,0.01826598820715053,0.04152176030964076,0.08813067717257997,0.9999999419905459,1.000000000200032,1.0000000585109994,1500,1500,6.10902738571167,6.1014388593037925,6.10902738571167,outputs/runs/v2_corrected_2026-09-23_seed456_real_0_B/stage04_embeddings/held_out/cnn1d_time_contrastive_blocks.npz,outputs/runs/v2_corrected_2026-09-23_seed456_real_0_B/stage03_models/held_out/cnn1d_time_contrastive_blocks/compute.json,outputs/runs/v2_corrected_2026-09-23_seed456_real_0_B/stage03_models/held_out/cnn1d_time_contrastive_blocks/training_history.csv
real_0_B,456,B,cnn1d,time_contrastive_blocks,held_out,test,23400,512,100,0.01,0.5588146745184979,0.5973334141493113,0.5750574444143911,0.3838209777585711,0.31915464540373434,0.2968392164604908,0.6195328706037889,0.5649377358645237,0.5448295297251158,2.9636945176735496,2.9819769386512527,0.3838920593570872,0.7031058104993917,-0.8875873744678172,-0.024947470728798216,0.9151566701191567,0.4119304105592836,1.4317454193435384,1.9429808718286554,0.00013759784735812132,0.016844460503467943,0.041870978813055404,0.08819439135114084,0.9999999406468367,0.9999999991810846,1.0000000582837498,1500,1500,6.10902738571167,6.1014388593037925,6.10902738571167,outputs/runs/v2_corrected_2026-09-23_seed456_real_0_B/stage04_embeddings/held_out/cnn1d_time_contrastive_blocks.npz,outputs/runs/v2_corrected_2026-09-23_seed456_real_0_B/stage03_models/held_out/cnn1d_time_contrastive_blocks/compute.json,outputs/runs/v2_corrected_2026-09-23_seed456_real_0_B/stage03_models/held_out/cnn1d_time_contrastive_blocks/training_history.csv
real_0_B,456,B,cnn1d,behavior_contrastive_blocks,held_out,validation,12000,512,100,0.01,0.5221374646777002,0.5699258700534401,0.6297258160033022,0.5230693000141899,0.33540689963393966,0.135604273108519,0.7232353005863237,0.5791432462128343,0.36824485482966224,2.4430798326782965,2.6543201289908303,0.5261840608976911,0.8635882337247007,-0.9173879467300843,-0.04652923246242391,0.9602198291455634,0.28206450594869253,1.4467406492987558,1.9582584057133585,0.0003669275929549902,0.025989528622534862,0.07926860593817281,0.1631600778489346,0.9999999414795772,0.9999999998739855,1.0000000581705175,1650,2250,6.5759569948369805,6.45870730082194,6.605297738855535,outputs/runs/v2_corrected_2026-09-23_seed456_real_0_B/stage04_embeddings/held_out/cnn1d_behavior_contrastive_blocks.npz,outputs/runs/v2_corrected_2026-09-23_seed456_real_0_B/stage03_models/held_out/cnn1d_behavior_contrastive_blocks/compute.json,outputs/runs/v2_corrected_2026-09-23_seed456_real_0_B/stage03_models/held_out/cnn1d_behavior_contrastive_blocks/training_history.csv
real_0_B,456,B,cnn1d,behavior_contrastive_blocks,held_out,test,23400,512,100,0.01,0.5414396472275477,0.5285815656961037,0.6362213033900016,0.5812053145051559,0.2800321416584705,0.11613722205592367,0.7623682276335734,0.5291806323538972,0.3407891166923082,2.223060498793061,2.510112726299614,0.5946596811408268,0.8811743084366714,-0.9264559446517452,-0.0192524927013209,0.9708162706699489,0.24159343335378236,1.4277622305258064,1.96288358717395,0.0003210616438356164,0.02539085237733773,0.07874516980638611,0.1954175674465007,0.999999941932987,1.0000000003773588,1.0000000594070566,1650,2250,6.5759569948369805,6.45870730082194,6.605297738855535,outputs/runs/v2_corrected_2026-09-23_seed456_real_0_B/stage04_embeddings/held_out/cnn1d_behavior_contrastive_blocks.npz,outputs/runs/v2_corrected_2026-09-23_seed456_real_0_B/stage03_models/held_out/cnn1d_behavior_contrastive_blocks/compute.json,outputs/runs/v2_corrected_2026-09-23_seed456_real_0_B/stage03_models/held_out/cnn1d_behavior_contrastive_blocks/training_history.csv
real_0_B,456,B,transformer,soft,held_out,validation,12000,512,100,0.01,0.07765918900631308,0.13883558670554308,0.09323829060069773,0.019591343530148228,0.01434199697918696,6.914163797453943e-05,0.1399690806219296,0.11975807688497239,0.008315145096421315,1.9612090032840335,2.0024735165002054,0.5761739229880984,0.9979665708616507,0.9161292407009324,0.9720729919458962,0.9987890414927699,0.04921167886685827,0.23633449874325635,0.4095626155160838,0.0042120229941291585,2.9665432312660056,4.728024420952089,5.5804173130495425,0.9999999372570063,0.9999999985375105,1.0000000619270313,1200,1500,6.9091080752286045,6.900473041534424,6.909621065313166,outputs/runs/v2_corrected_2026-09-23_seed456_real_0_B/stage04_embeddings/held_out/transformer_soft.npz,outputs/runs/v2_corrected_2026-09-23_seed456_real_0_B/stage03_models/held_out/transformer_soft/compute.json,outputs/runs/v2_corrected_2026-09-23_seed456_real_0_B/stage03_models/held_out/transformer_soft/training_history.csv
real_0_B,456,B,transformer,soft,held_out,test,23400,512,100,0.01,0.07888076549204695,0.13445205863583343,0.09554067496285965,0.019728359612777076,0.013645104218595185,5.551656591728044e-05,0.14045767908084297,0.11681226056624015,0.007450943961491084,1.9421211142163697,1.9889497603846602,0.5901573837524722,0.9983392683456841,0.9187508964685329,0.9715148750485683,0.998990672005624,0.04492798844771063,0.23868458732903858,0.4031107483543615,0.0035011007827788648,3.1866548870495452,4.862173109645236,5.700478865883081,0.9999999386400665,1.0000000003366727,1.0000000608748434,1200,1500,6.9091080752286045,6.900473041534424,6.909621065313166,outputs/runs/v2_corrected_2026-09-23_seed456_real_0_B/stage04_embeddings/held_out/transformer_soft.npz,outputs/runs/v2_corrected_2026-09-23_seed456_real_0_B/stage03_models/held_out/transformer_soft/compute.json,outputs/runs/v2_corrected_2026-09-23_seed456_real_0_B/stage03_models/held_out/transformer_soft/training_history.csv
real_0_B,456,B,transformer,infonce,held_out,validation,12000,512,100,0.01,0.35261441566925844,0.22302192857635028,0.28046556317662535,0.17249297248508477,0.07746539651311193,0.00279933303530837,0.41532273292595573,0.2783260615054076,0.05290872362199234,1.7864066423610168,1.9602282996795277,0.6824439813201792,0.9889248358693445,0.37404578880010547,0.7718444493581278,0.993898803464458,0.11046415927082831,0.6755080581409971,1.1188871362694977,0.0012918909001956946,2.206380394519921,3.0957030811198987,3.8647653674345595,0.9999999446972522,0.9999999999909135,1.0000000563558022,1200,1950,6.4602202935652295,6.020510733922323,6.565041542053223,outputs/runs/v2_corrected_2026-09-23_seed456_real_0_B/stage04_embeddings/held_out/transformer_infonce.npz,outputs/runs/v2_corrected_2026-09-23_seed456_real_0_B/stage03_models/held_out/transformer_infonce/compute.json,outputs/runs/v2_corrected_2026-09-23_seed456_real_0_B/stage03_models/held_out/transformer_infonce/training_history.csv
real_0_B,456,B,transformer,infonce,held_out,test,23400,512,100,0.01,0.3491498419633418,0.2202422749040426,0.2769522489759431,0.17485676297853364,0.06853034876616892,0.0037382691797793756,0.4181587772348365,0.2617830184831876,0.06114138679960879,1.7307775258218285,1.9422574390303864,0.7075629477004931,0.9848729856650308,0.3569073745919271,0.7908249670984588,0.9951830129257335,0.09815271353590153,0.6467998751144586,1.1341010774433922,0.0010396281800391389,2.204976330313552,3.1742045533091456,3.9905029733816084,0.9999999435935358,1.0000000000988836,1.0000000562950806,1200,1950,6.4602202935652295,6.020510733922323,6.565041542053223,outputs/runs/v2_corrected_2026-09-23_seed456_real_0_B/stage04_embeddings/held_out/transformer_infonce.npz,outputs/runs/v2_corrected_2026-09-23_seed456_real_0_B/stage03_models/held_out/transformer_infonce/compute.json,outputs/runs/v2_corrected_2026-09-23_seed456_real_0_B/stage03_models/held_out/transformer_infonce/training_history.csv
real_0_B,456,B,transformer,time_contrastive_blocks,held_out,validation,12000,512,100,0.01,0.0035955510405690865,0.0015685984850437587,0.0024415940791183005,1.8195292785577058e-05,3.1562530880016253e-06,1.0357034619844404e-10,0.004265594071823649,0.001776584669527919,1.017695171445969e-05,1.336809413696295,1.5204048738029996,0.8521727013813497,0.9999951493046723,0.9999359833013297,0.9999873879900387,0.9999992681348187,0.0012110344554590376,0.005022222987266338,0.011315804137581001,0.9064869740704501,3.8804607504342163,3.8890551715574295,3.9022042053228536,0.9999999527212807,1.0000000003005578,1.0000000477655817,300,1500,6.931449933485552,6.93147185643514,6.931471824645996,outputs/runs/v2_corrected_2026-09-23_seed456_real_0_B/stage04_embeddings/held_out/transformer_time_contrastive_blocks.npz,outputs/runs/v2_corrected_2026-09-23_seed456_real_0_B/stage03_models/held_out/transformer_time_contrastive_blocks/compute.json,outputs/runs/v2_corrected_2026-09-23_seed456_real_0_B/stage03_models/held_out/transformer_time_contrastive_blocks/training_history.csv
real_0_B,456,B,transformer,time_contrastive_blocks,held_out,test,23400,512,100,0.01,0.003344162499018179,0.001718173154484565,0.0024420891401663947,1.6254297249725855e-05,3.845809773221562e-06,9.313711500492119e-11,0.0040316618471451515,0.001961073627690088,9.650757224431728e-06,1.4481326382901623,1.6293954580914933,0.8086634521193433,0.9999953663588291,0.9999371637451038,0.999987388812555,0.9999992811937108,0.001192929391559842,0.005022398351698746,0.011208962913513068,0.909086044520548,3.8794133149066248,3.8884907039910175,3.9022031822546857,0.999999952320224,1.0000000001261882,1.0000000479502633,300,1500,6.931449933485552,6.93147185643514,6.931471824645996,outputs/runs/v2_corrected_2026-09-23_seed456_real_0_B/stage04_embeddings/held_out/transformer_time_contrastive_blocks.npz,outputs/runs/v2_corrected_2026-09-23_seed456_real_0_B/stage03_models/held_out/transformer_time_contrastive_blocks/compute.json,outputs/runs/v2_corrected_2026-09-23_seed456_real_0_B/stage03_models/held_out/transformer_time_contrastive_blocks/training_history.csv
real_0_B,456,B,transformer,behavior_contrastive_blocks,held_out,validation,12000,512,100,0.01,0.005365567029921249,0.0015940845651594923,0.006716616799628583,7.178620111836456e-05,4.6607954088035604e-06,2.73066994220362e-09,0.008472673788029642,0.002158887539637848,5.225581252074854e-05,1.1293877227049105,1.2586190328336402,0.9389987871804724,0.9999642814952739,0.9997441311373219,0.9999647507743008,0.9999984422784891,0.0017655393950073216,0.008396856808389044,0.022622396817000415,0.5912197284735812,3.522761262562793,3.5438055139309057,3.5612769585258177,0.9999999503254217,0.9999999994473145,1.0000000497254198,150,1500,6.931434978138316,6.9314715258280435,6.93147087097168,outputs/runs/v2_corrected_2026-09-23_seed456_real_0_B/stage04_embeddings/held_out/transformer_behavior_contrastive_blocks.npz,outputs/runs/v2_corrected_2026-09-23_seed456_real_0_B/stage03_models/held_out/transformer_behavior_contrastive_blocks/compute.json,outputs/runs/v2_corrected_2026-09-23_seed456_real_0_B/stage03_models/held_out/transformer_behavior_contrastive_blocks/training_history.csv
real_0_B,456,B,transformer,behavior_contrastive_blocks,held_out,test,23400,512,100,0.01,0.005047252561711536,0.0017327198181562053,0.006503497399922777,6.547452819607434e-05,5.299091471003775e-06,1.9597510701182546e-09,0.0080916332217961,0.0023019755582985185,4.4269075776644067e-05,1.1608781820660417,1.305228684912377,0.9251005605937207,0.999972310349329,0.999750256748257,0.9999691830590773,0.9999985975470069,0.0016750928177220097,0.007852211052900933,0.02234959433060438,0.6261925146771037,3.521878136266573,3.545918845746841,3.5648258612552373,0.9999999508525297,1.0000000000360514,1.0000000487428482,150,1500,6.931434978138316,6.9314715258280435,6.93147087097168,outputs/runs/v2_corrected_2026-09-23_seed456_real_0_B/stage04_embeddings/held_out/transformer_behavior_contrastive_blocks.npz,outputs/runs/v2_corrected_2026-09-23_seed456_real_0_B/stage03_models/held_out/transformer_behavior_contrastive_blocks/compute.json,outputs/runs/v2_corrected_2026-09-23_seed456_real_0_B/stage03_models/held_out/transformer_behavior_contrastive_blocks/training_history.csv
