trial_id,domain,population,architecture,objective,candidate_index,training_seed_root,training_seed_effective,learning_rate,weight_decay,active_temperature,status,validation_loss,selected_update,stopping_update,near_collapse,distance_q50,fraction_distance_lt_0_01,covariance_trace,training_seconds,config_sha256,checkpoint_sha256,result_sha256,error
p2a-rs-w21-Tcs-c0-s1101-e733653472886595,real_w21,TOTAL65,cnn1d,soft,0,1101,1101,0.001,0.0001,0.1,ELIGIBLE,6.909452048214999,1500,1500,False,0.22059213183222098,0.0036463429549902153,0.03410818731269527,46.33468320011161,e73365347288659586cb81aea9c56b32700d20acd95354903e063f1a106f406c,0dcfdac4efc4c43dfb43fe59dcf972f3250c88768061a0eb4e3720f90d97e1bc,352b3c96da05263dba40f13ca46e1c90d82de452536598b8a8fdb0851ac9524b,
p2a-rs-w21-Acs-c0-s1101-544ff8740599051a,real_w21,A_PROXIMAL,cnn1d,soft,0,1101,1101,0.001,0.0001,0.1,ELIGIBLE,6.917115341533314,1350,1500,False,0.20267226865212085,0.004319043542074364,0.026009590259861368,46.01026939996518,544ff8740599051a2851104715789a2a0abec20262267d3840d5bca1555671ea,2bc79507cc36dcacf7b547b526c8193e9cbc635aa97a3e792cb4572a620a2752,85e1b70be817e5492d3ff3ba14b4a68f2d24d351ac73017a1bffa4286cd13570,
p2a-rs-w21-Bcs-c0-s1101-e31379703669933f,real_w21,B_DISTAL,cnn1d,soft,0,1101,1101,0.001,0.0001,0.1,ELIGIBLE,6.918356808749112,1500,1500,False,0.17403059372861332,0.004471930039138944,0.01985826775166294,46.13774610008113,e31379703669933f151b888e8e8b372d958ee5316b0ed1f58b3a3916729f055c,07499d4269e013024a82c47a062110ad27a8edb7d1ba4be0173d6e52faf08c1d,b621bc10cb0cd86e4c44a9bec2352f2ae27d6b4d676b3f0163fa4119334391b9,
p2a-rs-w21-Tcs-c1-s1101-7bc487e97a96e909,real_w21,TOTAL65,cnn1d,soft,1,1101,1101,0.0010717221240559393,0.00036625451895020913,0.11065361153401906,ELIGIBLE,6.909143014387651,1500,1500,False,0.23217996583844097,0.0033940802348336593,0.037792141226054295,45.84961309982464,7bc487e97a96e909e9735f9c8401a9aa3042821354b8e7c2747e13b07a227915,8d33b981ae3e7a505ac822e083bed1c419c13805148c226385e0b101915d4a11,fe7435a0ee49068df300007e9dc95f9272127a093f695e5121786e58f940cdee,
p2a-rs-w21-Acs-c1-s1101-6c6c3cc0bdf2f281,real_w21,A_PROXIMAL,cnn1d,soft,1,1101,1101,0.0010717221240559393,0.00036625451895020913,0.11065361153401906,ELIGIBLE,6.9168666059320625,1350,1500,False,0.20906124422483657,0.003944471624266145,0.027703094821963047,46.92889370000921,6c6c3cc0bdf2f281f32d64cdf2d2b3f0b94047dc7f96e7f5af75e305aa3c6a0f,3810f1d4019cd23ff6ce650369ee029aa0d19b058a36ae58c0694f863cb09ce7,cfa051472220ae1a03fbb7f5651e35a31b87829d589749e69824fca450df146e,
p2a-rs-w21-Bcs-c1-s1101-7e055a586b41d274,real_w21,B_DISTAL,cnn1d,soft,1,1101,1101,0.0010717221240559393,0.00036625451895020913,0.11065361153401906,ELIGIBLE,6.9182913520119405,1500,1500,False,0.18452149060775147,0.003929182974559687,0.02230358154183792,46.20597240002826,7e055a586b41d27480f3c5e7042a9c1ee7d742b98d7334d3f64f3052a06b7bfd,2c537cbcf4ce73d7e3e3b490c9c0cdead1d03f82cd846ee85828ff193c9c884f,39e773251e2d7766ecd7e0ba6864c7aebe020b1317779f6d8f27eb5dbab6fa7d,
p2a-rs-w21-Tcs-c2-s1101-2d78f8d80bfd3177,real_w21,TOTAL65,cnn1d,soft,2,1101,1101,0.00019749937882922414,4.823467913258201e-05,0.09284930655974434,ELIGIBLE,6.9118383580988105,900,1500,False,0.19693977618588654,0.0037610078277886495,0.027597224333366165,47.053965399973094,2d78f8d80bfd3177b16afffa460fbe1fdc31e360cfff483dc814b39d5707b2e6,497c3385589bab0cc4fdceaccd0fa66c871cb743edd5738a19aeccf2c3cc532d,5661f4513d9f6cbbea80ec7d88d5c650c36c6f73b5944a988a9327fe79809f59,
p2a-rs-w21-Acs-c2-s1101-6a16ddf8fcf860b6,real_w21,A_PROXIMAL,cnn1d,soft,2,1101,1101,0.00019749937882922414,4.823467913258201e-05,0.09284930655974434,ELIGIBLE,6.916947754946622,600,1500,False,0.18310245046838614,0.0038603840508806262,0.023475023107856884,46.47594180004671,6a16ddf8fcf860b67b99cca34187b9a745fba373ed33fa5405c164d1f487ab89,2f92c20b15b1ac3326a7f9f5ec5bf0b8d2a684a91d3c32ea0593ad92e531c603,235d7dd233e38de7c70e6ec5bb0186904b8a61ea40a8febb50a433fd7c8382e6,
p2a-rs-w21-Bcs-c2-s1101-f9122d8e9ff1991e,real_w21,B_DISTAL,cnn1d,soft,2,1101,1101,0.00019749937882922414,4.823467913258201e-05,0.09284930655974434,ELIGIBLE,6.918571255423806,1350,1500,False,0.17223840645271005,0.004326687866927593,0.01926716246137526,48.323456399841234,f9122d8e9ff1991e6f7e8f41976e9e90298f1de8bfe9fdd9ad376ba565cefb7b,8343d295109895508fd3092c89a251445ceadc44951b2f490526e50276f931a5,e17042ba10c71abc768ecaef4a0b6136696a9a3d56298f0b00c40e9774c0ce6f,
p2a-rs-w21-Tcs-c3-s1101-73cab4ee901432a8,real_w21,TOTAL65,cnn1d,soft,3,1101,1101,0.00032133362426250305,0.00010626568831948351,0.19424030526336192,ELIGIBLE,6.911583987149325,1350,1500,False,0.2968405355307281,0.001826993639921722,0.061844540150515465,49.38049150002189,73cab4ee901432a859a97e1d9fa91afd99aed0811991060822f7cf9f85d1d526,96c55de1d337934e9e31f8a887e09cdefc0f66e405d2f8f2635b1a5add62b1ee,0a4a971e1aacb59b8cb5c6a3ab23649fc13827bc0e1b76a1971e2f3d7d5329a6,
p2a-rs-w21-Acs-c3-s1101-2b139886cd7ea809,real_w21,A_PROXIMAL,cnn1d,soft,3,1101,1101,0.00032133362426250305,0.00010626568831948351,0.19424030526336192,ELIGIBLE,6.916660178791393,600,1500,False,0.2712825037366311,0.0021939212328767124,0.05113091450686816,48.9744367999956,2b139886cd7ea809bb3f77808b5ff8266ad7ff658af5417631280a62e63a0818,d4eaca5ef15c3aaaa3cbe04816173759cfa3633d51aa78cac14b4d5fd9ca0408,e96de59a668cccaacbdc89aa31da22fb55d723a3e10a97f4e71b9d43ad49f481,
p2a-rs-w21-Bcs-c3-s1101-f09399c35b87f165,real_w21,B_DISTAL,cnn1d,soft,3,1101,1101,0.00032133362426250305,0.00010626568831948351,0.19424030526336192,ELIGIBLE,6.918486074967817,1500,1500,False,0.23985958636229904,0.002866621819960861,0.037464523876872144,49.54439459997229,f09399c35b87f1657e2dd7c41655971856340c6eab3d0cec1fa625c2acad7e3c,8df1882eb3e653d73b693084de5801ee9039b6e4787e7cc685850e43d8312a20,53f6a639b510d9e48228caaa5d1f4020efb8af417369361e381b5595b9b36a45,
p2a-rs-w21-Tts-c0-s1101-1006c87e8ef3a7cd,real_w21,TOTAL65,transformer,soft,0,1101,1101,0.001,0.0001,0.1,ELIGIBLE,6.902289217168635,2100,2250,False,0.2616253089739204,0.004364909491193738,0.039144125701622116,82.15550279989839,1006c87e8ef3a7cd0489dd049308659e6d17ca1a974144406ff83d196bb6a385,f2da693f26b4a843dbbb97a3480fd8ec3e62e0e425e9e721544f1a07ca86601e,3c85a5fa70aa8fc7f74630d56a20588acce29700085595de7bccfb81a02d61e5,
p2a-rs-w21-Ats-c0-s1101-440603b4ac0c9959,real_w21,A_PROXIMAL,transformer,soft,0,1101,1101,0.001,0.0001,0.1,ELIGIBLE,6.907362764531916,1800,1800,False,0.2449627535413239,0.004655393835616439,0.03682777315394362,64.98138629994355,440603b4ac0c99591eeedcc4bd400fedcc4b9d72180d0ab221b31e23f68b8085,81b418ed51032d4e8aa3797824954603dd529a3c2dd374e661857e48d169a896,00ceb7868ede10b5eae98612452e129f79ba39afc532358267f11ab888c75743,
p2a-rs-w21-Bts-c0-s1101-ceee09b495d92482,real_w21,B_DISTAL,transformer,soft,0,1101,1101,0.001,0.0001,0.1,ELIGIBLE,6.917111266743053,1500,1500,False,0.21045612185198082,0.007575525929549902,0.025864461196909706,54.015128100058064,ceee09b495d92482ed8f8cf959396e0d40402e7a591fa437db4d10e0a9b5476c,03798801f5e8144dc8adbb7798a26eb70556ec50b77ffc476595422e2b18750a,df4d317c6dabe7a9ffee31dc2c4321c68cc76a9a42cfa5457479148379dc4d9c,
p2a-rs-w21-Tts-c1-s1101-a71f16fca3845992,real_w21,TOTAL65,transformer,soft,1,1101,1101,0.0010717221240559393,0.00036625451895020913,0.11065361153401906,ELIGIBLE,6.902183966203169,2100,2850,False,0.271078953340829,0.004464285714285714,0.041794734118290454,104.26716100005433,a71f16fca3845992a373ed3fec7ec4fe0d12b4b4c24edaf632f043467741dcc7,a9fde819f45a8de7228d3b823eb7848b90247859488e38ea93fb68cd2d73e212,a672f19ed125852e32ea915c756aef3c645a7888f0500feb97ce760193bab0d1,
p2a-rs-w21-Ats-c1-s1101-8fe6c07ba0146fab,real_w21,A_PROXIMAL,transformer,soft,1,1101,1101,0.0010717221240559393,0.00036625451895020913,0.11065361153401906,ELIGIBLE,6.9081714370033955,1050,1500,False,0.25029829058604874,0.005182852250489237,0.03700607633832587,54.05225019995123,8fe6c07ba0146fabcdd5ba39f59762ebf8f466a1cf7ac34abb536be1a0d96c62,15f2d0d79f8f6e60cd446255e29d104a0109c7e728916341856a90bc4a49f2d9,7ce52ccd1575f9e912fe9a6b1c2b27af08140494afdf3fe8e90670456d5f8988,
p2a-rs-w21-Bts-c1-s1101-d8b9e932c627b8a6,real_w21,B_DISTAL,transformer,soft,1,1101,1101,0.0010717221240559393,0.00036625451895020913,0.11065361153401906,ELIGIBLE,6.916102105920965,1500,1500,False,0.2416951366033256,0.006642918297455969,0.03265911488644871,53.8133459999226,d8b9e932c627b8a690e20c309d6832553b2ebced2c37e2a577aa7872d5730eb4,31bcf722e3e706aeda991ff5d728a078e453a0d649aef7015b5cdb453bebe218,ce840755e99b752f80a031376950d31afdad8a66683fe481f9496d8a68f2d73f,
p2a-rs-w21-Tts-c2-s1101-0a7f57aaa01c7235,real_w21,TOTAL65,transformer,soft,2,1101,1101,0.00019749937882922414,4.823467913258201e-05,0.09284930655974434,ELIGIBLE,6.915001609108665,1500,1500,False,0.19079807022970713,0.00324119373776908,0.026695783261178475,55.17788189998828,0a7f57aaa01c7235c4b559b665012cd0e3e15432b1b74c3568ba02021faa9255,70a5b8e8c5df5b41b2ca57843c262b4b46ae36b6e6dd591f9a34333007b3b6d4,dfa1681557624a0b7c966b97932ada45ad68007e0b4771c26debaee5be8efa64,
p2a-rs-w21-Ats-c2-s1101-cb22fcf257ea66ec,real_w21,A_PROXIMAL,transformer,soft,2,1101,1101,0.00019749937882922414,4.823467913258201e-05,0.09284930655974434,ELIGIBLE,6.916308186270974,1500,1500,False,0.16998050649677693,0.004234955968688846,0.020138754718314247,53.98474109987728,cb22fcf257ea66ecc2c0c012c7e6984d99394bf71720765939d70a00bdc0f6fa,5f4d8a76e0094895b93396ae8940d9fc3cadca6d00a8cf3e17dc648ce20cc345,e26df7cd99fb29fc55dd663dcb8d93b8a8787368e09d22b81bc5c7fc522c6dff,
p2a-rs-w21-Bts-c2-s1101-e2fd3143647c7d60,real_w21,B_DISTAL,transformer,soft,2,1101,1101,0.00019749937882922414,4.823467913258201e-05,0.09284930655974434,ELIGIBLE,6.920485279776833,1500,1500,False,0.15207362996299847,0.004800636007827788,0.015721839641828668,53.69220390007831,e2fd3143647c7d60438483ce7503f168f8b71d8a8eb762182f7ed1f18422c70a,ce6672663ee89b0d0ca0562231d4a697344a73012c0a03020e87dc93ac007aa8,b76d83845e706a3426f0a8ad384237002884d4138a2d07f35c617afee0ef4b0f,
p2a-rs-w21-Tts-c3-s1101-bad3a06d739713d3,real_w21,TOTAL65,transformer,soft,3,1101,1101,0.00032133362426250305,0.00010626568831948351,0.19424030526336192,ELIGIBLE,6.905388095162132,1650,1950,False,0.3383461306226253,0.002843688845401174,0.06892640811693343,71.0846522001084,bad3a06d739713d31f14a229b04a993886c8e63a90ea266896a5f0ed34322e80,d125bfb590ecf08f8ef4b75f62dee485687a6e22b6cd48258a032e2278f35671,0647bd577c8a1c685f70eb3c143614818d807c65fa16fab931050ce9a0556728,
p2a-rs-w21-Ats-c3-s1101-c54a2c6ab51ce69c,real_w21,A_PROXIMAL,transformer,soft,3,1101,1101,0.00032133362426250305,0.00010626568831948351,0.19424030526336192,ELIGIBLE,6.915747382424095,1500,1500,False,0.28058803999559623,0.002216854207436399,0.05342330016761478,53.72255069995299,c54a2c6ab51ce69cadc7e57bb61ce47da1563711703b9a15cb60145251ac2cdf,39027b0b5fdd788327b26ace000bb7966fc8ad3ac083a6380927d68f6c738c48,7aa6a459be2cd9f3cd5f9e9f2def39d7073651e587b80f0f0f960bae4d7678c4,
p2a-rs-w21-Bts-c3-s1101-3e5a32bd59b84285,real_w21,B_DISTAL,transformer,soft,3,1101,1101,0.00032133362426250305,0.00010626568831948351,0.19424030526336192,ELIGIBLE,6.917899868705056,1350,1500,False,0.27219379444095493,0.002881910469667319,0.04614103128933181,53.8095891000703,3e5a32bd59b84285e0ae09ccfdd5d2a716d054f04db37b4ed8c92edd685e7590,fe92a793af959c22e5794608ea33e0f6be8fba4256f53724a8f431a78fede199,619e8f08f48bbc42db59d1da63fefa211bcd27695aca34071c97bbed6bd74d07,
p2a-rs-w21-Tci-c0-s1101-3ca17ffd414fe5eb,real_w21,TOTAL65,cnn1d,infonce,0,1101,1101,0.001,0.0001,0.1,ELIGIBLE,6.267498233101585,1650,2400,False,0.9118924484523965,0.0006727005870841487,0.47625150657983834,79.55870929989032,3ca17ffd414fe5eb9677f7988924077839934d10fba4890d0560db2d2fd7589e,d16ca47e849cbd61e9c77786212a77b15a9026eb36ff52101b5d5780088f845a,37b1bd807e2d454dc8a8f4a59ac562b0d3bfb00be42590a81ac60e4c439401e8,
p2a-rs-w21-Aci-c0-s1101-d15d41cf0f16419e,real_w21,A_PROXIMAL,cnn1d,infonce,0,1101,1101,0.001,0.0001,0.1,ELIGIBLE,6.4435599066994405,1950,2700,False,0.7073296279548728,0.0007338551859099804,0.3058050596940935,93.12470859987661,d15d41cf0f16419efc52b3aa6c9767fab10334bac729c5f44b2049aed76e26de,29fb84e133e4e6ae481d8a43302260d8636f5c45547057166c516e633b2b1a78,4c5c4c118ad2fa95084cf48b3334f4a1771427b16fdbc56859fa6cd8161b80c8,
p2a-rs-w21-Bci-c0-s1101-2b3a0a828faf6772,real_w21,B_DISTAL,cnn1d,infonce,0,1101,1101,0.001,0.0001,0.1,ELIGIBLE,6.606900605288419,600,1500,False,0.49141193788928444,0.0009555406066536203,0.1569359470118691,50.90402189991437,2b3a0a828faf6772158c03af5fc9f21fd330b9d6733bca1a77899e4f90d65584,4388c156824ce8daa97287c02b74aea8d9f6d48ac9c7bf4833098e972e9cd6c9,b40c229dfe62ca121b8c64a5e63e5cb8a3b9d2ae917eaa6adf92d62f03b0d9f3,
p2a-rs-w21-Tci-c1-s1101-ecf46c915171a36c,real_w21,TOTAL65,cnn1d,infonce,1,1101,1101,0.0019186487924144232,0.0001147040509290496,0.10165049742890192,ELIGIBLE,6.362497806549072,150,1500,False,0.7789712695308759,0.0007262108610567514,0.35227694644429786,49.81792640010826,ecf46c915171a36ca83563fc9a74f8cdeeb82b0f740e5fc8cc01499df4238d31,693db7af15c86fe2a9e7399fc6532bff83fedd30c807e17c6b79712c833e315f,fc8e216d5f9206987d87541920a3be0878727fcef3ecf61897cf6739aa7acae8,
p2a-rs-w21-Aci-c1-s1101-52ccbbd6ee10b0f6,real_w21,A_PROXIMAL,cnn1d,infonce,1,1101,1101,0.0019186487924144232,0.0001147040509290496,0.10165049742890192,ELIGIBLE,6.509868535128507,600,1500,False,0.594989127671712,0.0009708292563600782,0.21170571433517044,52.06731259985827,52ccbbd6ee10b0f60d0df1854e23cbcf6d0ed05e09fb492fa62da14af82739d0,c2e543fca5f5678819494e99b48fb492dd02302e58ec2f215d169616226415c9,0c307a091deb31c9c2a82139f392e259b7f7e38d9280d43362b6653f98363cc6,
p2a-rs-w21-Bci-c1-s1101-d4f079c51f152431,real_w21,B_DISTAL,cnn1d,infonce,1,1101,1101,0.0019186487924144232,0.0001147040509290496,0.10165049742890192,ELIGIBLE,6.597755735570734,600,1500,False,0.5053758072809883,0.0008943860078277886,0.16540493308931215,50.36142640002072,d4f079c51f152431abd55341608967c18baaa254aa31e081a9ff3ae715672107,07a492033224009ace4ba4d2c401d047344993d077fb8a56d5c0232495f684b3,3ac6afd9366cb5029768fcbc3b5d05d4ad91a828981e669a9038928da7ae0f2c,
p2a-rs-w21-Tci-c2-s1101-57f981024e0e8a7c,real_w21,TOTAL65,cnn1d,infonce,2,1101,1101,0.0005372687003035359,2.9623432092428512e-05,0.07553731701182094,ELIGIBLE,6.315916364843195,300,2400,False,0.6326641361648202,0.0007720768101761252,0.24515946290710028,79.38074699998833,57f981024e0e8a7c97f3d40a37eb65a45b0792529eacc07c799341d2d8ed58e4,ce357b7a11031efcb42540b09701a777526cf2c2e17b9ef471a1d8a8dc8a6cad,bd5eec670d4fb0aea9372a39b96471bdf1b8c57c3b4b24d0d671665b1d771e7e,
p2a-rs-w21-Aci-c2-s1101-87211de188f6be08,real_w21,A_PROXIMAL,cnn1d,infonce,2,1101,1101,0.0005372687003035359,2.9623432092428512e-05,0.07553731701182094,ELIGIBLE,6.521034197373823,600,1500,False,0.5214002752427888,0.0010625611545988258,0.16479377755616714,52.16310720006004,87211de188f6be085099271d084220edca0758f711a4151c2965973c996239f3,1384b2c6629d0f4dc944f9cc72b4adf771d011411d50d6d05e434a13688a6e78,d3c35cd298efd42937b6adb9a29a2ba204bd2fec2929ec25eebb27527c4e4ff3,
p2a-rs-w21-Bci-c2-s1101-ed18ada43b9b68c5,real_w21,B_DISTAL,cnn1d,infonce,2,1101,1101,0.0005372687003035359,2.9623432092428512e-05,0.07553731701182094,ELIGIBLE,6.6122987920587715,1650,1650,False,0.4324224255502446,0.0010549168297455968,0.12344868944164036,56.7339078001678,ed18ada43b9b68c59f490d1a0acc71d1f52be7779b4226ff9712b50f1f2d8a2b,867efbf8e8611a0c29ab1b397b3ed461c1396df52ad2e12d9967cd0900f9df0f,527a615e76e4b68dbfc1a9d47efd0881c9f3217fc83907ce8a7a9b5a52401c7f,
p2a-rs-w21-Tci-c3-s1101-e9b07aa7ab468bd8,real_w21,TOTAL65,cnn1d,infonce,3,1101,1101,0.0001677985560548701,0.0006893648884554523,0.18094199691102594,ELIGIBLE,6.303541053425182,150,1500,False,0.9926017877032586,0.0005503913894324853,0.5656910161854785,49.583444700110704,e9b07aa7ab468bd8208a3549651df1bd347eefc3d6aa7c8cb5c62260b347e611,bf1c337b60a4360b4b749f1cdc31a52e933384dde76303177048eee193e2f35e,56cdc13192054cfca87518bb3d2109a035b70e5c6875841c58e42b701184748e,
p2a-rs-w21-Aci-c3-s1101-90d3db95fa9122f8,real_w21,A_PROXIMAL,cnn1d,infonce,3,1101,1101,0.0001677985560548701,0.0006893648884554523,0.18094199691102594,ELIGIBLE,6.51241566918113,900,1650,False,0.8212820641984085,0.0006650562622309197,0.387976847688684,56.261352699948475,90d3db95fa9122f822d31bc16f481c8ad718fa209bf5218c10febfc32ce02f1d,03a583f5a8cc1adcfb09c920ed4236a545167dccee28ecb7838112d85516fdd4,447a6c9e9645a76ddfb9d894251641388b525222a08c1b143a8ff07867079980,
p2a-rs-w21-Bci-c3-s1101-7a83e013169a8133,real_w21,B_DISTAL,cnn1d,infonce,3,1101,1101,0.0001677985560548701,0.0006893648884554523,0.18094199691102594,ELIGIBLE,6.6005847237326885,1350,2100,False,0.6768419718833496,0.0005809686888454011,0.28325832340546653,72.3268208000809,7a83e013169a8133f6aeed8b600ea3c154c80cd6c0a7ce73cf175f15b492b7b0,b83d24fd328210ab9fe620905a4e899a717ef7b5b0bcff8792f362208de83f88,41d841a406711112c1b57658adfdfd05eb70e01e27f8f57b940b2c5b427e4fb9,
p2a-rs-w21-Tti-c0-s1101-f993a6fb8da245e7,real_w21,TOTAL65,transformer,infonce,0,1101,1101,0.001,0.0001,0.1,ELIGIBLE,6.673591136932373,1200,1950,False,0.33239406970896757,0.017811276908023484,0.10329810602533096,70.8908266001381,f993a6fb8da245e78bc160ac833d7f1ab558d7ec7c49007596c6f67387971355,5183c59140ec2c5fa4a8d19ef8521893d18d2d8b2fe0f899107c7ab34b144cbc,39201a9923f69717a8761c4275ad1c7af6acf9e069539d2ebb265d338c312fa9,
p2a-rs-w21-Ati-c0-s1101-a04c32fbd9ef2c9d,real_w21,A_PROXIMAL,transformer,infonce,0,1101,1101,0.001,0.0001,0.1,ELIGIBLE,6.515665227716619,1350,1950,False,0.6797742252875225,0.001016695205479452,0.26599008650307376,69.38309890008532,a04c32fbd9ef2c9df62ddb96f94a4e3ceb99a82cf981dbee54243e142cf54876,ba43c3711593a620e5535bfdd09b88b6619350060462f52f7185b08755845959,8a57a2015321584a3293ca959f57e5c7b65ba87188a9e966625ff46fe5faf56c,
p2a-rs-w21-Bti-c0-s1101-370e078a3576310f,real_w21,B_DISTAL,transformer,infonce,0,1101,1101,0.001,0.0001,0.1,ELIGIBLE,6.671310121362859,1350,2100,False,0.478730548646685,0.0017658390410958903,0.14348695531965644,73.83393480000086,370e078a3576310f9de51de3f91adf82bcd0c28c8c53d3fcd6650bdbd88a2383,8eaf1bd079e3a7b4a5435518567950722a752e3cecbf4c658fe536a5c575d821,5f54f6a5a5723f25b5cc961beb17f961b773cf1709e6efec57d6cc84ef2311f0,
p2a-rs-w21-Tti-c1-s1101-0d9c9a05a0b617e0,real_w21,TOTAL65,transformer,infonce,1,1101,1101,0.0019186487924144232,0.0001147040509290496,0.10165049742890192,INELIGIBLE_NEAR_COLLAPSE,6.930057395588268,450,1500,True,0.009133913348658512,0.5381910469667319,8.815941028114502e-05,54.430976500036195,0d9c9a05a0b617e079640e9512b92ac9cbea64ce637531d5b51ad09905de90f4,f21302baed259e3454d9d653d97940826b7ea1d9ce22ff352497c0728d1f47b1,0736ec7424b1fdab6bb46a9664a28121c37ef7004458286ecf185b1d049e6581,
p2a-rs-w21-Ati-c1-s1101-4ef00c1491145048,real_w21,A_PROXIMAL,transformer,infonce,1,1101,1101,0.0019186487924144232,0.0001147040509290496,0.10165049742890192,ELIGIBLE,6.499688321893865,1050,1800,False,0.6690924890642369,0.0012460249510763209,0.25637728598639764,63.361967199947685,4ef00c1491145048bf23bcacf732f8d141160db6cf68b8f66eae87c6bb5e5035,8592bdd70fa4a1aeb043abfbde00d850251d94ad1ddfbb8c9cc21c53b1936559,fcdecb715c8e0dc56d0ec55cdff251e7569dd83fff28a2a39b1634882c7e5df0,
p2a-rs-w21-Bti-c1-s1101-a7604efa77c6a077,real_w21,B_DISTAL,transformer,infonce,1,1101,1101,0.0019186487924144232,0.0001147040509290496,0.10165049742890192,INELIGIBLE_NEAR_COLLAPSE,6.930490450425581,150,1500,True,0.0010339366869274121,1.0,1.244302659932759e-06,52.75562089984305,a7604efa77c6a077c7d6c20eb3f3e20c219bee4bebfb399fbfec129d8a929d8d,45a11be47a2c9f225745b8afe2997a3a7b086fbb705576ef22beda6b94f030a2,f9e9feb84b587961c37017e7779f52e408f5b33e9d9af847e0e54e3d962ab34d,
p2a-rs-w21-Tti-c2-s1101-a2e62624f3664b9c,real_w21,TOTAL65,transformer,infonce,2,1101,1101,0.0005372687003035359,2.9623432092428512e-05,0.07553731701182094,ELIGIBLE,6.29918588291515,1350,1950,False,0.7237399758988738,0.0009631849315068493,0.29553120742042416,69.59724549995735,a2e62624f3664b9cea8f61bd672774ef23ff811b5c85e06af53209d4151964d0,cf8f896f53b97b39b03081c45547a20c2b650e9d83a96897a8160cb77be9e92e,ea14a540d6a16985e6a9491c7bbed2d99c37069d65d2b8640f9cdf64dc422ff4,
p2a-rs-w21-Ati-c2-s1101-26353905c15196c9,real_w21,A_PROXIMAL,transformer,infonce,2,1101,1101,0.0005372687003035359,2.9623432092428512e-05,0.07553731701182094,ELIGIBLE,6.517017581246116,1050,1800,False,0.5550299815101511,0.0014600660469667318,0.18298757847921115,63.535572099965066,26353905c15196c9e3fd06a83ab2693b756f9058234ddd6ee68c6b1ead213daa,a2e894f8c5ea1fa54462db959643f669b93fcc59432b7c8cc741cecce029c109,2534148ae8c7250c512fad9c0f76d40c1d5ae1ad3ec01b1009b87d59f53fd941,
p2a-rs-w21-Bti-c2-s1101-2b45de75045b565a,real_w21,B_DISTAL,transformer,infonce,2,1101,1101,0.0005372687003035359,2.9623432092428512e-05,0.07553731701182094,ELIGIBLE,6.698920553380793,1950,2700,False,0.44625971536118936,0.0015517979452054794,0.12234431560397,99.22731289989315,2b45de75045b565aa9ee7e59c7c41662e24188fceea2f71b4e0d639eda616590,f5029e52a01d2e843bd10d3cf8018faa7b80b9ba0ee7c7c03c9479869ba04df5,fed8cf521e548dfa66760c172d0592196d3b2c5c3655ff13f6ab3d05e52403f1,
p2a-rs-w21-Tti-c3-s1101-445023f67dcd04ac,real_w21,TOTAL65,transformer,infonce,3,1101,1101,0.0001677985560548701,0.0006893648884554523,0.18094199691102594,ELIGIBLE,6.295935023914684,1500,2250,False,0.9842388529837252,0.0005503913894324853,0.5448461615264456,84.27638510009274,445023f67dcd04acb63dfc7fb471545da6be57167498e3bc9dec599ecb21faf3,2a9f9bf60e72ba951e76b754681a31787961a619a1fa37afeec54e1a7beff8d0,b88bfd620988a06a4f9e660854557de252bacc2bfa3575ae2255ca54d4a21904,
p2a-rs-w21-Ati-c3-s1101-fc6f8c76a2ae0221,real_w21,A_PROXIMAL,transformer,infonce,3,1101,1101,0.0001677985560548701,0.0006893648884554523,0.18094199691102594,ELIGIBLE,6.511853434822776,1350,1950,False,0.8154624130183624,0.0005886130136986301,0.3904651849959657,69.61597959999926,fc6f8c76a2ae0221ad77a643fb5d51791355aa8a420cfd72cce4eafe2132201f,ff67797a7ab8422e8cfb4e45c5ab12b6809a1c957a4b6efe0ff55ed15006253e,bb5ad02e9d82d990da0adf99bd7df1023c9a753a5ab68b8b8cb46f8acb5187ba,
p2a-rs-w21-Bti-c3-s1101-ab6bbfd2a5cd490e,real_w21,B_DISTAL,transformer,infonce,3,1101,1101,0.0001677985560548701,0.0006893648884554523,0.18094199691102594,ELIGIBLE,6.605845884843306,2850,3300,False,0.6250475813858521,0.0006650562622309197,0.24377639481580496,120.69746519997716,ab6bbfd2a5cd490ecf0b823da8026dd56f6bbd8ca438a7efe35dfe60592a603d,3400820d25075b0c3c58be4faa89a878ed12894af00660e57664b8043fa962dd,9558b6d75806e36d4d797ee0aa80b652e426ddb3eb7a6042067504ae43b11c12,
p2a-rs-w21-Tct-c0-s1101-81e44138bfcdfb67,real_w21,TOTAL65,cnn1d,time_contrastive_blocks,0,1101,1101,0.001,0.0001,1.0,ELIGIBLE,6.102047096599232,450,1500,False,1.4207792315004344,0.00029048434442270057,0.9990050472891878,66.87371030007489,81e44138bfcdfb67f5014998b3a95c6a9005665506501eafcb2482c29b7c0758,40b0215979e46e0e80f97b897df15b54d79e8de2f664dbcbc6dee05c8e1b4dd5,f14c340248214877fe66c5fa5fa79e2f6913fb57bf1c530a98caab143be84c2e,
p2a-rs-w21-Act-c0-s1101-49b801252d81ff3b,real_w21,A_PROXIMAL,cnn1d,time_contrastive_blocks,0,1101,1101,0.001,0.0001,1.0,ELIGIBLE,6.114379492673007,1350,1500,False,1.4135925383320305,0.0001834637964774951,0.9867876613278914,53.18958660005592,49b801252d81ff3b220a75057d1bfb6a4508c0cce5fba3b63dc98dec03eee4fa,4cb28362e1d83bc048ecabd9fee5ca0c076adbc36f8301abd834a6b64bc3f106,f8faf9b9adaa7a5a507b0d85be63dff04ec1eac0191960c8310b73c77c5f43bf,
p2a-rs-w21-Bct-c0-s1101-3384c8b79c0da3a7,real_w21,B_DISTAL,cnn1d,time_contrastive_blocks,0,1101,1101,0.001,0.0001,1.0,ELIGIBLE,6.105275544253263,1200,1500,False,1.417668039815585,0.00017581947162426614,0.9996464897744739,52.73890049988404,3384c8b79c0da3a78d2efc03990bc82c733d91ef92c3f9015f20f1dc085f01e5,fa2d9f647647b6d0124fd8fb2c920ced63aca06221bcb2cc4865b0080636897e,2ad6ba859754e843fc43427333614cc08724db6d456ffb4f4eece0a5a0829afb,
p2a-rs-w21-Tct-c1-s1101-7a1bfa033935ddcd,real_w21,TOTAL65,cnn1d,time_contrastive_blocks,1,1101,1101,0.0019222973497531495,6.65980578365304e-05,0.7881686265114021,ELIGIBLE,5.930026791312478,1500,1500,False,1.4022832691429192,0.0002675513698630137,0.998105278721088,63.84416909981519,7a1bfa033935ddcdfa33ac090c0e49eaca17c34e9834668d57291da586ac201a,2dce3f56e81cd2ecf8da60fe179eb3d3e4ab6687ff2d95523795005b3d1a4808,daff20d26c4226a4fe27af4b89155660858731c7d3a74aa1cf338eb6b76a8095,
p2a-rs-w21-Act-c1-s1101-5fd80be15103466e,real_w21,A_PROXIMAL,cnn1d,time_contrastive_blocks,1,1101,1101,0.0019222973497531495,6.65980578365304e-05,0.7881686265114021,ELIGIBLE,5.94188928604126,1350,1500,False,1.3993808649281942,0.00029048434442270057,0.9852367706451739,52.62996720010415,5fd80be15103466ef437cf31f5a0c4ff10017020af45745da01eb1b424911b80,e5e9553bb4542aaa24c4d723597c1aa146eb855120babe0455262354cb7dc489,e4df687bd3f4c5b8d716218843fdd499e266321b4cd366e4a8a747b0eed517bd,
p2a-rs-w21-Bct-c1-s1101-e97b71e485bed849,real_w21,B_DISTAL,cnn1d,time_contrastive_blocks,1,1101,1101,0.0019222973497531495,6.65980578365304e-05,0.7881686265114021,ELIGIBLE,5.934171546589244,1500,1650,False,1.4143425704190444,0.0003057729941291585,0.9972048017275928,59.02137270011008,e97b71e485bed849a8b778b1f639bb3adf8740d0ef8411e79d6d49cf2d433e06,82f64103c7a0e4f7315b83ec066f542d70c04b20f85d04dd9ff7b80c5272b659,0c2d9df996fb8541773e5a40ff2c3603a8ccc6a09cf8037b44abaaa9f66b3e9e,
p2a-rs-w21-Tct-c2-s1101-55573fc382bcaa6c,real_w21,TOTAL65,cnn1d,time_contrastive_blocks,2,1101,1101,0.00016375435299976828,0.00011375137967953784,0.1735617792707736,ELIGIBLE,4.572257778861306,1650,1650,False,1.3979407371561003,0.0003210616438356164,0.994165876727342,76.20152990007773,55573fc382bcaa6c9871cfffdb8a575291ca3749fd81092cf5cb0f18aa62ff24,12493c9ad99a26090a0abebcecc600aaf48872f3e0268cc08ffa9d6b9d830d80,d2e3cf0612abb62b2d0013edaaed228fdfc1ffad39144340ccc48860133c3031,
p2a-rs-w21-Act-c2-s1101-8026f4a81dbb9842,real_w21,A_PROXIMAL,cnn1d,time_contrastive_blocks,2,1101,1101,0.00016375435299976828,0.00011375137967953784,0.1735617792707736,ELIGIBLE,4.587283177809282,1500,2250,False,1.4000773375079996,0.0002675513698630137,0.98239965040075,79.78339709993452,8026f4a81dbb98429a64a9981174e6b14288bca184b36a2c7fc8636492b4ac8b,32b841999ae8b791d84712e660d833be5afb6f0df6dd91b0febbd4b87e928aef,2be8ea74f19427e54762a26f5c54e55d3235453668de75f057557f41b2a4de1e,
p2a-rs-w21-Bct-c2-s1101-272e68aa5b84d957,real_w21,B_DISTAL,cnn1d,time_contrastive_blocks,2,1101,1101,0.00016375435299976828,0.00011375137967953784,0.1735617792707736,ELIGIBLE,4.5967631340026855,1650,2400,False,1.4143221088063496,0.00015288649706457925,0.9975778146371013,84.77608820004389,272e68aa5b84d9575ea13bfb192f55061e66e435b3e206476dff27b2b0f6d67d,adf89bb72f59923e97ef7745a80463c8d645cc514c34287e56a04595b1490c0f,bc4c69476379aba8f48d7a8b3a9682abad18f3f0cef13808c822b8838c5cf759,
p2a-rs-w21-Tct-c3-s1101-88460bcd2122be1e,real_w21,TOTAL65,cnn1d,time_contrastive_blocks,3,1101,1101,0.0005274076992855276,2.930753191465412e-05,1.049415378366615,ELIGIBLE,6.136888547377153,1050,1500,False,1.403818954855703,0.0003210616438356164,0.9959023619320873,68.74750979989767,88460bcd2122be1eb7508ef959a52223c0791800ba4ccc593fa0bfd7bf7cbae8,515950be1fce7f9a7abe2454f37c02690b95f7ee91236f21de11208d15dd3b9d,b7a70fded02ea737f43f7860c4ba2809ac75787f66c31a38edfd87c7dfe558ef,
p2a-rs-w21-Act-c3-s1101-236ec356d9cf3576,real_w21,A_PROXIMAL,cnn1d,time_contrastive_blocks,3,1101,1101,0.0005274076992855276,2.930753191465412e-05,1.049415378366615,ELIGIBLE,6.149561058391225,300,1500,False,1.4098444638291001,0.00029048434442270057,0.9847813164577891,46.127904900116846,236ec356d9cf3576f1ce7817d606b530e9f91420e06918bdeb873a5d5e081c98,bea7977bdb0314a625b13c8d6cb4400953ee89e1dc8655edf99100a716a5ca9f,d6fd8adcfee8acf7a8acc324c9f5fa41b55fd576d669b2a1ee0086fc6c8dc651,
p2a-rs-w21-Bct-c3-s1101-45156e8863ce667b,real_w21,B_DISTAL,cnn1d,time_contrastive_blocks,3,1101,1101,0.0005274076992855276,2.930753191465412e-05,1.049415378366615,ELIGIBLE,6.138266433369029,1050,1500,False,1.4167432607797217,0.00017581947162426614,0.9990020976663463,40.142114700051025,45156e8863ce667bc5b899bc6107b5a831602225181f547fd87d5f12e9ec68c0,f16a6c1a8819920c77efb6c4a38a90f4aa09389c71a5a054d873625a1654d37b,91fa950b7ff90fc5abaa1ae197ac0bb51291f4de80f0a0f070f632ebd71e67c8,
p2a-rs-w21-Ttt-c0-s1101-3f8a14e655aa98fe,real_w21,TOTAL65,transformer,time_contrastive_blocks,0,1101,1101,0.001,0.0001,1.0,INELIGIBLE_NEAR_COLLAPSE,6.931471087715843,1500,1500,True,0.0005758306402650778,1.0,2.7292924381626506e-07,71.5149069998879,3f8a14e655aa98feded39d9cfe069cffe46bd3451511e51ec36b5f91e43d51d6,778e0aa877e1fb6084184a222c312a119055a1c4d1efcef4162170584578b386,a49aa5a9d8d1ec6a42e3ed488c176fd37b2a1e2fe60b7546296048b7b913fe40,
p2a-rs-w21-Att-c0-s1101-6953fef3dfc2a197,real_w21,A_PROXIMAL,transformer,time_contrastive_blocks,0,1101,1101,0.001,0.0001,1.0,ELIGIBLE,6.924078377810392,750,1500,False,0.07806055035632176,0.04732601516634051,0.007493514373057566,67.62822830001824,6953fef3dfc2a197e90ace3eb4ebde0fb07993f31daf24113df5bee9e128be35,c91247696618cdcbb2f5728c2dec1f69825d3b8254c8961332a9533ff0fc5a59,cfa41cd76d038af23605509ead1ef79a65b1b822355709a8d4c352c109df00c3,
p2a-rs-w21-Btt-c0-s1101-de0610de8673557a,real_w21,B_DISTAL,transformer,time_contrastive_blocks,0,1101,1101,0.001,0.0001,1.0,INELIGIBLE_NEAR_COLLAPSE,6.931470827622847,1500,1500,True,0.0011255060615132,1.0,1.2359860117961674e-06,67.27487930003554,de0610de8673557ad06b8cb464032bad65a4e1b5dd802f9a7544fc9bdff37b07,7013eb2d59c10e7ca3c95842c6d95ed03c2ae0492ddd4eaa1220f7b579eb9b9a,8829a517407fc4ffe307ce4cbc5860ee75ea2b383891bec9e82ac664d8635b4b,
p2a-rs-w21-Ttt-c1-s1101-73f09ba535dfc5b6,real_w21,TOTAL65,transformer,time_contrastive_blocks,1,1101,1101,0.0019222973497531495,6.65980578365304e-05,0.7881686265114021,INELIGIBLE_NEAR_COLLAPSE,6.931453574787486,600,1500,True,0.0035243059978271383,0.9159965141878669,1.4394402489992308e-05,78.03009470016696,73f09ba535dfc5b6c34d434aaf65989f38ee8192bcbf357af3faf7ab6750106b,70ab7acd71a7f403b57e2f97695a259d1bbe32eb9455efaa7c8b4b6d8aa8ccca,1d41faa177ddebab557e35705e1fab5f43684d2394f81ef546cd732ee12f10cb,
p2a-rs-w21-Att-c1-s1101-e5ff80ed0820ef02,real_w21,A_PROXIMAL,transformer,time_contrastive_blocks,1,1101,1101,0.0019222973497531495,6.65980578365304e-05,0.7881686265114021,INELIGIBLE_NEAR_COLLAPSE,6.931469440460205,1350,1500,True,0.0011670099306446014,1.0,1.7694342407687623e-06,69.25432929978706,e5ff80ed0820ef020af9d63d5fbceca12266c664e33cc5670072a31bc0adb0ef,869c4055fc77ac1670382a878f746e25da52f4e5fb2d69266c0ed65cacfebf52,14776bcf110dcc753c0f40427dd0f16a2efefed06bc0629c6a87962cf83aac63,
p2a-rs-w21-Btt-c1-s1101-3662798bbcbf8564,real_w21,B_DISTAL,transformer,time_contrastive_blocks,1,1101,1101,0.0019222973497531495,6.65980578365304e-05,0.7881686265114021,INELIGIBLE_NEAR_COLLAPSE,6.931418072093617,450,1500,True,0.006384264548827161,0.7076198630136986,4.334150584500497e-05,70.77014350006357,3662798bbcbf85644395ad2ee175f2939055ea4021e3ee63a03f724f8963b59e,678a2abe11a1d85895ee2b20e785dc2b613117a80be2eac2c2d9c05cad72aeb8,559761665096e956ddbc39baae5e2d1c60f93ac6d5df9bb343270eb9965a603f,
p2a-rs-w21-Ttt-c2-s1101-fb837fdc34e39d4e,real_w21,TOTAL65,transformer,time_contrastive_blocks,2,1101,1101,0.00016375435299976828,0.00011375137967953784,0.1735617792707736,ELIGIBLE,4.57501372424039,2400,2400,False,1.4059121294602115,0.0003669275929549902,0.9963683323117776,123.11730889999308,fb837fdc34e39d4e031b0b363af374cc0c4075297479583ecea46aa012e42824,e3821aa8b93e28db387d1a279ceb9c0dffd7f6aa1adc06376966dc9d05fa44b5,82fd3991b05e54fa0293a09e01dffcd10d56b763fc47f30141549fb89e7a0619,
p2a-rs-w21-Att-c2-s1101-931b14f76859cc6f,real_w21,A_PROXIMAL,transformer,time_contrastive_blocks,2,1101,1101,0.00016375435299976828,0.00011375137967953784,0.1735617792707736,ELIGIBLE,4.614091829820112,2550,2850,False,1.3963392661397425,0.00023697407045009783,0.9880628969440026,132.58174369996414,931b14f76859cc6f59c088e25e4a52a34b473815dd6a672609dab3a7977cd945,f5cf4a660e26004f1d0a42617946f7820f3bc561cf8200caff6ef6baf313942a,030b6ccea27bbc815ce6010a1caa0833bd2e0050b199d905de89744239abbb30,
p2a-rs-w21-Btt-c2-s1101-53e3f2c38f91d3e3,real_w21,B_DISTAL,transformer,time_contrastive_blocks,2,1101,1101,0.00016375435299976828,0.00011375137967953784,0.1735617792707736,ELIGIBLE,4.592075564644554,2100,2250,False,1.4090460485634622,0.00019110812133072406,0.994359868488653,104.32827080017887,53e3f2c38f91d3e30e832cfd59c0a19bac92f02e151624c82c562e133cf0c652,03a07f3a9b84d4c04f213791dc57ee118bfd9f35faf2e326cbbec7d6aafa1d95,fd227a49980401a807986798293d3b4efca561247aa24e6cb5c5437f8f7dbfd1,
p2a-rs-w21-Ttt-c3-s1101-b6974d23e3176aba,real_w21,TOTAL65,transformer,time_contrastive_blocks,3,1101,1101,0.0005274076992855276,2.930753191465412e-05,1.049415378366615,INELIGIBLE_NEAR_COLLAPSE,6.931339914148504,750,1500,True,0.011738687035391429,0.43023789138943247,0.0001384822184604842,78.63623320008628,b6974d23e3176aba19660b0d008950fef8eca525ec52499f1ef7e3ed53249733,fd7aa224381c4ad5974941ee75a1de59c42e3316faae69ff8d7943b54a7c5ebf,739ef24619c1df8d5b0ecfcd8556e6160db8f7a4579e87e57e250208c1eaf149,
p2a-rs-w21-Att-c3-s1101-3f20ec6f6c33115a,real_w21,A_PROXIMAL,transformer,time_contrastive_blocks,3,1101,1101,0.0005274076992855276,2.930753191465412e-05,1.049415378366615,ELIGIBLE,6.930717208168724,1500,1500,False,0.02830110363844387,0.15923893101761252,0.000790284460006763,68.8559795001056,3f20ec6f6c33115a3d8c1bf82341be57d14252343f8cd083da245747f30eda33,4cfea6f6141f27c2f5cdbf7c6a7df091e26075f592565db1402437dc4e1c34aa,002894d6d0192593b0b109cc0ea90bc3de8f8b0346e5b45598b619d9f95c7d7b,
p2a-rs-w21-Btt-c3-s1101-7ec255a554391939,real_w21,B_DISTAL,transformer,time_contrastive_blocks,3,1101,1101,0.0005274076992855276,2.930753191465412e-05,1.049415378366615,ELIGIBLE,6.926016504114324,300,1500,False,0.07345129910119408,0.03028681506849315,0.005838010727389968,68.5469472000841,7ec255a554391939669012e958730e9aa266cf92ce8ab64e179551b3ca8dc1ff,d353acdb2173928ddd6c199b2f9aa27a21ce916bb0590b89f66476cd17051439,d22b762f9fc08374a33da70d6ec432ce86279fc0030cbc62f1114fdc03c0f775,
p2a-rs-w21-Tcb-c0-s1101-3061e21289ee8729,real_w21,TOTAL65,cnn1d,behavior_contrastive_blocks,0,1101,1101,0.001,0.0001,1.0,ELIGIBLE,6.4801012819463555,600,1500,False,1.4268139049440935,0.0003669275929549902,0.9975163568670841,50.03765959991142,3061e21289ee8729f5c2f810f58805877519a784795f8a45dfc90e826a45266d,d861a236bed3f703b3804e65903d7b0b94b79c12ff5606f8f08c240994abcccd,896bee1e0e7507b415e15dcc29b0fd0fc3e7f8afe996aa946e04513a2d8c9a3e,
p2a-rs-w21-Acb-c0-s1101-208214305310c552,real_w21,A_PROXIMAL,cnn1d,behavior_contrastive_blocks,0,1101,1101,0.001,0.0001,1.0,ELIGIBLE,6.580827713012695,1050,1800,False,1.4026662893458788,0.00042043786692759293,0.9923479671955698,55.75912980013527,208214305310c55267c17d2de612653d18521d81e7cbaced6bf5b52627df2168,f8279c83d83bcd2e8681d9ef994890d500d796bc0ff953dca28a3607f32e9161,de7ab0afc6e042b8c896ff276e6bfc12966d97f1b83a5368d890dce08acb715b,
p2a-rs-w21-Bcb-c0-s1101-1c797e053349bdfe,real_w21,B_DISTAL,cnn1d,behavior_contrastive_blocks,0,1101,1101,0.001,0.0001,1.0,ELIGIBLE,6.623611016706987,1500,1500,False,1.4039053940754687,0.0003210616438356164,0.9880163992692504,46.36966830003075,1c797e053349bdfe24b39fa6cbc5fb5a59a203831eb37ebed087b531e8997e58,5109bb0f4cfd9c63f5bb160b7873b32783cdd74aa9197a58cc44f71dec3decfa,e79431b9c0e9d15478dc44aa4f0a5cbab6ee8e7d55799df8e1e8350a67e16002,
p2a-rs-w21-Tcb-c1-s1101-2e051d2143b68771,real_w21,TOTAL65,cnn1d,behavior_contrastive_blocks,1,1101,1101,0.0029564921407279443,0.0009019391648152211,1.0835783554613034,ELIGIBLE,6.5090062401511455,150,1500,False,1.4128939898163368,0.0027825342465753423,0.9998137586634179,49.8534001999069,2e051d2143b6877108404d9ba6c0c5fe59d5099b5e90564faffef560d81477f6,279fe70f1170720b05e739c0b6512ec10e963d27b746564d63a190cdcef4a3e5,615828037ea7b6ce210d15353b71d2b43cb73e8293ce788f978bd6503923e46c,
p2a-rs-w21-Acb-c1-s1101-fad57f6cbb422750,real_w21,A_PROXIMAL,cnn1d,behavior_contrastive_blocks,1,1101,1101,0.0029564921407279443,0.0009019391648152211,1.0835783554613034,ELIGIBLE,6.553603042255748,900,1650,False,1.5437782517422738,0.0007414995107632094,0.9984950173911715,50.362212900072336,fad57f6cbb4227503541c1c8a051e2bc998b19ac79d17f31e8f4e103d7d8fed4,8b115116e4ca375ca4010070e281130d41d334e0b680c319346df88537e96676,d47df2d3aab3f4da1d3f80530cb1007a3841539f1a37402c0543db358a0411db,
p2a-rs-w21-Bcb-c1-s1101-c981f7e4c29b9ebf,real_w21,B_DISTAL,cnn1d,behavior_contrastive_blocks,1,1101,1101,0.0029564921407279443,0.0009019391648152211,1.0835783554613034,ELIGIBLE,6.628057739951394,1200,1950,False,1.3943469373009396,0.000619190313111546,0.9787429426891059,58.778902399819344,c981f7e4c29b9ebfecb7a087fa0fb77ae5291e337bdd64d28f8fc90db0786f3e,1ef79bde41c6687c1fc3ac560f1b4182dd9fadf9b5f072ff5048a1cb5fee978f,9c178de74590e83ea5aa4cd4d05e5a0a2336e3b3f442c432d21ad6dc194b1f35,
p2a-rs-w21-Tcb-c2-s1101-cefeaa191b9bfbc7,real_w21,TOTAL65,cnn1d,behavior_contrastive_blocks,2,1101,1101,0.00010511370350211826,1.3389195739766575e-05,0.38578572211598844,ELIGIBLE,6.288741588592529,600,1500,False,1.4219984021049477,0.00033635029354207435,0.9968128786171071,50.655498299980536,cefeaa191b9bfbc78dfe8851cf368e58120b352c5959d5f0167901bc05f0710d,2bf3b327005815db1287631d4359eacc2c123e3ee3ec9e50ef6f8d76e82b3fe6,50fe7f4516004399f4d75258064083feaa4d48bcdc1e3aa846bd6647011c6eee,
p2a-rs-w21-Acb-c2-s1101-77d082363012657d,real_w21,A_PROXIMAL,cnn1d,behavior_contrastive_blocks,2,1101,1101,0.00010511370350211826,1.3389195739766575e-05,0.38578572211598844,ELIGIBLE,6.507172281091863,300,1500,False,1.2148446464270926,0.0004510151663405088,0.7943100229557076,45.8091327000875,77d082363012657d7a70e7e82e9487d87fa3c877557209f51af7313ce2d95d51,8873d612ab321ea363cc94ef43ef004c17771ec55438161aefbdfbbc1e4a6923,3ec9dda7d8eee1ab114c54623e6a2c905efa2dfb60fb59c082a45ebbba85f534,
p2a-rs-w21-Bcb-c2-s1101-2c2feb14f3c33c60,real_w21,B_DISTAL,cnn1d,behavior_contrastive_blocks,2,1101,1101,0.00010511370350211826,1.3389195739766575e-05,0.38578572211598844,ELIGIBLE,6.598935040560636,1050,1800,False,1.0190996564268922,0.0003898605675146771,0.588055358030932,54.35678380005993,2c2feb14f3c33c607d5460fa0d44e70a2c0f92d24e3251126b81bfa9fd724473,41e0f1c38bb236b1b6074781b0c0fd89d725a310c5ff3253961f17d736df2421,bd5850faf94edeac0ca580ce05a4a361c1c85f1cc388357cb3f27a9f3b91ef01,
p2a-rs-w21-Tcb-c3-s1101-098229cc47c41281,real_w21,TOTAL65,cnn1d,behavior_contrastive_blocks,3,1101,1101,0.0003243270541770045,0.00022893263429992996,0.667639049932057,ELIGIBLE,6.355984341014516,150,1650,False,1.408494688797027,0.00041279354207436397,0.9841315182938617,54.34541680011898,098229cc47c4128156deed383b52b9b1516e42ed9255b741e5cfba392d70f88d,fd23af30d9d8b072d767f3e180fb03fc2400be4ca14280308b1a16b3a7317f8d,6c464ab4cae4994d6270786fb2371bd646b08d1a1da1e4b869f1af2011e18964,
p2a-rs-w21-Acb-c3-s1101-6681eb2dffa51178,real_w21,A_PROXIMAL,cnn1d,behavior_contrastive_blocks,3,1101,1101,0.0003243270541770045,0.00022893263429992996,0.667639049932057,ELIGIBLE,6.506627516313032,600,1500,False,1.4200620633886152,0.0003898605675146771,0.997080821879492,44.85602179984562,6681eb2dffa51178f601ba845988e66d7685436aadc29654cc491d5474994a12,8b6a14e0196cbe238d6406e53781929235f031f1c06dfb3e58cbd1ba9bc36245,4ddd2f8a5783d86ef92182369446d7db72c3aae1df4c38c9f7e6dc252ebaab2c,
p2a-rs-w21-Bcb-c3-s1101-88b1f8dec0351a9f,real_w21,B_DISTAL,cnn1d,behavior_contrastive_blocks,3,1101,1101,0.0003243270541770045,0.00022893263429992996,0.667639049932057,ELIGIBLE,6.580966862765226,450,1800,False,1.402136126311356,0.00029048434442270057,0.9831840563832118,54.29090919997543,88b1f8dec0351a9f6f19362745b0db265fed2e80b9a53c7801abfeeddfef6294,31bcae633566affc2c36c2a13ade6ff3ca687bfef1acfedbdedd3e77f0207948,f243214e34d9fca3fd9b84b502d545e0ff0b0e2c18af0de8a2a1ef4ad4bb0bf9,
p2a-rs-w21-Ttb-c0-s1101-a7cdf588555d623e,real_w21,TOTAL65,transformer,behavior_contrastive_blocks,0,1101,1101,0.001,0.0001,1.0,INELIGIBLE_NEAR_COLLAPSE,6.931465885855935,1500,1500,True,0.003749248010337973,0.9134203767123288,1.5322809635617006e-05,70.70501430006698,a7cdf588555d623e1a94c58d013aff1ac940eadc77659f0af4a8ae3159625d83,6091a8e69902ec62a763a651fcbfacfe0f4ab84234affef00391989909871a6f,4213dbe7564e2c6ad9bcc743219b41e0241d196bc559831a471365222282df80,
p2a-rs-w21-Atb-c0-s1101-1ef51da9f761364b,real_w21,A_PROXIMAL,transformer,behavior_contrastive_blocks,0,1101,1101,0.001,0.0001,1.0,INELIGIBLE_NEAR_COLLAPSE,6.93145769292658,300,1500,True,0.007124062426491358,0.6865903253424658,4.934272242609309e-05,69.4335199999623,1ef51da9f761364b92543bbb6cd3420301121a9638be5d400cc99a3f19edae07,0c7c6d6eaea5a0293b57540bef7f1b79f58109c370610a1eedb8c19864176c34,f36f07fc6859a932bac10844096d1f41af9f22522a8fff41c8b9708cddc2d3c4,
p2a-rs-w21-Btb-c0-s1101-eb704c258b7b1bdf,real_w21,B_DISTAL,transformer,behavior_contrastive_blocks,0,1101,1101,0.001,0.0001,1.0,INELIGIBLE_NEAR_COLLAPSE,6.931470740925182,1500,1500,True,0.0016834384897430619,1.0,3.016859911587628e-06,69.52962419996038,eb704c258b7b1bdf0ec6c89871d53e076b527a99beed9868ff2565638e3e7336,0431ae4fc34ffab103baaa44e6387bebe3606903a9686e3a1fab4596bca58295,f1767322641ec5cfe8a31954f2948693d83ce9d50590b457a3f07482eddd41f9,
p2a-rs-w21-Ttb-c1-s1101-69936f76713fb416,real_w21,TOTAL65,transformer,behavior_contrastive_blocks,1,1101,1101,0.0029564921407279443,0.0009019391648152211,1.0835783554613034,INELIGIBLE_NEAR_COLLAPSE,6.931471347808838,150,1500,True,0.00031439055265129815,1.0,7.767316637568265e-08,73.37093729991466,69936f76713fb4168b1b5bc7748432929e7cb40c0584fa72abddb6cb550ef9ac,6b04f3854584a206e4c2c636b67e8db86040488b54f7fa19f3026332d39fd7b6,600c17e08a3bff5df59c582462915241619696f31126d7ba40f1c2ecfb2723a4,
p2a-rs-w21-Atb-c1-s1101-d8b2cd9ec0690af1,real_w21,A_PROXIMAL,transformer,behavior_contrastive_blocks,1,1101,1101,0.0029564921407279443,0.0009019391648152211,1.0835783554613034,INELIGIBLE_NEAR_COLLAPSE,6.93147121776234,150,1500,True,0.0009808813104313233,1.0,1.0369244749071283e-06,70.88964199996553,d8b2cd9ec0690af17c37e63d06d8c8f6b91e604b537d4b7cde13e0f5149fd437,463e61476ab7f8b3748a8c91f7a0e484cfb4886805149158502168c0c28a8f4f,79a68fcbd619800ca0755cf5cea5bfae7176108643b5fa0dcbe8e7cf8c48bdcc,
p2a-rs-w21-Btb-c1-s1101-ac196d3aab74ed23,real_w21,B_DISTAL,transformer,behavior_contrastive_blocks,1,1101,1101,0.0029564921407279443,0.0009019391648152211,1.0835783554613034,INELIGIBLE_NEAR_COLLAPSE,6.931471347808838,1050,1500,True,0.00023387287235255942,1.0,5.7204558269448426e-08,70.50237040012144,ac196d3aab74ed23a68863fa328d032a8c8593deb6121a5f43e67ee97b015fa2,02a5cddd1f4b6bbdbad58de3ece5b9561bf6589f596e9ac80539944c550e79b5,b2c0e3d3a292664d282b56ce1ebc7f1529e74c8c57aff994f23ca6cfce489d3b,
p2a-rs-w21-Ttb-c2-s1101-2182ea0c29b80477,real_w21,TOTAL65,transformer,behavior_contrastive_blocks,2,1101,1101,0.00010511370350211826,1.3389195739766575e-05,0.38578572211598844,ELIGIBLE,6.32705697146329,1350,2100,False,1.323471022871514,0.0007414995107632094,0.8969234771620288,105.18288849992678,2182ea0c29b80477d7da764431246199748bee8bb438117464f1eb85a7d1869d,3c7c68690270674e00d48e5c4b952ac8427128017279a63b53a5d853df57c4e7,d8b824d990ebf4baa23e0742f85cbc7984caa84700f9f8f0f60a98d24418be5c,
p2a-rs-w21-Atb-c2-s1101-975fb123b3ff67a3,real_w21,A_PROXIMAL,transformer,behavior_contrastive_blocks,2,1101,1101,0.00010511370350211826,1.3389195739766575e-05,0.38578572211598844,ELIGIBLE,6.505844809792259,1500,2250,False,1.1769061499629154,0.0004892367906066536,0.727486936308302,111.5061683000531,975fb123b3ff67a39d802b8ee63d5d58873ef71573b2676131205862da7610ff,2cf2c18d8e2fc4e7383feb3a118ff64babac401be016032830705a4bde6a5ce5,68e0466b4bfee11eea27a7bbabd4da9b8f94301b1d7dde4951ad9a341921a356,
p2a-rs-w21-Btb-c2-s1101-0ac8f584dc22bdfe,real_w21,B_DISTAL,transformer,behavior_contrastive_blocks,2,1101,1101,0.00010511370350211826,1.3389195739766575e-05,0.38578572211598844,ELIGIBLE,6.618591005151922,3900,4000,False,1.0272706693796716,0.0004280821917808219,0.5976407231230165,195.3853043001145,0ac8f584dc22bdfe1845fe3627f71db7c6ccf38b6337ea3d5e3d1f52988ad378,353e3f86ebd3e17d1cc1a7fbae9ae79ab8ee1f730d45f7437eb829936a2115c2,d5cd1e94029f927f96504faa0e4fb2203aae0fbed7519436f285493f24cc26b9,
p2a-rs-w21-Ttb-c3-s1101-6ee91f0dd81cb621,real_w21,TOTAL65,transformer,behavior_contrastive_blocks,3,1101,1101,0.0003243270541770045,0.00022893263429992996,0.667639049932057,ELIGIBLE,6.387172395532781,900,1650,False,1.4197779262358414,0.000619190313111546,0.9841226337599434,87.21170360012911,6ee91f0dd81cb62183a0f47f8d9e80c1f955976fa231682c4350fd825db993a1,26c31dc6850730be61263d6c81d3d0e0c3ff111fbd6822337a84ffe896b1a1ef,1c09256ccd52c7fb6b29940d9cd1a30e84f3d2e83166c41a148b52e704f017b2,
p2a-rs-w21-Atb-c3-s1101-122672aa06a013a9,real_w21,A_PROXIMAL,transformer,behavior_contrastive_blocks,3,1101,1101,0.0003243270541770045,0.00022893263429992996,0.667639049932057,ELIGIBLE,6.540117220445112,2100,2250,False,1.3981522514884777,0.00045865949119373774,0.9597517278208771,111.50146699999459,122672aa06a013a9926c7a00024b47cf38c6f30396ac895d2b89a5eaf9ef46ca,a3ea9a3f5f90ce14e044bb2aa0bb40288fff3b4e140107cc884fe2d655951955,9cd09f033eaf02f024b5422feb91d70dcf21930b9da6e8f96b8ad3d433e3cfb4,
p2a-rs-w21-Btb-c3-s1101-4f5e6735484379e6,real_w21,B_DISTAL,transformer,behavior_contrastive_blocks,3,1101,1101,0.0003243270541770045,0.00022893263429992996,0.667639049932057,INELIGIBLE_NEAR_COLLAPSE,6.931433374231512,150,1500,True,0.010597143510126462,0.46308555528375733,8.669195377051367e-05,73.77590980008245,4f5e6735484379e680eaa281189ea196e452d6580158401c40eb0270552ddbb0,642b291faffefba4124c25d27b7ca4f83acfee0c244a63341757c0c32c06a1b8,6ffc572a05ce57f6be3c08746a2c97e1ff2f51835ab5f76ce9efe8051b458ae1,
p2a-rs-w41-Tcs-c0-s1101-f4cfa610aaabad2b,real_w41,TOTAL65,cnn1d,soft,0,1101,1101,0.001,0.0001,0.1,ELIGIBLE,6.908719682693482,1500,1500,False,0.23233136641136376,0.00390625,0.034419668141389276,52.45671959989704,f4cfa610aaabad2bead32e9a9d5686cf50b0a5a975587899727d063f673dc989,16d58f472fdcbbefba86916c07a7bf808cb4e0923dc9f499c4adb321ed8accad,f74b49a5dbcfe9604d4434828d63fc1aae88793dfe01f5e5ba328ac713bd6156,
p2a-rs-w41-Acs-c0-s1101-e8b0966403b9b252,real_w41,A_PROXIMAL,cnn1d,soft,0,1101,1101,0.001,0.0001,0.1,ELIGIBLE,6.914595890045166,1500,1500,False,0.21641459083460507,0.0033405699608610568,0.03094852345460569,50.28843290009536,e8b0966403b9b252ea14d785867367c5c1db8ea6872b994d3eb8cc993e78619f,2a370bef42ccbe539b95153e5e2d4bda3b1c6157e5c15e1521744a07465f6b1c,c47aa281eb44d02c97dc66b945da30b4bc8af01a3c61926daabc95c63138e802,
p2a-rs-w41-Bcs-c0-s1101-595b15ff402778fc,real_w41,B_DISTAL,cnn1d,soft,0,1101,1101,0.001,0.0001,0.1,ELIGIBLE,6.917215824127197,1050,1500,False,0.1809868871160049,0.00493823385518591,0.020906992728806077,50.19318770011887,595b15ff402778fcb7e4ccdb6c6403105ccb1d40469a8e0b449a08a19e501741,71a16c8f1d7e31165bd8301fa4ca9c8f83129b3d4b88767dbbb19af970ec77f1,9ba48417a7e0768e5b16b2508837c47298f110d21c51920e197c4c2914a332a4,
p2a-rs-w41-Tcs-c1-s1101-8ad7fd984552055f,real_w41,TOTAL65,cnn1d,soft,1,1101,1101,0.0010717221240559393,0.00036625451895020913,0.11065361153401906,ELIGIBLE,6.908911037445068,1350,1500,False,0.24202178476916977,0.003455234833659491,0.03829035470310473,51.92639480018988,8ad7fd984552055fa1664e78a2872f5073458f4c8859793870d90d0157117b44,a2160c9df3afd5590ddfc292ac828104f8a0e0e237d525c728b430d7e7285027,9c6249bbfaa447a99951c9a018f9225b13e087fc886ff742ae6dc71050181aa0,
p2a-rs-w41-Acs-c1-s1101-02221fdf28daeb47,real_w41,A_PROXIMAL,cnn1d,soft,1,1101,1101,0.0010717221240559393,0.00036625451895020913,0.11065361153401906,ELIGIBLE,6.914292287826538,1350,1500,False,0.21909880719279706,0.0030347969667318983,0.03228240945477827,49.278176499996334,02221fdf28daeb47090c25fba407acf95684b2f382c81b9e9b715a4a8fb9ce01,d6fe2c90080f0f9a3f32165e2409d7304ed03ff5ab1337810cf9876874f8c14f,a506e8d82a295e3fbacd23fd129ca9f7c1cb26a038d1f8b2f517af08a35c0ed8,
p2a-rs-w41-Bcs-c1-s1101-9391d109d272289e,real_w41,B_DISTAL,cnn1d,soft,1,1101,1101,0.0010717221240559393,0.00036625451895020913,0.11065361153401906,ELIGIBLE,6.917163515090943,1350,1500,False,0.18585610475085645,0.004334332191780822,0.022374087565805934,49.4505733998958,9391d109d272289e3c84d80e1d93ea1ef6943d9fd969b40d88be5c6456c8aab5,963ed70b6763866609ff8a6018d37af431ac5721c6dba38c32fd682df0546e25,780f6c5f196d7ed989db24a6eeb3770f4f06e7a83543eb93356a7000591d5658,
p2a-rs-w41-Tcs-c2-s1101-ac09b88ce403f5a9,real_w41,TOTAL65,cnn1d,soft,2,1101,1101,0.00019749937882922414,4.823467913258201e-05,0.09284930655974434,ELIGIBLE,6.9108880996704105,1500,1500,False,0.21332483435271482,0.004059136497064579,0.028951837955494508,52.01097820000723,ac09b88ce403f5a9bb6956dc3a0d90351781ee8a69f4fc27ea4eaa8f31e1628e,9d8985c4e5226d70ed7156d79a7bd779de73d926340fcf097a1b83f41bafa924,37cd790302e3243e8826103b17876b84b54a4d5920aea35ca7fc551527983e65,
p2a-rs-w41-Acs-c2-s1101-8d016e309163637b,real_w41,A_PROXIMAL,cnn1d,soft,2,1101,1101,0.00019749937882922414,4.823467913258201e-05,0.09284930655974434,ELIGIBLE,6.916668272018432,1500,1500,False,0.1894447844606771,0.003699853228962818,0.02431849751392724,49.44356999988668,8d016e309163637be0a51022578362e154f40a52d3f5785858b8b3695824757b,9665413c17e4efd8ab3dba2c0a533042871fb1802e8946a6fb46b5a83ed1ab43,96b8084f31b6c6aaf8528008cf6b54a7424bf479a096828c74f302fd017b9a10,
p2a-rs-w41-Bcs-c2-s1101-94ebc286497206b5,real_w41,B_DISTAL,cnn1d,soft,2,1101,1101,0.00019749937882922414,4.823467913258201e-05,0.09284930655974434,ELIGIBLE,6.917425012588501,900,1500,False,0.1749987247878201,0.00449486301369863,0.019765026422474907,47.85518399998546,94ebc286497206b51981edf3d763f312aef844cfa049069c70a38419c4871076,beda7a486488430b65b4d54cc1f20953eed1de41e4d0ebb35c4443ffaada99c0,e2c535f61a022ce65591c809e7ece5da0129beef99661f2dc5f755a3101cf334,
p2a-rs-w41-Tcs-c3-s1101-faf8e084db96b4ab,real_w41,TOTAL65,cnn1d,soft,3,1101,1101,0.00032133362426250305,0.00010626568831948351,0.19424030526336192,ELIGIBLE,6.910345649719238,450,1500,False,0.30425799658697816,0.0025226272015655576,0.05881571213723285,50.69588469993323,faf8e084db96b4ab3dc1a496c92c6d02f8fce5184f05bd46032ac04638288aca,db33144af54d1f65a659c1bee25e0069ba5ab71e30b011338acb5476ea5ca53d,dff83ce0e1445c1145063e6e9522d887c227d0707690953b9a81b96b63c17709,
p2a-rs-w41-Acs-c3-s1101-6d2a4b86394ed02f,real_w41,A_PROXIMAL,cnn1d,soft,3,1101,1101,0.00032133362426250305,0.00010626568831948351,0.19424030526336192,ELIGIBLE,6.916389226913452,450,1500,False,0.27469694382131593,0.002216854207436399,0.05068910960668426,48.59762440016493,6d2a4b86394ed02f215956c28bd2256f81ffb5f7f30de64777753fbdfbe820a7,deb668b1f154325417c8b1aa9686af4601f1b7117ff5cbf2a1a68efe042e438f,c29c7c9eb5ae3936a061bb1cdac43800a541a89915db1757250ee285f4b9dfa5,
p2a-rs-w41-Bcs-c3-s1101-512cb804a6ae97ed,real_w41,B_DISTAL,cnn1d,soft,3,1101,1101,0.00032133362426250305,0.00010626568831948351,0.19424030526336192,ELIGIBLE,6.917241096496582,1350,1500,False,0.2598383291286712,0.0027672455968688844,0.04302422942163132,48.41318910010159,512cb804a6ae97edbbb212f700c5596c1becf99465e9edb51bffa291f558df0b,4dd70d6a266a2b2eae7142ba45d6b2e742214f858bd93ecd9f1b08b6281fdb1d,cd785016faa77bfb83992938e43869e84104e5c4877fa68cf8b7654cd08dcffe,
p2a-rs-w41-Tts-c0-s1101-6bd29c9aa102538b,real_w41,TOTAL65,transformer,soft,0,1101,1101,0.001,0.0001,0.1,ELIGIBLE,6.900033044815063,1350,1500,False,0.25202825595192646,0.004945878180039139,0.03831169212632224,57.15796560002491,6bd29c9aa102538bc63ddc91529e2d4bc9ff79b2e64b829e4cdc62dff13e466d,20a927e42485b0aa8d6d0095f71062c9b0fd2fd6a3f5201299dbb4b84cf2ce50,a672fab494438a550593b59a5fe57c0f448d8b21a94f1daffac0467c4bc0f5f4,
p2a-rs-w41-Ats-c0-s1101-b1383853a1f35fe0,real_w41,A_PROXIMAL,transformer,soft,0,1101,1101,0.001,0.0001,0.1,ELIGIBLE,6.909355115890503,1500,1650,False,0.22219398545736668,0.004701259784735812,0.030184701523060672,60.74367340002209,b1383853a1f35fe0bbf983e86707d669b37262d6b04e54acd062b681c4131c66,e157a1984d7b66ad25ac16e035bbd9637950706cc8b3dbc78a9a4d51ecb80177,2b3a7d7e4478013d2c0c5e0abdef3e0cea0252be213a68417bf49258532196c4,
p2a-rs-w41-Bts-c0-s1101-1eec250f695aa5f6,real_w41,B_DISTAL,transformer,soft,0,1101,1101,0.001,0.0001,0.1,ELIGIBLE,6.921258640289307,1650,1950,False,0.12103951969923418,0.07105399951076322,0.014766271901537533,71.29895119997673,1eec250f695aa5f6300b2e80dc8fa47c26a75e6b64bff6f676b292535a9e2e86,77264d5588cb5fa3f8dd96ce5052f23f6852a0ea79b6850662511840057140dd,ed059360bcd09474c25866a13f2921e2a0c7d5edd55e328cf66141ba8ec39c6a,
p2a-rs-w41-Tts-c1-s1101-f34ff5deea4ebb7d,real_w41,TOTAL65,transformer,soft,1,1101,1101,0.0010717221240559393,0.00036625451895020913,0.11065361153401906,ELIGIBLE,6.901903915405273,1350,1500,False,0.2859812885584183,0.006428877201565558,0.042601290997074354,56.28600139985792,f34ff5deea4ebb7d2d09832d89c37b84cbceec76b1352e4db2d2c1d8140a1226,2713bc98de039b659ab5405db98af55f584813a6c9a38866e4996813505046e8,400f7540256f5cd545bf8a2dd5cc738103bf058ecee817563b58c535201b6637,
p2a-rs-w41-Ats-c1-s1101-c314d2694135ac9c,real_w41,A_PROXIMAL,transformer,soft,1,1101,1101,0.0010717221240559393,0.00036625451895020913,0.11065361153401906,ELIGIBLE,6.908711194992065,1500,1500,False,0.2578555796812453,0.004601883561643836,0.04076462976198973,55.306151000084355,c314d2694135ac9c60d42bff618656312400ed3b61862dba1281d76038c03871,4d5bb0e0050b22a1fca2ff382f368f668156c1eae423d2cb92886ab5dd788277,a3622a8305c77f91a0928941b6fc1252c40aff8a182e481a74e91a29d6a75622,
p2a-rs-w41-Bts-c1-s1101-567dc507fd514e0a,real_w41,B_DISTAL,transformer,soft,1,1101,1101,0.0010717221240559393,0.00036625451895020913,0.11065361153401906,ELIGIBLE,6.911853265762329,1800,1800,False,0.2593397560594439,0.005129341976516634,0.03715237561128534,65.51127330004238,567dc507fd514e0ad84e7644f0d08f86bae9c5a65e3bf4efa416635ede14b79d,595da8ac47c0fb495c0d08fc3f2391ce5403df2378b0f97de758b0e16c1d2e94,109b370ce18586ae17114f837483726e7bebd03105642781dec80032b4021af3,
p2a-rs-w41-Tts-c2-s1101-3f8887b78c7f053d,real_w41,TOTAL65,transformer,soft,2,1101,1101,0.00019749937882922414,4.823467913258201e-05,0.09284930655974434,ELIGIBLE,6.912266731262207,1500,1500,False,0.2173115403123034,0.0034323018590998043,0.032084340169767786,56.77198510011658,3f8887b78c7f053d32ab3b2715b32764f8c6f2052121869cd5b63289300a9ea4,e1072493ee7c418e40b1517f3b68c4ecb2d1c7cdd9c066fc6468ac1e89047b14,b7abc2394802235a0f1970a1f0c20a2aee5f6cc8fb0abe7d904ce27f8b66ddd3,
p2a-rs-w41-Ats-c2-s1101-adb023f92d3eb9ae,real_w41,A_PROXIMAL,transformer,soft,2,1101,1101,0.00019749937882922414,4.823467913258201e-05,0.09284930655974434,ELIGIBLE,6.916734790802002,1500,1500,False,0.1894998017420782,0.0033558586105675147,0.0249676577813281,55.55442150007002,adb023f92d3eb9aeda0e827e44974ef761adfc4c4afcc727f07502b856813bb0,128c9fe37b7b8375ba1511450c1e22b71281507c68e52cd05575fcee32e1c2fd,bababf4dd04c777feceac77e273b5ea2eb4eab1b3a7178c8a928456cae41cfd0,
p2a-rs-w41-Bts-c2-s1101-6fc3760b705a7d64,real_w41,B_DISTAL,transformer,soft,2,1101,1101,0.00019749937882922414,4.823467913258201e-05,0.09284930655974434,ELIGIBLE,6.919349431991577,1050,1500,False,0.1586989170257413,0.004456641389432485,0.016944934212212236,55.094008799875155,6fc3760b705a7d649b9c5bd75b0bc08119960a7b5a2b48f81edc8ee002726bc7,9ca42a371d30e91624807048ed1caab0fd31c1e1cfefcecb3ef5c31ffab5e3cd,8ab624c0308eb4deb9a77ff24ec696036555433ecb94dc4e95e0c96611ce7419,
p2a-rs-w41-Tts-c3-s1101-6dff74eca938b15e,real_w41,TOTAL65,transformer,soft,3,1101,1101,0.00032133362426250305,0.00010626568831948351,0.19424030526336192,ELIGIBLE,6.904335021972656,1950,1950,False,0.3489183939854915,0.002843688845401174,0.07320734835409416,73.48984130006284,6dff74eca938b15e1d6f32506c059276f191f857bc59053689efbec4db64044b,aea73867c0317c951774cd90a8c4e795cb2b5afa9f67011efbdbb3cd0cf67a4a,44781eed51461b547049d2969a79396a7a824879b5362dcf09f660a93a965028,
p2a-rs-w41-Ats-c3-s1101-7c443077dd82c247,real_w41,A_PROXIMAL,transformer,soft,3,1101,1101,0.00032133362426250305,0.00010626568831948351,0.19424030526336192,ELIGIBLE,6.91580376625061,1500,1500,False,0.26661942650250975,0.0019340141878669275,0.04899985911999758,55.57030860008672,7c443077dd82c24791fa5953ad32655ffa7ec6dcf1725290564d0540319cd423,ac1327e1605e96eafca5293ef24a64e4844af03ff0e7bf4e89d3e3c5fc6cee24,2ab897418ccdbe900e7c7669550d83b2c076b1a526b77a33e0f0699c9e9ef37e,
p2a-rs-w41-Bts-c3-s1101-eef8b92895c34bcf,real_w41,B_DISTAL,transformer,soft,3,1101,1101,0.00032133362426250305,0.00010626568831948351,0.19424030526336192,ELIGIBLE,6.921212530136108,1500,1500,False,0.17544445842166767,0.02991224315068493,0.027115748380884045,54.69268900016323,eef8b92895c34bcf74dd45cd95d17faaa2a9c832ed6a36da7dafb53b9ad9c660,3d33ba807eb784fb66a29e4a7488b628f8a26e00886ce0a4aafb8b66daba8a70,f5323aab51fcda3970695eb77b0f8e0c0c3d0dece8dd140ac6c422cf35f7a1ac,
p2a-rs-w41-Tci-c0-s1101-f223490a1615b98c,real_w41,TOTAL65,cnn1d,infonce,0,1101,1101,0.001,0.0001,0.1,ELIGIBLE,6.268007135391235,300,1800,False,0.7986512979858067,0.0006650562622309197,0.36662632729542577,58.433904099976644,f223490a1615b98c6b29391cc16eb7819b31e1735f24d6b2638bf2c3c31bdf94,8d67931083a90738c9e31c2087f43e59d3d937374dbb1e515470fd587f5f0c0a,ef198c53e8fe5a2c9e7f9da94711ca06beb8942f6bc61e4827d8195f560da00d,
p2a-rs-w41-Aci-c0-s1101-7d90b47ad3dd939f,real_w41,A_PROXIMAL,cnn1d,infonce,0,1101,1101,0.001,0.0001,0.1,ELIGIBLE,6.484846735000611,1500,2250,False,0.7336886751615095,0.0006650562622309197,0.3158195851679383,69.24613910005428,7d90b47ad3dd939f517ffdab8d11e1d1d16feae74902c04d8fd8c3f052432556,b10d4f46c4dc536c95b954da3962465c709c65a7dfb0e673e614d39edc97014e,c930529f372a3dd891a8f943cbf09978894ef841f582b2e05394deddd95e1923,
p2a-rs-w41-Bci-c0-s1101-7c9bdda9627a5d51,real_w41,B_DISTAL,cnn1d,infonce,0,1101,1101,0.001,0.0001,0.1,ELIGIBLE,6.54103045463562,1650,2400,False,0.51376496673635,0.0009020303326810176,0.17251000388019483,74.07089249999262,7c9bdda9627a5d51b4d0a308a5766e30f1ff10f741e04f75e6ba0b97a9c6075a,4118a259deef1942e1c3b2d693a828ca2d3e9f4caf0402a634ff02a676f983c9,ed6dfa4de5a0b9e24d345eaee3ce1965666c1dcea59ed66d713681bf388ed5eb,
p2a-rs-w41-Tci-c1-s1101-b4f376d82e2fa4da,real_w41,TOTAL65,cnn1d,infonce,1,1101,1101,0.0019186487924144232,0.0001147040509290496,0.10165049742890192,ELIGIBLE,6.271850156784057,450,1500,False,0.7753974597958692,0.0005656800391389432,0.35340620935680905,48.563206899911165,b4f376d82e2fa4dacb7158ef78d4c2ba2cb89f405cf6f93dc3ba25a11444673c,e03f124bf99daa1f325438ce70a1e0bfb25b856b4bf2e2b4bf1cbcfd4141dbb4,94aea58e4437686f9471732b1d599c97dde69ea104d2697bc31d757df5f78be8,
p2a-rs-w41-Aci-c1-s1101-dff39b4de1acbc36,real_w41,A_PROXIMAL,cnn1d,infonce,1,1101,1101,0.0019186487924144232,0.0001147040509290496,0.10165049742890192,ELIGIBLE,6.510651636123657,150,1500,False,0.6363745410567323,0.000603901663405088,0.24286617107617492,45.62636490003206,dff39b4de1acbc3632fef517e88ab719a595c3bb0f2d115060c50ced66bcf0d8,466202d3dde23e660a5453dd377ab409ca79477c4357d238aea21069497375f7,3760f650cb194d8c463cc52cb7788742c3a2124fe7e65de6806fc3474021c8d6,
p2a-rs-w41-Bci-c1-s1101-f4c4b0ef870502ab,real_w41,B_DISTAL,cnn1d,infonce,1,1101,1101,0.0019186487924144232,0.0001147040509290496,0.10165049742890192,ELIGIBLE,6.545068693161011,450,1500,False,0.5079800321406283,0.0008561643835616438,0.16663613300996266,46.048348899930716,f4c4b0ef870502ab076304cd22e09dfe60a285bfe7828a34d69926bda08c98da,3e9656cfc032c298a3cf1e198c9ba02b3a484c0a7adf97abc1f86389a0154af9,b43feb9681040314b105723296c41fc0cfd84f9f9d5a70166d7f39e8c34b154a,
p2a-rs-w41-Tci-c2-s1101-732593a0fb69d264,real_w41,TOTAL65,cnn1d,infonce,2,1101,1101,0.0005372687003035359,2.9623432092428512e-05,0.07553731701182094,ELIGIBLE,6.258349466323852,450,1800,False,0.6271249634961791,0.0007338551859099804,0.2432848306750884,59.13559389999136,732593a0fb69d264f99b9989b747ff39352026a457a34cb63d3d01e2e2c004e7,a912c58f5580569d25711bfe8472e692cb864eb75cbfcc3d65c8549a02951b61,8fcc4432a2adf4f4d4606d32a88f5eafc22ba03e5f56412cbd7b329653703176,
p2a-rs-w41-Aci-c2-s1101-1c52b6788367095a,real_w41,A_PROXIMAL,cnn1d,infonce,2,1101,1101,0.0005372687003035359,2.9623432092428512e-05,0.07553731701182094,ELIGIBLE,6.503279066085815,300,1500,False,0.5151798512438757,0.0008561643835616438,0.16276255641854004,46.04998389980756,1c52b6788367095ad41ef49293597cbb9ae051ef54d1586304001b6c6e037c5a,a1fa2106b1584f986c9b34babf6b82168af4ff063d40cff057b99c585d874626,bbe730ecbde657bf426cbca2cea04d93964677293f9cdbf892156b1d92644dbb,
p2a-rs-w41-Bci-c2-s1101-c59dffce928457b9,real_w41,B_DISTAL,cnn1d,infonce,2,1101,1101,0.0005372687003035359,2.9623432092428512e-05,0.07553731701182094,ELIGIBLE,6.554960155487061,450,1650,False,0.4379398557813952,0.0009861179060665361,0.12552482857840025,50.731288000009954,c59dffce928457b97ddb6acec91c55fbfab0f368bdb6bf0f10549e967a8182b4,f7353744ff40c7472f9e1fd352d48d4c47283b69607305d4be9aa8040a460b5e,23a51bb8412afeea7c7c24998837333c5bdc54f7ebd331abd5249bfc1a5087b0,
p2a-rs-w41-Tci-c3-s1101-0e151f0e2e38b917,real_w41,TOTAL65,cnn1d,infonce,3,1101,1101,0.0001677985560548701,0.0006893648884554523,0.18094199691102594,ELIGIBLE,6.263044691085815,450,2700,False,1.1065781279980973,0.0003822162426614481,0.6844334343728252,87.62253429996781,0e151f0e2e38b91768eb9be57a979b6ab4db97bf13477f8ccfce455baa859d7c,e04dc14fb96e55af9248970802d50d47daac841accb42f486c9df62992b79176,d65102a79709e78816af5c625aff801f63547adb36884bd3911c8295826e6f7a,
p2a-rs-w41-Aci-c3-s1101-bdf9981efd8d1959,real_w41,A_PROXIMAL,cnn1d,infonce,3,1101,1101,0.0001677985560548701,0.0006893648884554523,0.18094199691102594,ELIGIBLE,6.492301416397095,300,2250,False,0.8006656626332521,0.0005733243639921722,0.37677639092413145,69.1421445000451,bdf9981efd8d19596c5b2ebd0fd3f604c4512db0103a78087ffbff63db6ff9d3,ee1cf0f4b00422271dd0101758f64541d3cd64970223037ece5f888b903987e9,cde4c527cfc7e849b5082477c732855ba4155b55870e967cf7e7c8135014bdab,
p2a-rs-w41-Bci-c3-s1101-2f7d919502928529,real_w41,B_DISTAL,cnn1d,infonce,3,1101,1101,0.0001677985560548701,0.0006893648884554523,0.18094199691102594,ELIGIBLE,6.5406557559967045,450,1650,False,0.6829156147439281,0.0005886130136986301,0.2899412799871935,50.29713249998167,2f7d91950292852924aee00b91139e929d9ed9bf3d71e9d7829122a0e62ad1b4,08c7f0db5a4977bd8156d802e2663674a3146622a37b483b78e4a413e65e9d29,d17c598467c79f2ccb6fbc865798419b4944ff8ccd9fc040c60eac7f3088da0d,
p2a-rs-w41-Tti-c0-s1101-6f22b7a7d49b0657,real_w41,TOTAL65,transformer,infonce,0,1101,1101,0.001,0.0001,0.1,ELIGIBLE,6.216938495635986,750,1500,False,0.8487308255168764,0.000802654109589041,0.3871200172303632,56.08632929995656,6f22b7a7d49b065790206f1b64f5a17d52f488184edbe9977d45a5ef8c75f0e3,092c53c9001cfca030e65ca65c6d22f1d80c318c5e8956f5637310d8eca67e17,e0eaac92150224be98f62d794b276020678e96df847d605a31aeb47609b2f3d4,
p2a-rs-w41-Ati-c0-s1101-784d1a25b7fb8200,real_w41,A_PROXIMAL,transformer,infonce,0,1101,1101,0.001,0.0001,0.1,INELIGIBLE_NEAR_COLLAPSE,6.930304288864136,1200,1500,True,0.006295444513995024,0.707230002446184,4.250256285933499e-05,54.6867796999868,784d1a25b7fb820061f2c7ad4f282bbb1c49d02e2a9feb64b7ea15cb953e8733,3ac53c285569e02b314df618424774947255f24ad93e42b0683d4a6480ec80c5,3302b1802d74434f515caf7585a519c7e7364f841c39d9acae7a85e2b1120aa2,
p2a-rs-w41-Bti-c0-s1101-2f40cd6e8e1d2d72,real_w41,B_DISTAL,transformer,infonce,0,1101,1101,0.001,0.0001,0.1,INELIGIBLE_NEAR_COLLAPSE,6.930492401123047,1350,1500,True,0.0006474881183683467,1.0,4.100474428932181e-07,54.27802129997872,2f40cd6e8e1d2d722e7c0c46ad87364e8ecf667b2f5e9f1166a8f9e9b6140493,a3e9e528687178d5b20129e0dae06c5f1757b29ed9f0746442f47e33778fe383,51a5c401aced2a71bf7215d14c24bd42dc37a2f4a9447fd990adea3b8f383973,
p2a-rs-w41-Tti-c1-s1101-85b7624d380968eb,real_w41,TOTAL65,transformer,infonce,1,1101,1101,0.0019186487924144232,0.0001147040509290496,0.10165049742890192,ELIGIBLE,6.178521537780762,900,1650,False,1.0173534167022946,0.0011466487279843444,0.5700633811382999,61.85227490006946,85b7624d380968eba38d01a6b8d55528f0a3798a53f88f2bd4f728c82fe6a5d4,64e2f7dbc6359432c3d21158b68037e828edf336834e9b01df7648f34001090c,fc43f2e5346133b61cf27718947620968785e61403e79539cef4884adb4772c6,
p2a-rs-w41-Ati-c1-s1101-ccd29c1e0bf7ba62,real_w41,A_PROXIMAL,transformer,infonce,1,1101,1101,0.0019186487924144232,0.0001147040509290496,0.10165049742890192,ELIGIBLE,6.407838678359985,750,1500,False,0.6875923423566567,0.0009249633072407044,0.2804799938954594,55.17709270003252,ccd29c1e0bf7ba6244f7992fdfbcc7cae5d04130b883ecf4f4a1511e86645d7e,2d80b37b947e9faa9f5e6525ffc588c3236b66e30093f9e0b8a1317d41fe23cb,a243c8da318703ff5048fbcdc8702426a01f699fe552a215fd7f6c4dae20a068,
p2a-rs-w41-Bti-c1-s1101-b069d6c1bce1cf69,real_w41,B_DISTAL,transformer,infonce,1,1101,1101,0.0019186487924144232,0.0001147040509290496,0.10165049742890192,INELIGIBLE_NEAR_COLLAPSE,6.930491209030151,750,1500,True,0.0008568908182516554,1.0,7.014833720800245e-07,54.34471580013633,b069d6c1bce1cf6935c89fa6b17b7899a5ac5b544acca0159d8fd06befd909a0,3aea38ba38dd946e88b540f276c85a8f773e1754143c480bab9140fc587a5519,5da3db4bf2631a2271e3ede5511e1a5b2705839a244b7b842a841089d12a9bad,
p2a-rs-w41-Tti-c2-s1101-fe5d0feddfa4780b,real_w41,TOTAL65,transformer,infonce,2,1101,1101,0.0005372687003035359,2.9623432092428512e-05,0.07553731701182094,ELIGIBLE,6.220411539077759,1350,2100,False,0.8101543162231465,0.0009937622309197651,0.38042755203599055,78.2923314999789,fe5d0feddfa4780b350ce00562e2a43454df33b7bc539eb4b3c85e2dd90e6246,79cc2a1c6bf4186b2479b63d0be8e9d46ad6012d6dbc8cbc00a4236cfc955ec2,9a20350a5c8c8c08eefb4c27508a499fc1328ebd1a7a638934a6d10088cba543,
p2a-rs-w41-Ati-c2-s1101-9b493e45961787a9,real_w41,A_PROXIMAL,transformer,infonce,2,1101,1101,0.0005372687003035359,2.9623432092428512e-05,0.07553731701182094,ELIGIBLE,6.451769638061523,1500,2100,False,0.6022156743614308,0.0008332314090019569,0.20327508864174837,76.45828510005958,9b493e45961787a970ab2a0023721fd0b8b496c2255cd5733e55ac147da3e28e,ce9bc2b144474befa627ccfb9bc9e3d686d22161d436d321c2e29e51d6ecc7ea,31a75806ec473793dffb8d481980eb684e999871ae84bdfd263fdfa77ad463b2,
p2a-rs-w41-Bti-c2-s1101-8f2fbc64b51b422b,real_w41,B_DISTAL,transformer,infonce,2,1101,1101,0.0005372687003035359,2.9623432092428512e-05,0.07553731701182094,ELIGIBLE,6.64342188835144,1650,2250,False,0.45645110812439915,0.0032335494129158513,0.12912763296471808,81.29147840011865,8f2fbc64b51b422bea4c7f176a454b99618052be08e216259227c048eb8e26bd,bbd9d4f36381f7b6001f8d6f5b2af3417a6c407ba99581cc194cab874f1ee136,a5fa073be2b12093957fa105d00f439f7307236a5f817b0d71fa2f6a15541a7f,
p2a-rs-w41-Tti-c3-s1101-f6c0f00d89ae147b,real_w41,TOTAL65,transformer,infonce,3,1101,1101,0.0001677985560548701,0.0006893648884554523,0.18094199691102594,ELIGIBLE,6.237664985656738,2250,2250,False,1.058994909676667,0.0004968811154598826,0.6084328695753148,83.91353429993615,f6c0f00d89ae147ba69cf086524454a35aa510f328d2960e44eb0fbad2b77f89,6986a156d3ee549c5b5f6e51ffa725253071cf9de9079ee69f5c1cab4d10b3c9,a3007cb7a3de985acc93e10701df6af5d9dad9fb9497a4a4871525fcb8c27199,
p2a-rs-w41-Ati-c3-s1101-5702b81e5486940c,real_w41,A_PROXIMAL,transformer,infonce,3,1101,1101,0.0001677985560548701,0.0006893648884554523,0.18094199691102594,ELIGIBLE,6.4811145782470705,1050,1800,False,0.8502418567849632,0.00048159246575342463,0.4124780253822399,65.73646940011531,5702b81e5486940c7aeb3edda79d386da0d6d7fdbd39d01d04b37b43055fb8d7,90e9d4899bc3fa0ef1ccf119a8cb82cb700185935d6cec4273634fe37eaf4b3c,3fba5b3b27ecb9b9ca729361f245461f11d9d9a27b9c9ddc1b700605d781bb44,
p2a-rs-w41-Bti-c3-s1101-e541caffbe879ad4,real_w41,B_DISTAL,transformer,infonce,3,1101,1101,0.0001677985560548701,0.0006893648884554523,0.18094199691102594,ELIGIBLE,6.5541661262512205,3000,3750,False,0.7183986895783603,0.0005198140900195694,0.3184442879072984,136.5349665998947,e541caffbe879ad45cbf9d8a5d79d36c0cc00a9bdcb1c9352e0592b68354d5ca,ff79398476a1b07537ba187502388a44cc111a367362e0ea15f5f31116b97eac,b1db62929e28d2b1792bae3d8da5d2556a46443ac03b3838b37173fb860aa529,
p2a-rs-w41-Tct-c0-s1101-e5b60892609a07d5,real_w41,TOTAL65,cnn1d,time_contrastive_blocks,0,1101,1101,0.001,0.0001,1.0,ELIGIBLE,6.100820398330688,1200,1500,False,1.4073225498365076,0.0002599070450097847,0.9996334018318789,55.41873329994269,e5b60892609a07d5bc5751f420115816a289e988ebcd964b1753af538364e9a0,578d00041fd173ecf4ce19adba6bed557d188f8dde7e9c91ea27a0b6a54ec8c8,be2f404cc9793cf940efad44efc3541e07e1cec404d2d8a8b0b83ef6cfe72c5a,
p2a-rs-w41-Act-c0-s1101-594ad4a3de8f81fa,real_w41,A_PROXIMAL,cnn1d,time_contrastive_blocks,0,1101,1101,0.001,0.0001,1.0,ELIGIBLE,6.119063377380371,1650,2100,False,1.3951437819262953,0.0002216854207436399,0.9764232342090844,72.78066370007582,594ad4a3de8f81fa39fd4249ed445c998fa279393ad7d923b5fcdf970c753fdd,e34dbe0f6308c038162abb8880a4be8ec4ec5847b25e0dbbf7c4c9de344bf9c5,013b890220f59498d0ef36cc959f85732689dc57b651ea03c4451da7d33be699,
p2a-rs-w41-Bct-c0-s1101-fcfe4d82b8b42f2a,real_w41,B_DISTAL,cnn1d,time_contrastive_blocks,0,1101,1101,0.001,0.0001,1.0,ELIGIBLE,6.105633783340454,900,1650,False,1.4129581841785923,0.00019875244618395302,0.9989237017711601,57.08021829999052,fcfe4d82b8b42f2ae11132582b4f1abd43a487cdc5d7c1e867f3532ddbd87e72,9ba9dff70544d1290ea0735fe2db14312a47b594dca845a67dbb1b7f899b3678,2a84461719a80125621877d3719f7bef369f93c31e978ead4703b2e0b469f7c2,
p2a-rs-w41-Tct-c1-s1101-d80e25d70686dfdb,real_w41,TOTAL65,cnn1d,time_contrastive_blocks,1,1101,1101,0.0019222973497531495,6.65980578365304e-05,0.7881686265114021,ELIGIBLE,5.9287303447723385,1050,1500,False,1.405487143320383,0.0002599070450097847,0.9985871148408441,66.15126259997487,d80e25d70686dfdbd3ede4023a8bd82980c73ad563484d1734b0cccd82d1494e,8b974b42e4d47ba1657b0f8b981cbadfce9267033fd1c2913e533a1e0a000e7e,3cbe32cf7fd24d4fefd9984eff9b85e0c7e761cba0d6a44027bf134a51c82cf7,
p2a-rs-w41-Act-c1-s1101-682a1ef1d528d750,real_w41,A_PROXIMAL,cnn1d,time_contrastive_blocks,1,1101,1101,0.0019222973497531495,6.65980578365304e-05,0.7881686265114021,ELIGIBLE,5.939305162429809,150,1650,False,1.4125554131899725,0.00020639677103718198,0.9908807555030583,55.81992750009522,682a1ef1d528d750e1b44c23294c9bc0ce76df8d16d6881b42291bd695de8bcb,bece5dc8d3c7842d7c2b4677724b15b8d8fcfb9e594be5e751d7a377131a8ce3,bf39f4bc9206778475cd547abfed0ca54548a6f8363ee2e381c9b22c980cb17a,
p2a-rs-w41-Bct-c1-s1101-7f5023d3b51d2e5f,real_w41,B_DISTAL,cnn1d,time_contrastive_blocks,1,1101,1101,0.0019222973497531495,6.65980578365304e-05,0.7881686265114021,ELIGIBLE,5.939728164672852,1350,1650,False,1.4103442555865073,0.0002216854207436399,0.9919654595172862,54.19660749984905,7f5023d3b51d2e5f4538dd58c7bc8e344a2569e424a261b5663e231caafc285b,46a54f0dfe33ca76e24e69161feb27de0378f353f3b6917eaef74a8042de5cd6,943d6107136d472bd2cbf1dbc5807ebcdbb8eb2e98ee0cc496ad1be3dd7e6e8a,
p2a-rs-w41-Tct-c2-s1101-419bc6e5a00bf28b,real_w41,TOTAL65,cnn1d,time_contrastive_blocks,2,1101,1101,0.00016375435299976828,0.00011375137967953784,0.1735617792707736,ELIGIBLE,4.561878728866577,1350,1950,False,1.4050719611788633,0.00029048434442270057,0.9988259688929908,87.03072110004723,419bc6e5a00bf28bdedb3d39ae7db7d735f5d6fed32692ce3b57feed9dc7c8cf,9670cba8e6ac8a1a71d335275d065c22351bd06009e001cbd5ab49ea4bc8dd1b,137abe32a5fa26fc0b3aed11ab98e51165806b8dc0bc4782170150c627372348,
p2a-rs-w41-Act-c2-s1101-d075fe1b383bc529,real_w41,A_PROXIMAL,cnn1d,time_contrastive_blocks,2,1101,1101,0.00016375435299976828,0.00011375137967953784,0.1735617792707736,ELIGIBLE,4.575764131546021,1350,2100,False,1.4050167166831338,0.0002675513698630137,0.9877370675822303,69.91013199998997,d075fe1b383bc52959e03d426e8f8c65821232a3ab44701c7fb1558deb248013,c251f09f6203c679f9e663686dd5498f4aac3e9112384d14fdf29e53f553973f,0f6648ed7aceda82355c67b3aea10ea42f1b82c226b425c6a64cd47bdb9ec569,
p2a-rs-w41-Bct-c2-s1101-947037e32e6e7f42,real_w41,B_DISTAL,cnn1d,time_contrastive_blocks,2,1101,1101,0.00016375435299976828,0.00011375137967953784,0.1735617792707736,ELIGIBLE,4.604411840438843,1050,1500,False,1.4063677987104155,0.00020639677103718198,0.9953072827801436,46.85220590000972,947037e32e6e7f42191be742b93e41fcf68c1c345d91e20de4044de0d3811b79,9328f9f41c8890b9e669b4f5949238cacafb4d9d20873ddea5646e1aa602d34c,b37b92d3077bb5ae44f8728658a91109b335b937b38e5f8fcb2f2e38c04791a3,
p2a-rs-w41-Tct-c3-s1101-bbdbde8f4481849f,real_w41,TOTAL65,cnn1d,time_contrastive_blocks,3,1101,1101,0.0005274076992855276,2.930753191465412e-05,1.049415378366615,ELIGIBLE,6.132710552215576,2100,2100,False,1.4067570665308144,0.0002599070450097847,0.9995196396731331,92.8032465998549,bbdbde8f4481849f434582900fa5e06dda742513dcebff606fbfad9fb25b9e34,b337c38300146f23068fd3afde6648f4b6b7b7c35003b07ac1b9216be8e84d35,a2b1cdde9c1c887c238800d0d0961e3bf2af5434f55578c44672fbce329259c4,
p2a-rs-w41-Act-c3-s1101-4e91dd0e4d70578f,real_w41,A_PROXIMAL,cnn1d,time_contrastive_blocks,3,1101,1101,0.0005274076992855276,2.930753191465412e-05,1.049415378366615,ELIGIBLE,6.142053699493408,450,1950,False,1.414781946747171,0.00020639677103718198,0.9924994471545114,64.25538960006088,4e91dd0e4d70578fa8ee4bafead895e2cbd83130dc56d34c8bfaa0547ca5f802,ef8c7c36b9a769087af1a27dd267dfc68676cd6d75b3c5c8f5bd7e85c3f7cf2c,acd348f026f2b368462985fdce80fc7b397b2b75381b1041f7555fbbfbf05f65,
p2a-rs-w41-Bct-c3-s1101-1b37597131f035b3,real_w41,B_DISTAL,cnn1d,time_contrastive_blocks,3,1101,1101,0.0005274076992855276,2.930753191465412e-05,1.049415378366615,ELIGIBLE,6.138111400604248,900,1500,False,1.416192171195289,0.00016817514677103717,0.9997841224564089,56.17594399978407,1b37597131f035b34ae2323529a3948c2ae638aeeab2036ee0b51655921e63e8,eca66dc07308218fec147effe01a188002d3531e81f385bec7664280c3aa633e,90a40ec7e60c22f18ca27f7292cb1153fdac75053eb7bd64f31e404008611819,
p2a-rs-w41-Ttt-c0-s1101-56583324e667ff65,real_w41,TOTAL65,transformer,time_contrastive_blocks,0,1101,1101,0.001,0.0001,1.0,INELIGIBLE_NEAR_COLLAPSE,6.931335592269898,1500,1500,True,0.01034827834625418,0.4860414628180039,0.00013732632555449602,107.47911989991553,56583324e667ff656f3f4188a82eb9e7d5393d126f9e1243a736ed06eb61d85c,71f57814ee5cec75171f00b67f89f61bb83eb608197e96a04dee9c02fa3edc2f,39ac9386a5c74bb45ea9c02282c586bbf409992df569d4ae2666e146a9da51f6,
p2a-rs-w41-Att-c0-s1101-afb623dd1d376b2d,real_w41,A_PROXIMAL,transformer,time_contrastive_blocks,0,1101,1101,0.001,0.0001,1.0,INELIGIBLE_NEAR_COLLAPSE,6.931447124481201,1200,1500,True,0.005500303555839462,0.8528085249510763,2.4804857981273926e-05,96.3818022001069,afb623dd1d376b2d0c013fcd3e109afdb2b7f46f88173ae339f83aa9abca0377,040b30702491a330138bd7d6a1dbf6ae9049fc2349124075b5d5ee66e6876f93,a1256b408e34f53d922745b02187654d9aef559f086cb31f20f805849bf85a03,
p2a-rs-w41-Btt-c0-s1101-f8daf83749969853,real_w41,B_DISTAL,transformer,time_contrastive_blocks,0,1101,1101,0.001,0.0001,1.0,INELIGIBLE_NEAR_COLLAPSE,6.931471824645996,150,1500,True,0.0001878400352356801,1.0,2.7606833848630786e-08,101.69079059991054,f8daf83749969853bcacfe06e1fd6bed24e564c6303e72a4a8fdd1b57475b42c,97246547035a2d6e11b5cb4d7d85aad0766b35e325d3467bf7ef7efc5f7af00b,a8f115c2d1a40981029a59de4d043c5998529c007897d0372234e1c5aad120f8,
p2a-rs-w41-Ttt-c1-s1101-919394936a6822e6,real_w41,TOTAL65,transformer,time_contrastive_blocks,1,1101,1101,0.0019222973497531495,6.65980578365304e-05,0.7881686265114021,INELIGIBLE_NEAR_COLLAPSE,6.9314656257629395,300,1500,True,0.002210207499215735,0.9990062377690803,5.286942257063242e-06,115.34885529987514,919394936a6822e6307da7f8c7e241e3e514c0a18d3bd1d487b23a9e1c280288,4b223d7a665b3b9542845abec40b4e1bc821fb600b3518f4a71743dfae53623a,9dfa0780ba329953e95cf710f82fd00a0f0f62db81fecd1d859e90db3a3b59db,
p2a-rs-w41-Att-c1-s1101-7a38fa81363247cf,real_w41,A_PROXIMAL,transformer,time_contrastive_blocks,1,1101,1101,0.0019222973497531495,6.65980578365304e-05,0.7881686265114021,INELIGIBLE_NEAR_COLLAPSE,6.931471347808838,450,1500,True,1.793979752835215e-05,1.0,2.5978367997182567e-10,107.94603680004366,7a38fa81363247cf70c9c44c3271f99e8d82dac8eb54670242f0c5e82d801bcd,4a8bb2e4cb46120161d3e72a4c168ff1f5893cb84a1dde73a05df061bd019109,a9e32305c3343bcf9a177b1c67c487b2cc47e6cc663e69ac38f6e22d70ebfc3e,
p2a-rs-w41-Btt-c1-s1101-30dc86d1b3286623,real_w41,B_DISTAL,transformer,time_contrastive_blocks,1,1101,1101,0.0019222973497531495,6.65980578365304e-05,0.7881686265114021,INELIGIBLE_NEAR_COLLAPSE,6.931471347808838,150,1500,True,0.00023004221366100438,1.0,4.4688637634139e-08,107.97012339998037,30dc86d1b32866232c42285c3346789a6bd94864af5c46fbe4095692ea806ae9,a6241299e1f4f6890ffaace31acfe951270f2a4727b89a1f5efd24ff3e0ab0af,db05eb3bc876f17faeaa91dadb881241c687ed7877e60736b63b25d6518941f7,
p2a-rs-w41-Ttt-c2-s1101-db338ca2d25ba846,real_w41,TOTAL65,transformer,time_contrastive_blocks,2,1101,1101,0.00016375435299976828,0.00011375137967953784,0.1735617792707736,ELIGIBLE,4.573703956604004,2550,2850,False,1.4161353786339332,0.0002446183953033268,0.9996843787003535,225.56485720002092,db338ca2d25ba846b7f9f99e186d6ce5464e86d89a246fe0d57f559dca7ea46b,28128899f9a4e2ba4008cf110e051f44423339ad02372b1e73e622eb64a99987,3048e2c9d816b6716b08a3a99956ea4992547fe849f108936f15a6ddca033bda,
p2a-rs-w41-Att-c2-s1101-0ad19221aa827f82,real_w41,A_PROXIMAL,transformer,time_contrastive_blocks,2,1101,1101,0.00016375435299976828,0.00011375137967953784,0.1735617792707736,ELIGIBLE,4.601443290710449,1500,2250,False,1.4293363255742713,0.00020639677103718198,0.9980922452570762,163.91883499990217,0ad19221aa827f82b2f8df140d734c68a99809578180ca523a62cd09d8a4f291,b182486c3300b558158fbab9f22b77123642b6f3a9dd6bc5e3dac317bd5fca1e,696b8046611ec89e097d6a48eb3701272980bdefe3a96d30a6a5f196e9a55410,
p2a-rs-w41-Btt-c2-s1101-92a538a313a63477,real_w41,B_DISTAL,transformer,time_contrastive_blocks,2,1101,1101,0.00016375435299976828,0.00011375137967953784,0.1735617792707736,ELIGIBLE,4.626124238967895,2700,3450,False,1.407733143828949,0.0001605308219178082,0.9939128074971542,243.4472844998818,92a538a313a63477a13ff0f915a3631bbce9d3ba0572e9b31adba5bb1601ed45,ea7930f1e6ac1abc29a17baa00b672c69600939c78fc67302cf1176854657686,108b06ddd627cd7cdec385a2b3cff03bf914581b6b6807f12a305af55b1785f5,
p2a-rs-w41-Ttt-c3-s1101-8292bd64324da0aa,real_w41,TOTAL65,transformer,time_contrastive_blocks,3,1101,1101,0.0005274076992855276,2.930753191465412e-05,1.049415378366615,INELIGIBLE_NEAR_COLLAPSE,6.931465148925781,150,1500,True,0.0029761006953539886,0.9989145058708415,7.047708741642052e-06,115.78510800004005,8292bd64324da0aa0b66c0b7197ba012dcc6384ebd2eb597ef235e30c0a2f5c7,707f2e39964b8410080f8e28a679e5b0138846e9b70651e8e87791805019ca61,223c7650e35707cc1a166713c88c4c8486ab8502252870a4ae72d1c0b59857d2,
p2a-rs-w41-Att-c3-s1101-877ee3d0d14e93e1,real_w41,A_PROXIMAL,transformer,time_contrastive_blocks,3,1101,1101,0.0005274076992855276,2.930753191465412e-05,1.049415378366615,ELIGIBLE,6.154066705703736,2100,2400,False,1.4665130802388235,0.002300941780821918,0.9994014559094744,170.77651720005088,877ee3d0d14e93e1c23b6e536d5a130d04898804cc42b57824f103e764405c0a,9209b6a8da9a0ab22b2614c891d2b406dcd422408a2c63edba95e20acea96a5f,79ab56592417bad1f3823ac088c5a08bbd7c216ec2b7b3582c2ca7d5c88e70ad,
p2a-rs-w41-Btt-c3-s1101-cae41bd35654e843,real_w41,B_DISTAL,transformer,time_contrastive_blocks,3,1101,1101,0.0005274076992855276,2.930753191465412e-05,1.049415378366615,INELIGIBLE_NEAR_COLLAPSE,6.931205463409424,1350,1500,True,0.01663161021603241,0.31800391389432486,0.00027940417082067545,105.5164127999451,cae41bd35654e84376e3a08bf9f71814a8d707f0f02cf50d5b17443b57171142,0e62de570bafad2494bf6ac4340fb449f5e8a8b8200ef1b6272a4414d27bd4ba,d832ff83c2070172827c212c90e5ac00988b743d5de693713c37f94290685e2a,
p2a-rs-w41-Tcb-c0-s1101-6a9d0e49f1bcfcfd,real_w41,TOTAL65,cnn1d,behavior_contrastive_blocks,0,1101,1101,0.001,0.0001,1.0,ELIGIBLE,6.459070014953613,1200,1650,False,1.4307122980811204,0.0003210616438356164,0.9986755306027421,83.49412270006724,6a9d0e49f1bcfcfdd7c4edcbcbe2bed919211d093f8b84cf4f3e4986a1b66ac5,968da28be21a19563a63e022fe00e0923b5eb9602b8d772cc003f1d80adbc324,2be14dd017bdab8f3980abf72259cd428b77d11484869f9692f46df9887b1b99,
p2a-rs-w41-Acb-c0-s1101-9947a83be7a0f90b,real_w41,A_PROXIMAL,cnn1d,behavior_contrastive_blocks,0,1101,1101,0.001,0.0001,1.0,ELIGIBLE,6.569225025177002,1200,1800,False,1.41053691930099,0.00033635029354207435,0.992183776144144,60.15190209983848,9947a83be7a0f90b6932452ef03d697437106812b86c13f86fe34df2bc08724c,d2c1d1c46de8ab0d47ddb09f47b19fbb84d185b119dac7e00226a6e18e2bc02e,6b92ef7bfa29620cd062ab2c94401167c0eeb0d53835803ea3c35c7e67a87168,
p2a-rs-w41-Bcb-c0-s1101-735ec679092d92c9,real_w41,B_DISTAL,cnn1d,behavior_contrastive_blocks,0,1101,1101,0.001,0.0001,1.0,ELIGIBLE,6.598091554641724,1050,1500,False,1.4169080547799333,0.0006421232876712328,0.9919161889416369,49.591509599937126,735ec679092d92c9ce8cfaaa094c81a4cec3689487eb940c38366db8c0eb0261,cefdf115859d8d8411ce70bb9a135361478578c244c534c877e6547d98045a8c,8020640ccbd95b373ff5ecb1bf561bf3b907454aac97d49b904ec493949348a5,
p2a-rs-w41-Tcb-c1-s1101-c6d2a11de96b16e7,real_w41,TOTAL65,cnn1d,behavior_contrastive_blocks,1,1101,1101,0.0029564921407279443,0.0009019391648152211,1.0835783554613034,ELIGIBLE,6.485798645019531,150,1650,False,1.4264613759289708,0.004441352739726028,0.9998451133803073,82.43340809992515,c6d2a11de96b16e761455d52cc34fcd38e2a4ab4d87e1fb4dfa83691124ce9f8,d27c432b01c5e77c25558eee893fc78b35cdaa851316796e9ac95d5a08ea8958,37792eea7ca5ad9374c769b78b13350734c537253649249aac6fbda4eba27f45,
p2a-rs-w41-Acb-c1-s1101-31d97dd37c931e87,real_w41,A_PROXIMAL,cnn1d,behavior_contrastive_blocks,1,1101,1101,0.0029564921407279443,0.0009019391648152211,1.0835783554613034,ELIGIBLE,6.552066802978516,1350,2100,False,1.4182068582654472,0.0011542930528375733,0.9977605620016109,69.72425940004177,31d97dd37c931e87ae4e4f72d8426277d70d20413573c7ccfac19e60317cff5f,38fa5d479021a691f751993ce397a96c7433af74910f1278af00e269118a0cf7,44620095dc085c64c5830d6a5174efeabdeb6818ea5a11eb832e97f66f6146b2,
p2a-rs-w41-Bcb-c1-s1101-48c79c8347560d83,real_w41,B_DISTAL,cnn1d,behavior_contrastive_blocks,1,1101,1101,0.0029564921407279443,0.0009019391648152211,1.0835783554613034,ELIGIBLE,6.6445554256439205,300,1500,False,1.4132888644657804,0.0008867416829745596,0.9930220554186863,50.467057400150225,48c79c8347560d8396028506cef803c35c6f12955c91edadd317449f64d19ab1,68352844d9f4a43d8eb6166ccf021fd127493674b23724dd36b01a090cc64b2d,e4a4746d522c25e29904ea518333262b7e827edb7ca02a06d625170aa39ef184,
p2a-rs-w41-Tcb-c2-s1101-ee750fe44858e25a,real_w41,TOTAL65,cnn1d,behavior_contrastive_blocks,2,1101,1101,0.00010511370350211826,1.3389195739766575e-05,0.38578572211598844,ELIGIBLE,6.229055118560791,450,1650,False,1.4215120171883497,0.00035163894324853227,0.9941088763061996,82.40928230015561,ee750fe44858e25ad431dc52ce88d4ad0ea5ed48f7f8b325ca5216dcf64fd759,1c7a5a17b29646c6c8d38b7dfafa44f74f15e692d0c6809e601d9ad51746ef4b,6c874841e4daea83b0c844514415105b00c4dbfe38f3c10fc12b360594604916,
p2a-rs-w41-Acb-c2-s1101-01c48c8192c5d05d,real_w41,A_PROXIMAL,cnn1d,behavior_contrastive_blocks,2,1101,1101,0.00010511370350211826,1.3389195739766575e-05,0.38578572211598844,ELIGIBLE,6.504821729660034,1200,1800,False,1.4012591755955892,0.00033635029354207435,0.9787087359219012,58.80673679988831,01c48c8192c5d05d25ffea8cda63a782a5a734609183777d0aecbfb8c2b706b2,6e9ee4b431c5eb3984cb490c624df9b640cc2cfbab88973fb6c8e99304d5face,c989f7daf67498650ab653e8cdde67583320cccc0db5716704b96a1f37244ea0,
p2a-rs-w41-Bcb-c2-s1101-1902fe3f19c637d3,real_w41,B_DISTAL,cnn1d,behavior_contrastive_blocks,2,1101,1101,0.00010511370350211826,1.3389195739766575e-05,0.38578572211598844,ELIGIBLE,6.554168272018432,1050,1800,False,1.0790014593849402,0.00025226272015655576,0.6532546505140107,59.321991299977526,1902fe3f19c637d3d212b6127227907d1ad3ba5709f61e4e492e483ceef02f21,64737b62f5b4b37866fcd7fbd423bca64b26fb0d5345caf92e8c81bdd910884c,6926cccb0109584890be3d8ca520e9004a363750f4bc8472a63e0e9dc0a8cd3c,
p2a-rs-w41-Tcb-c3-s1101-29e7752c4ceb6ca5,real_w41,TOTAL65,cnn1d,behavior_contrastive_blocks,3,1101,1101,0.0003243270541770045,0.00022893263429992996,0.667639049932057,ELIGIBLE,6.337196493148804,1050,1800,False,1.4232405358438909,0.0002675513698630137,0.9858114888731704,88.60381560004316,29e7752c4ceb6ca54af442eabe09ec16180e10a312edc5aa53395e7d434107fe,87bbf7a4fff47996fb0d32132a070c2b1432c4a920289ca7486c04c9eae243eb,09c9e203a86c94231b1044ec1f46e97f7be3a6151a3f66e9782f147cbd45aea1,
p2a-rs-w41-Acb-c3-s1101-da11a8c08bab8fdb,real_w41,A_PROXIMAL,cnn1d,behavior_contrastive_blocks,3,1101,1101,0.0003243270541770045,0.00022893263429992996,0.667639049932057,ELIGIBLE,6.500786209106446,900,1500,False,1.4189609541777266,0.0003287059686888454,0.9900743837436983,48.946613600011915,da11a8c08bab8fdb62bc478805626c65364ecfe876c99455db5339b3df650de4,ddcdf055deef8930ac6817890abe94ba5bc5e83bcb98cc57967c0cb96203e7fd,a844092cd3fc6980a9b7e9dc61d3e06d81165c3f64709c74910567bccc779e92,
p2a-rs-w41-Bcb-c3-s1101-478daab8bf4af786,real_w41,B_DISTAL,cnn1d,behavior_contrastive_blocks,3,1101,1101,0.0003243270541770045,0.00022893263429992996,0.667639049932057,ELIGIBLE,6.532708024978637,1500,1950,False,1.3972250858677882,0.00029048434442270057,0.9889103571066402,63.73411399987526,478daab8bf4af786e77d07216881c5f6700914aea8db4a9696354873041f7dd9,edb538560aebf2fa2e2a28cc705364669d61f5a1362fb14b3e5d4b774d04c298,9a42071dfbc420ab99003573569cba95857028b06fa835222bd84e56073f0ad9,
p2a-rs-w41-Ttb-c0-s1101-e45811f9df552502,real_w41,TOTAL65,transformer,behavior_contrastive_blocks,0,1101,1101,0.001,0.0001,1.0,INELIGIBLE_NEAR_COLLAPSE,6.93147087097168,150,1500,True,0.0006465402731655303,1.0,3.476138754888869e-07,110.18481180001982,e45811f9df5525020742ea7a93b6f2f60e90160816a3f8961540f17e3639a093,c2765f7ef6c15f3050bb928832740d4a5c3270f5f7b122a08742ececdec9bacc,c22addafd053696c11fbd8f03447035a006cacdcc5fd3e4a1d951d61f85a7b58,
p2a-rs-w41-Atb-c0-s1101-2fc7b4ce20822d8b,real_w41,A_PROXIMAL,transformer,behavior_contrastive_blocks,0,1101,1101,0.001,0.0001,1.0,INELIGIBLE_NEAR_COLLAPSE,6.931459283828735,150,1500,True,0.0071961612307405234,0.7218153742661448,3.878915569050086e-05,98.44976109988056,2fc7b4ce20822d8b36f9ed2956129dd2855e03247e774e803ab303c4c9cb6cbd,534b974f9af24d9876b8b6239e2f20b8267101f6571c8de61f5644a893017575,0887f8664fa9dfafac84f5efc3fa970079380c87b5085e645ee85d164f8403de,
p2a-rs-w41-Btb-c0-s1101-5569f9066b6f4588,real_w41,B_DISTAL,transformer,behavior_contrastive_blocks,0,1101,1101,0.001,0.0001,1.0,INELIGIBLE_NEAR_COLLAPSE,6.931463527679443,1350,1500,True,0.0041271453467566135,0.8883164138943248,1.8707094494005423e-05,99.6888820999302,5569f9066b6f4588216210872c258ed0bc839e00848e861677e141c34ddeca80,82cb316abea9008525c40141514f0e2b526308ba631589ebb736dfa01ce69c03,95f6279c942bc7d8cea2990076823e155ad6d4f895c0ef46afc301932eb52c4b,
p2a-rs-w41-Ttb-c1-s1101-4edd1abbf7e8db30,real_w41,TOTAL65,transformer,behavior_contrastive_blocks,1,1101,1101,0.0029564921407279443,0.0009019391648152211,1.0835783554613034,INELIGIBLE_NEAR_COLLAPSE,6.931471824645996,150,1500,True,2.3330650576758507e-05,1.0,5.089220964936511e-10,115.54445960000157,4edd1abbf7e8db30b963a447515329f42b86b86fe78681ed31cc237557ed30cc,101ecb0c28d608b9a12f7e22798392a5cb097211917b7f89759647b3ee4c4d7b,e452d46d1555f81076a7c9f164a8a1745e2976e1368d069e670bff30e6049242,
p2a-rs-w41-Atb-c1-s1101-696a1e991ee3c123,real_w41,A_PROXIMAL,transformer,behavior_contrastive_blocks,1,1101,1101,0.0029564921407279443,0.0009019391648152211,1.0835783554613034,INELIGIBLE_NEAR_COLLAPSE,6.931471347808838,150,1500,True,0.00031738743395483325,1.0,9.041656990220749e-08,100.71480889990926,696a1e991ee3c123aa9ac86992a61895f11473892e3cebcb2bed923e6b8d2525,b692506dbf02767fc6c35bdc7a70dbfbce59b09f4e09f3358bbfe127b80777ec,52e2ff4548cf915be0b3525262364751eb8c3a60aae1b3d4b58734f809761957,
p2a-rs-w41-Btb-c1-s1101-1e1d2a2b008a8c38,real_w41,B_DISTAL,transformer,behavior_contrastive_blocks,1,1101,1101,0.0029564921407279443,0.0009019391648152211,1.0835783554613034,INELIGIBLE_NEAR_COLLAPSE,6.931471347808838,450,1500,True,0.00019814470601213732,1.0,3.979738576225066e-08,101.79713429999538,1e1d2a2b008a8c38a05af60dca7e749291d88cb436ccc298a3bbe379aad4138f,1182d1df91ccf07375edd8886297b30d7919a19a09cec5aaff5ac652cacb45f6,dd861fb4b832cafdb611b10e52f87928531a1341e09a9bd67a54be740d893de5,
p2a-rs-w41-Ttb-c2-s1101-d086003a31b9e914,real_w41,TOTAL65,transformer,behavior_contrastive_blocks,2,1101,1101,0.00010511370350211826,1.3389195739766575e-05,0.38578572211598844,ELIGIBLE,6.214592218399048,1950,2550,False,1.4177391650766804,0.0003822162426614481,0.9850734592400885,189.61734670004807,d086003a31b9e9147a0327563ba151b9c34140d76c5dab5e3c274dc84f4fc840,03945c4b0e0d88336ec2b3216e2c897b7df5056a06a3bc1bdca56abf0c43e9a4,0ccf7243cff35858be4e915307fec67e3cb89c6ad33276e378c4dab33424ee04,
p2a-rs-w41-Atb-c2-s1101-a6ada046d0a8dda6,real_w41,A_PROXIMAL,transformer,behavior_contrastive_blocks,2,1101,1101,0.00010511370350211826,1.3389195739766575e-05,0.38578572211598844,ELIGIBLE,6.523062038421631,1200,1500,False,1.1817735449147309,0.00048159246575342463,0.7354074987536832,102.4163513998501,a6ada046d0a8dda6d8a0634836428c1a2a8d021f3ae579ca1b8783b549d902d2,f544ba6c118b730d6a7f30bb5e89f6a449bf4e3304447c6e6a2960a6361ed4fc,c919de9cdab31609f7827d6c3cbdbb6142b7bd90a933dc309aee5bde1ee0447f,
p2a-rs-w41-Btb-c2-s1101-1f0e40db7cc60e60,real_w41,B_DISTAL,transformer,behavior_contrastive_blocks,2,1101,1101,0.00010511370350211826,1.3389195739766575e-05,0.38578572211598844,ELIGIBLE,6.578368282318115,3150,3150,False,1.0657873706176768,0.0002446183953033268,0.6405009863885966,212.90581259992905,1f0e40db7cc60e60abcb2614d803d8c014dfd1e88adc4d663b338989ca317cea,2408f757beca432fe9e30b8a8aea2a61c9af4105699e0506b058733d31a1ab8b,da2da3748293b715d68f1b92505ed04e4f2e8acb3f095eb956736747735f07f2,
p2a-rs-w41-Ttb-c3-s1101-a4cb9070a2dec918,real_w41,TOTAL65,transformer,behavior_contrastive_blocks,3,1101,1101,0.0003243270541770045,0.00022893263429992996,0.667639049932057,ELIGIBLE,6.3660846710205075,2100,2850,False,1.477807693521821,0.001628241193737769,0.9859692522427906,223.139310099883,a4cb9070a2dec9182038aa36309695554663af76dff5785c1ac5beae85c81f54,5ad9022eb2dd80c0c5b73fc9c24a9a595a7c943b19bec7f4c91c4d2ee02e6a2d,c814605f500423287a138daa0e1fbc3719c14ae87829f6040d03b5d2fafea1bf,
p2a-rs-w41-Atb-c3-s1101-fffbac67f0499f0c,real_w41,A_PROXIMAL,transformer,behavior_contrastive_blocks,3,1101,1101,0.0003243270541770045,0.00022893263429992996,0.667639049932057,ELIGIBLE,6.403860425949096,3450,4000,False,1.4611274209758256,0.0003898605675146771,0.9795729152166675,283.15801669983193,fffbac67f0499f0c9b210e440893582b1c09c80ef7828697aff04e498514c75c,c4313587780914a79fd64b79d55636a571867d02e4bcbcd6e7919d888e38b928,ad9b22216391d824a68ee984b9512ff70c2e6d2a91c3839f94a5ab4261a1638d,
p2a-rs-w41-Btb-c3-s1101-37050706a29143a4,real_w41,B_DISTAL,transformer,behavior_contrastive_blocks,3,1101,1101,0.0003243270541770045,0.00022893263429992996,0.667639049932057,INELIGIBLE_NEAR_COLLAPSE,6.931260442733764,1200,1500,True,0.017528582457260234,0.3030821917808219,0.00032000598785799256,105.17989639984444,37050706a29143a4382864456cbc25555cceefa9ae396aeb3871a0ec968c9878,efd1e75727bb071df82f89af38fc369c239d4330aacb5de808c680561b30db54,3b5d64717586291e7bb2bac6f64cb6c1f577dbc5a9351632e37cf354ab32ccc7,
p2a-rs-w121-Tcs-c0-s1101-458ecf3961ace6d5,real_w121,TOTAL65,cnn1d,soft,0,1101,1101,0.001,0.0001,0.1,ELIGIBLE,6.90605280134413,900,1500,False,0.23613790296619877,0.005129341976516634,0.03224692258630021,62.58472799998708,458ecf3961ace6d5860197d5ac501ae9d9e0610320a293c6697e401a805d6255,1b49c370d44d55ac2e4c0ffe62babe7c223f87ae4048da87ad27bcb785bc3b3b,f61f23cd676543d3df8c11556e85d5efaa28f797b375f81776f9acc0de0dea18,
p2a-rs-w121-Acs-c0-s1101-d47bca06da3936b2,real_w121,A_PROXIMAL,cnn1d,soft,0,1101,1101,0.001,0.0001,0.1,ELIGIBLE,6.914554331037733,600,1500,False,0.20070248147156033,0.004854146281800391,0.025547450380320854,57.54036350012757,d47bca06da3936b2d19009b42ff618f42d1266e12f85e3e39651966b83b2a55e,194ee0c1c91cbff7b29c9fd17cc76df6f4bf1db9fe09722ce8712e17d7acfa4e,b71f767a6ce4d52e7c4908aa0fdbfae42103e486fafc2b175a14ba7fb9dd701c,
p2a-rs-w121-Bcs-c0-s1101-d21d6d42f372576f,real_w121,B_DISTAL,cnn1d,soft,0,1101,1101,0.001,0.0001,0.1,ELIGIBLE,6.911864015791151,1200,1500,False,0.2029621945495123,0.005396893346379648,0.02536690447660616,58.13726450013928,d21d6d42f372576fcb800d919304dd5380847d577ddbd879c4689968bc1be3a7,a5c3f61fa56cc9a9481a589ccdb3b8f73d57518f4f9377d847373895bf7f07e7,83ad29a803b121f610e1a16622093658d655c7f880326eae02a7b1542dc2f55b,
p2a-rs-w121-Tcs-c1-s1101-56a2ca34731e74ca,real_w121,TOTAL65,cnn1d,soft,1,1101,1101,0.0010717221240559393,0.00036625451895020913,0.11065361153401906,ELIGIBLE,6.905787626902263,1350,1500,False,0.25838370312019165,0.004540728962818004,0.038865580860486124,61.410653699887916,56a2ca34731e74ca50308942395858bcd508236c0095f5d79a96316e1a0c1325,27bf3171707207e7696f97d77eaa490c53804dd653639b9042b02ce202064358,dc652f62679d28047c9a0bd2bad307c46ac04226c1f82e8e7e529e1da0f1bbe3,
p2a-rs-w121-Acs-c1-s1101-6e4a5d8735131585,real_w121,A_PROXIMAL,cnn1d,soft,1,1101,1101,0.0010717221240559393,0.00036625451895020913,0.11065361153401906,ELIGIBLE,6.914261870914036,1500,1500,False,0.23361930375114826,0.004487218688845401,0.034708341950553924,57.416470600059256,6e4a5d8735131585091f599b1c698a4ac32ac1b402072a0dabee39e7df7dc1c9,529f8cc9a3b193a6b80c607974cfc9e76ce9f59462f770cc444458fb8f57e7c9,c48bcc364aa311836d0af04da9257ff6f633d21bb1fd3eda833b5b335108e334,
p2a-rs-w121-Bcs-c1-s1101-3cc7e429177fbc85,real_w121,B_DISTAL,cnn1d,soft,1,1101,1101,0.0010717221240559393,0.00036625451895020913,0.11065361153401906,ELIGIBLE,6.911829471588135,1200,1500,False,0.21401300212550742,0.0051140533268101765,0.02818667962864796,57.46404240000993,3cc7e429177fbc85429683dd9f1dad3269c9fa7f7daddc018c24d5531062ca31,ca086ce9ef8cd9dcea9db01368ab27683e0ed9033b860e9392ebb44d7e909bd7,9c2432e1dbd3c5af1d8f6829f87332b1f36ade5bd44b01726ef1c1d1a752b2ab,
p2a-rs-w121-Tcs-c2-s1101-3714f1c6b506174e,real_w121,TOTAL65,cnn1d,soft,2,1101,1101,0.00019749937882922414,4.823467913258201e-05,0.09284930655974434,ELIGIBLE,6.906435966491699,1500,1500,False,0.22468864096976882,0.005534491193737769,0.029511236192760578,61.40666209999472,3714f1c6b506174e29e37402311a7b4a186ec50efe709999b23740979e78eef7,eb0a4eba1e1e8169db96c210b231868dec8b88ba89a361ec44f20a081646f43e,facb9170aa3dd7079d1aed4116d4e52879c0de318debc279dfaadd7ed0fe7e8e,
p2a-rs-w121-Acs-c2-s1101-98a6a494876c2137,real_w121,A_PROXIMAL,cnn1d,soft,2,1101,1101,0.00019749937882922414,4.823467913258201e-05,0.09284930655974434,ELIGIBLE,6.914781994289822,600,1500,False,0.1993656518291976,0.005259295499021526,0.02522796565656817,57.19008219987154,98a6a494876c2137d47b93d0d6b0bf22198dabfcfa9a0a544f2f83fdfc95e52b,83537be47cec3ec863bf923aa07d863dc2bb2624fa265a821fdab488113974a1,be9fb6451e7628b08e8f62d0a58ed2faa7073cc1242d54821e1e51fb251520c9,
p2a-rs-w121-Bcs-c2-s1101-3a7229d55401fcc4,real_w121,B_DISTAL,cnn1d,soft,2,1101,1101,0.00019749937882922414,4.823467913258201e-05,0.09284930655974434,ELIGIBLE,6.912199974060059,1200,1500,False,0.19723738019809867,0.005373960371819961,0.024101977912254404,57.726563500007614,3a7229d55401fcc477b01eb4528ac377d706a0b523b564410b6176f25ab74f7e,16afb35732d49403bb0b8cf154bd11eb1ccd4c16bdb2a048b1ce76bbaa7b0947,f7c48dfcc638e7c34eb9f3f8466d59caf087059b8a19de8e7a9042a50bdd1a5c,
p2a-rs-w121-Tcs-c3-s1101-8075b62dca742a13,real_w121,TOTAL65,cnn1d,soft,3,1101,1101,0.00032133362426250305,0.00010626568831948351,0.19424030526336192,ELIGIBLE,6.905888398488362,900,1500,False,0.32602964811925605,0.0036463429549902153,0.06118769210495746,61.185393100138754,8075b62dca742a13186cb6cd09e777aff4bd8dd27c91935cc912fa44b22d10a6,57643a27df21ab429236e4ffed78c1307bd16be076956cc963555c6c2ba351cf,bb87a0daea9e90c7e7305452aa0b7a85451c3f3a4cb9007f064e2632a643f5d4,
p2a-rs-w121-Acs-c3-s1101-04b485ab61d4a5f2,real_w121,A_PROXIMAL,cnn1d,soft,3,1101,1101,0.00032133362426250305,0.00010626568831948351,0.19424030526336192,ELIGIBLE,6.914324018690321,600,1500,False,0.2813702583337585,0.003279415362035225,0.05005478750792721,57.34196630003862,04b485ab61d4a5f2a10b1b6d6040bfeda3202d01959153335a1456061cb26cc3,de09ffba144730a07bf5a1fb143605f3cfbb3798c4a2e42ca44905d079a38866,c857599f28dce634dbf9c3187a682d17ad1019fe1f573a68d6b1210c3c77e556,
p2a-rs-w121-Bcs-c3-s1101-ba97c6c4c0ade355,real_w121,B_DISTAL,cnn1d,soft,3,1101,1101,0.00032133362426250305,0.00010626568831948351,0.19424030526336192,ELIGIBLE,6.911912123362224,1200,1500,False,0.2831862755167828,0.003493456457925636,0.049207386856055996,56.90493389987387,ba97c6c4c0ade355b30566318093be0c7d688a848fefa991da8d1d2c65d0bade,857b7f6485f1f902abea64ea4558876d01a8b82b817046828a49cd5cb40063ae,b4a16df7f096c7b355eac9fa2774f0247a600bf8a63c014f254c34bbfe983662,
p2a-rs-w121-Tts-c0-s1101-768ec257fabff36c,real_w121,TOTAL65,transformer,soft,0,1101,1101,0.001,0.0001,0.1,ELIGIBLE,6.899212254418267,1050,1500,False,0.2839126507482338,0.01371391878669276,0.039924530472165015,103.70320850005373,768ec257fabff36c93891d2bf2cdee0afee9d1f7f2b25009ef706e8293069297,dbe9792f856b5d69082b26c70ee093ae4815ab42dd0c36abdd36d6e02a0a1161,3a8a57c6f62eb0a045e9a11ea0d15e95d2b67d56a514c3a66443935511b19dd9,
p2a-rs-w121-Ats-c0-s1101-b787d0ff901a6c09,real_w121,A_PROXIMAL,transformer,soft,0,1101,1101,0.001,0.0001,0.1,ELIGIBLE,6.909676233927409,1200,1500,False,0.2592872450249549,0.01297241927592955,0.035184075112147745,101.98487689998001,b787d0ff901a6c098f8e159b2ebf87a10092fc8f8c3ed4d609eac8aa628f1935,b98ef81b9f479d0b72b6d1289a9c461cf379ab446d398e054c314a42e0025910,ae276cdbb27479f5586c4bbc89e98ea5c561c49fcdbce999a6e22b65ed21372e,
p2a-rs-w121-Bts-c0-s1101-faa2d6ce84e355c8,real_w121,B_DISTAL,transformer,soft,0,1101,1101,0.001,0.0001,0.1,ELIGIBLE,6.917598512437609,1950,2100,False,0.18512203888882728,0.04897718933463797,0.020747382738652512,143.4553189999424,faa2d6ce84e355c8063cb43ad4848dc6cccc008cf4b3a2ecf4bc2c07f187014d,1883c419c516c2d985fe53476e77783b321ee08f4a2c16bd20762aa189de5e63,1b0ddad5e8ed27cc9c8b0e3cc76e77c9f12df9f10b0ccbd165a48ed938e9c188,
p2a-rs-w121-Tts-c1-s1101-a15ca53bc8129892,real_w121,TOTAL65,transformer,soft,1,1101,1101,0.0010717221240559393,0.00036625451895020913,0.11065361153401906,ELIGIBLE,6.899306191338433,1200,1950,False,0.2975316365705212,0.010495658023483366,0.04479065706311059,139.14726320002228,a15ca53bc81298929c253c324ef80456f38230605abd824078c38f6e98a3fb3d,90275ec453be8638778432c01799d5914e6229750d130c08bdceb2edccf75921,aecf4c8c97020afa05225c97ff706abc9119924e1958e99cd79b4f0880960904,
p2a-rs-w121-Ats-c1-s1101-f60e4cdcada9b195,real_w121,A_PROXIMAL,transformer,soft,1,1101,1101,0.0010717221240559393,0.00036625451895020913,0.11065361153401906,ELIGIBLE,6.908165666792128,1200,1500,False,0.2829742974996768,0.010044642857142858,0.039531685334488066,104.8394571999088,f60e4cdcada9b195296791a736fbfa6737ec056341344a90e46adaab9423bab9,3481273d516c1ea8fb14cf1f4ae2292b1c1e323bbbc4ddce6f21f60e4b493c5b,b657ef66051b0f0f5d6ba68fbb8fe9c59871756ad28c40b3fed92baf37a3c53c,
p2a-rs-w121-Bts-c1-s1101-60064c35224eed6f,real_w121,B_DISTAL,transformer,soft,1,1101,1101,0.0010717221240559393,0.00036625451895020913,0.11065361153401906,INELIGIBLE_NEAR_COLLAPSE,6.930479049682617,750,1500,True,0.0035162433964793455,0.9671752690802349,1.1829253150589663e-05,103.93247650004923,60064c35224eed6fcce701b7c76d1b0e457380251b3fb521679cffd43fdfe516,724eb7f6a6d22eb1a0f7fcdd815911c8640b74fcaf32fd1bc1146202738460ba,d83aae2141b8a04ce3a9bd89fd3b775b4b04c08a81670e44c9b578d8c17a2a49,
p2a-rs-w121-Tts-c2-s1101-80f86d5109fc19b0,real_w121,TOTAL65,transformer,soft,2,1101,1101,0.00019749937882922414,4.823467913258201e-05,0.09284930655974434,ELIGIBLE,6.906788773006863,1500,1500,False,0.2223305328305521,0.005870841487279843,0.029984606612809196,107.99134450010024,80f86d5109fc19b00937a2a9ebd3ca585de9261cd0704d6a3f7dd29c4e533f72,77ea71de419a585d4f7706a6877a4c3cf9aa502f10c257204de66b9c17d6cb6f,7d93ed3ed98341d19d57fc6b9e51d8ac38a4d8476a2db73201ea7a113ab791be,
p2a-rs-w121-Ats-c2-s1101-9f230b524347d73d,real_w121,A_PROXIMAL,transformer,soft,2,1101,1101,0.00019749937882922414,4.823467913258201e-05,0.09284930655974434,ELIGIBLE,6.913486003875732,1500,1500,False,0.18740941827992189,0.005351027397260274,0.023112048839958994,105.2770972000435,9f230b524347d73dac1165e976cc3a50a4a2ed4ed16c5056e89e60faf917e49b,e73b05b20c9f10e2d10533b22a8ddbe7875dd878cc09b3d582ea945242d91f18,22d00d711005a0f91eda9c23aeb5252d50621b3220060f6fb4f020a5440738ee,
p2a-rs-w121-Bts-c2-s1101-96ce74c8bf885abe,real_w121,B_DISTAL,transformer,soft,2,1101,1101,0.00019749937882922414,4.823467913258201e-05,0.09284930655974434,ELIGIBLE,6.919493887159559,1500,1500,False,0.12365401667322991,0.0304320572407045,0.013684962865539222,104.66942669986747,96ce74c8bf885abe03f5c36da8ba4dd5c3ced13468ff137cc1bd165cfd6cc27e,f27bc792fe3015f89a9ff6dd0de8ea5de3b522375677fd4d639721895751807e,36db4a352c7ecfb5b6de88e71ecd92fefd80968cdd36cb7d81d7918f5fc0ec5c,
p2a-rs-w121-Tts-c3-s1101-2b4010dbd78e52a1,real_w121,TOTAL65,transformer,soft,3,1101,1101,0.00032133362426250305,0.00010626568831948351,0.19424030526336192,ELIGIBLE,6.906491915384929,2250,2250,False,0.338529524333304,0.0035928326810176123,0.06831567239851795,163.01541629992425,2b4010dbd78e52a10bb6e26b40ffbffab40a4126419706ce0a4f48d08aa8b2a0,c501004ccb1d236c0f9b08f48af0157aef2f585434fe66933d4ad682a068a8d6,d6ba5f3ff902ea514a6830cfec68868c1a7a7132790d44606f463a732264374e,
p2a-rs-w121-Ats-c3-s1101-6ffba548735a4b63,real_w121,A_PROXIMAL,transformer,soft,3,1101,1101,0.00032133362426250305,0.00010626568831948351,0.19424030526336192,ELIGIBLE,6.912393252054851,1500,1500,False,0.2882540549110375,0.0029201320939334636,0.05377670883355418,105.63864310015924,6ffba548735a4b6336c3426f29ced10394990cdffb98ee371b02d9b07655da7b,2e3d9a53283fc0aa4c8f35fafe2044815fc2eb4ae1949163fbd425251403a358,b3b7c8477254ec215b10a91e2bee555216d0d509e1547d6d30a20710f677ec24,
p2a-rs-w121-Bts-c3-s1101-e519a08ebc0d9b29,real_w121,B_DISTAL,transformer,soft,3,1101,1101,0.00032133362426250305,0.00010626568831948351,0.19424030526336192,ELIGIBLE,6.919306013319227,1500,1500,False,0.17749931885114584,0.0314334637964775,0.02794461354225158,104.74743889993988,e519a08ebc0d9b297c106694f2a76cc4f454ba0d26e1639efd01ebed19874d90,7650e78e6e99c43bf15589ab8eca059da6b6ed5e67fa2257ad22a115437df4a2,3bef17a63f20e0c53cd85053d957082c930c4188f603281447db28ecc65e5fca,
p2a-rs-w121-Tci-c0-s1101-3f550cb00ca811c8,real_w121,TOTAL65,cnn1d,infonce,0,1101,1101,0.001,0.0001,0.1,ELIGIBLE,5.9781999588012695,150,2100,False,0.9216292389019025,0.0009326076320939334,0.45731589654841936,85.60892939986661,3f550cb00ca811c898c002baf9840b3476388c3831dd5a555602584f86296f56,b747e284a2cbfe6fc5188624e246d2bbb0db42fc0906846ad0c8da8066749a2d,7c7976f898e7f510b295635b4308fbf50a6f5f3f0e115611d60b1afdd8ea1467,
p2a-rs-w121-Aci-c0-s1101-1f11856c42c7a2ea,real_w121,A_PROXIMAL,cnn1d,infonce,0,1101,1101,0.001,0.0001,0.1,ELIGIBLE,6.345439063178168,750,1500,False,0.7632667248329004,0.001001406555772994,0.333541306946404,57.23224740009755,1f11856c42c7a2ead0e4bfa3f636be8c1cf4fdb9a9a617949d20ce94e6aa8a20,5f0beaf83b2c7adc609ac475231a846aa24c7a7323cd16d9505a517d31706aff,b88d996d5c82c2b48884eb48dcbb4db600cecdd8391b88e2a851f5403e6ad3f8,
p2a-rs-w121-Bci-c0-s1101-63d5c0b3b1a1dc39,real_w121,B_DISTAL,cnn1d,infonce,0,1101,1101,0.001,0.0001,0.1,ELIGIBLE,6.3296248647901745,300,1500,False,0.6241996819574205,0.0011772260273972602,0.2659057624137393,56.68870100006461,63d5c0b3b1a1dc391c9e47c3e50a64faff6934e13070e4f5e333c90027ed4fa9,ce56cab5d79bd336b596464c3736bafed157be0ed3e6ea8a25c060538bc9523b,c85103afec2da1bf469b6c70ebb16173bcd3472d544f8627a9058e27fe7d2e5d,
p2a-rs-w121-Tci-c1-s1101-76102cb17aef081b,real_w121,TOTAL65,cnn1d,infonce,1,1101,1101,0.0019186487924144232,0.0001147040509290496,0.10165049742890192,ELIGIBLE,6.039073414272732,150,1500,False,0.9619868219646531,0.0009096746575342465,0.5102776055422344,61.283503900049254,76102cb17aef081b6d7d2782f0a45bb49f4bf2672d79aa4109e9cfe6260b838a,e0517abcf9b5258ffec910e05960fb4c062715fdb9a5cbe74bbdb666197ee1d1,2ffd5ddb8b45486d241c048214f78d5fdfadec47f79e1e8c811b27503b0ccc24,
p2a-rs-w121-Aci-c1-s1101-00aa639b8ba7b9fb,real_w121,A_PROXIMAL,cnn1d,infonce,1,1101,1101,0.0019186487924144232,0.0001147040509290496,0.10165049742890192,ELIGIBLE,6.346400048997667,150,1500,False,0.7096672964831557,0.0010702054794520547,0.29789278091052934,56.779213999863714,00aa639b8ba7b9fbbff5b2b41efe34a15245111eb819ba097a70f0862e2ea2a6,4092fa6488468dfd9e94958662c9aab7741585168c690aefbb07a606d2a107c6,7be8ab680037382d0eddf5d04c58b459b99c87d33e4c3bd7aab4da3b0320fa49,
p2a-rs-w121-Bci-c1-s1101-5b145e32dae6c022,real_w121,B_DISTAL,cnn1d,infonce,1,1101,1101,0.0019186487924144232,0.0001147040509290496,0.10165049742890192,ELIGIBLE,6.2314895523919,750,1500,False,0.691691203332089,0.0010549168297455968,0.30389332167251754,56.86550590000115,5b145e32dae6c022741eed0fb4ddb66efb67dab10bda08b958846712f58a5920,658641dc1b15c096aefcaa9403c56b745f685dd7f9ace8354fdc62b585a4b62b,f6c93a3bc21b985fba0395d46859b7b8901d9ef7eefb750eaf5227046d8087ad,
p2a-rs-w121-Tci-c2-s1101-9621725b81116bf4,real_w121,TOTAL65,cnn1d,infonce,2,1101,1101,0.0005372687003035359,2.9623432092428512e-05,0.07553731701182094,ELIGIBLE,6.01680866877238,150,1800,False,0.7818090615073385,0.001016695205479452,0.3551244626121691,73.18617490003817,9621725b81116bf4b1c8a6b9851daa9648d42f35f40b52f1c03dfdcc6c283da5,53b28215aa5f8f06f0fbe8f7688374ea3586d50836c24127360f10b52e0c9f6f,f0c6a7826edbc95c4d7105b91a34a2d93d8abdc00dcbb6110b09c68fb14cd3d7,
p2a-rs-w121-Aci-c2-s1101-2b336da35e5f8fb6,real_w121,A_PROXIMAL,cnn1d,infonce,2,1101,1101,0.0005372687003035359,2.9623432092428512e-05,0.07553731701182094,ELIGIBLE,6.35396671295166,750,1500,False,0.6620225673156284,0.0011772260273972602,0.2560252646716057,56.750819499837235,2b336da35e5f8fb6053b29fffa439377550c9d01e27ff610d5bb7d1059ac8b34,71d8d08204fad42cd5ea1d785462b9c1ddd2468b6b523d43ea993813bc8f9e11,ca68b04ecd39449c7741d84d8fcad9134ec564bbeaf2993e2f7bc9f263af87f4,
p2a-rs-w121-Bci-c2-s1101-b6f6745d865a8225,real_w121,B_DISTAL,cnn1d,infonce,2,1101,1101,0.0005372687003035359,2.9623432092428512e-05,0.07553731701182094,ELIGIBLE,6.280435138278538,300,1500,False,0.5625887364143103,0.001230736301369863,0.205268396598621,57.401025499915704,b6f6745d865a8225b0b75c8f6fa0fb426f7857e8d610303ef7fe01434173ca2f,68884210249c28880fb521fb59de6214f27196634a134f74c17b274db707c277,5a7e5e4b798b2c1245f6514d9df005d6783e6866964c67f50e3b24939791eb85,
p2a-rs-w121-Tci-c3-s1101-a4ca07ca37b90fe8,real_w121,TOTAL65,cnn1d,infonce,3,1101,1101,0.0001677985560548701,0.0006893648884554523,0.18094199691102594,ELIGIBLE,5.978890577952067,150,1800,False,1.2365924659295342,0.0006574119373776908,0.7885392084141677,73.2222507998813,a4ca07ca37b90fe8cfdf1271b158ba2b902a660419dc8ccf35d51a5d3eea5851,ecd454b439604d790c6facbea5e776d1ff0f06e55213f14c63ddaee98f540695,54d7b5e60ff04b6adbb491f383db1c9ac4b846a3b260cfbbdedc1c4ba9348a9c,
p2a-rs-w121-Aci-c3-s1101-6da75fa989e4513f,real_w121,A_PROXIMAL,cnn1d,infonce,3,1101,1101,0.0001677985560548701,0.0006893648884554523,0.18094199691102594,ELIGIBLE,6.331264654795329,750,1500,False,1.0177139967366986,0.0007109222113502935,0.5749177048760846,56.82553509995341,6da75fa989e4513fdd9410a38d8c842397d4cf4afe2293d066c390969d81c93e,f2d7de917efa22a290e5bc52fee8762c728a801780cb3e42bf6f34688d105473,745cd49adbb3bec0efb9adab5964256940e1d4f5b227893d7ec71ab585f58fb5,
p2a-rs-w121-Bci-c3-s1101-de33aad6ee1284ec,real_w121,B_DISTAL,cnn1d,infonce,3,1101,1101,0.0001677985560548701,0.0006893648884554523,0.18094199691102594,ELIGIBLE,6.26678646935357,1050,1800,False,0.9293333930457364,0.0008485200587084148,0.5150431488836633,68.82289860001765,de33aad6ee1284ec3779bb21b532c224e77e64d058d4ff2dc3fe64c126f1fc17,3b5d8555f2ea31826ea1c61371fa7bb5c0dbc31d8f9b4275e5bcb40449817041,71de6820bcd11627bcb7999e20829f55f9ba4d107ec77677b0837142096ee174,
p2a-rs-w121-Tti-c0-s1101-4b8ae21fcbf2069b,real_w121,TOTAL65,transformer,infonce,0,1101,1101,0.001,0.0001,0.1,ELIGIBLE,5.99553034040663,750,1500,False,1.0214970317423482,0.0009631849315068493,0.5505325722641348,102.82151469984092,4b8ae21fcbf2069be37d646e69926a56bf3489892c69e4b1da9c39e0d221bd51,4bb7857b59633c929dc00951a610791cfaeb1a6a0387abe148eec3df279467a1,a7b3f4646976387ff76eb88e2b52d1baa8abeafed9753fffdcb257907b43d227,
p2a-rs-w121-Ati-c0-s1101-92e0092c9a62893e,real_w121,A_PROXIMAL,transformer,infonce,0,1101,1101,0.001,0.0001,0.1,INELIGIBLE_NEAR_COLLAPSE,6.9299857881334095,600,1500,True,0.00821887722910918,0.5801966120352251,8.666150539336067e-05,100.66036310000345,92e0092c9a62893ee5b37722770e7535abd4e2fc9457883acd452cbc1af7d544,41d4c0b03e2d4eae324ef0b372443c1c2473c0651c424138f681f0e6a44b23e1,26105529b7dc6f7965c6366d0e5aaaf2f4d661b76b66391180f1746b62baa869,
p2a-rs-w121-Bti-c0-s1101-390d1e8e329a64c3,real_w121,B_DISTAL,transformer,infonce,0,1101,1101,0.001,0.0001,0.1,INELIGIBLE_NEAR_COLLAPSE,6.93044990963406,600,1500,True,0.0027258542476634442,0.9969575587084148,7.3308670781654406e-06,100.57667859992944,390d1e8e329a64c33549a94e95782e9f6948b820ee90f1ff19ecc076f2220ecf,d5095b564d03d1551cc1128b6ff6a69d3925b8b2558978280e5e2783975bc98c,3446e9b5234719a45bbe03ecbd05dee3185fe3ef2ceb3ac05cc9824d79eb47c3,
p2a-rs-w121-Tti-c1-s1101-18dab4a875690e74,real_w121,TOTAL65,transformer,infonce,1,1101,1101,0.0019186487924144232,0.0001147040509290496,0.10165049742890192,INELIGIBLE_NEAR_COLLAPSE,6.930004013909234,300,1500,True,0.009241985765848608,0.535056873776908,8.505133900886617e-05,105.8634803998284,18dab4a875690e74046a2ea6a3491ae8f89d78b097fdcf4039acac16cc672ee7,db4acf9ebb02beecdca5bf42f70847a5790ce2f6338f61c4e0acd2b9c4b328db,ad541dfd8da71370c463b71018c2292e2b145048e37736169333226dd6477510,
p2a-rs-w121-Ati-c1-s1101-59b6166cd6aad69d,real_w121,A_PROXIMAL,transformer,infonce,1,1101,1101,0.0019186487924144232,0.0001147040509290496,0.10165049742890192,ELIGIBLE,6.337390316857232,450,1500,False,0.7900597061484207,0.0011848703522504892,0.35871022972285466,102.60464629996568,59b6166cd6aad69d618b11d769fa8f2a3c6c04ed9adaec21080dd8dddbacd77d,cd9b8c3c79efa3ab01c91cdc09e6779147c712b8531fe14e6a6f4178812a64ac,6f5a3caf0e49f3ccd8c2a99973dc4c6d4d5a1cf104ad225fb5540819078b070b,
p2a-rs-w121-Bti-c1-s1101-f6f7a45f0b1c342e,real_w121,B_DISTAL,transformer,infonce,1,1101,1101,0.0019186487924144232,0.0001147040509290496,0.10165049742890192,INELIGIBLE_NEAR_COLLAPSE,6.9304944144354925,1500,1500,True,0.00017870102983581738,1.0,2.6449935703349787e-08,102.26219939999282,f6f7a45f0b1c342e37b4eb7b0eae369e9677dda1d7d92241d20e0e3ad78a6523,9be436722f12c822993dd2de2ebc62ce3dc8254f9b1cea8dbf9da7e660504cba,f238601439bb6c7d0ca6cb6af4e0410b18a978d6f27cf290cdaefcd289c4672c,
p2a-rs-w121-Tti-c2-s1101-65b44e66a6037133,real_w121,TOTAL65,transformer,infonce,2,1101,1101,0.0005372687003035359,2.9623432092428512e-05,0.07553731701182094,ELIGIBLE,5.9604716300964355,750,1500,False,0.9544396321450419,0.001238380626223092,0.48736142286765494,106.5711165999528,65b44e66a6037133ebd83cfc2242de406c796aa5c2be3e7f7fec62c4f2debd80,54b462f57d4025620bb2b4e61e5a21f8cbf16029a4410bc751395e8595e69f45,d4586ab1e5e6328c50ea8455e30e51881a2dff3bdd6ed3a75113349fd082a940,
p2a-rs-w121-Ati-c2-s1101-e068cd4056f666bc,real_w121,A_PROXIMAL,transformer,infonce,2,1101,1101,0.0005372687003035359,2.9623432092428512e-05,0.07553731701182094,INELIGIBLE_NEAR_COLLAPSE,6.930438836415608,1200,1500,True,0.0028217667036106605,0.9966747186888454,7.836243524202418e-06,104.13520010001957,e068cd4056f666bcfe7a7f8d13c5635175531c21beeda844762eca939246e866,1a423d5c39b043025d50b1a86cddc8cfcd38032e5a95652963cfdf3b36417f81,095baa47c229c23b41afbb1cabb3438f9eaa8463524db38c49602012bb0d6158,
p2a-rs-w121-Bti-c2-s1101-47125bb6be7978ea,real_w121,B_DISTAL,transformer,infonce,2,1101,1101,0.0005372687003035359,2.9623432092428512e-05,0.07553731701182094,ELIGIBLE,6.258927451239692,1950,2700,False,0.6786571177113978,0.001414200097847358,0.2558892340739764,185.58406000002287,47125bb6be7978eaae91569552bebe570f6113edb8156a52ae3e35e571323a31,a533bc7b1160429aabc0043c3c937fd254f757663e07361308916b2374365bd7,7be26c4460ac6f654d59df609e0adb1d0458066f7fcd05196f4164af702ec5d9,
p2a-rs-w121-Tti-c3-s1101-18e4bdcfe8cb2ed7,real_w121,TOTAL65,transformer,infonce,3,1101,1101,0.0001677985560548701,0.0006893648884554523,0.18094199691102594,ELIGIBLE,5.966726409064399,1050,1800,False,1.2515597369836315,0.001024339530332681,0.7957829468666453,129.47757590003312,18e4bdcfe8cb2ed7e32b3497584266920a0aa345f785e533df1f15c9f27709d3,98f045740194dc2a944220f9882cb6779633c60f1c7157e227d4a23c12be5471,fe6cf0b4acc39af9a556211551d0c511cbc1f47cdd4350134cf567fe451b4260,
p2a-rs-w121-Ati-c3-s1101-3b243654c9fe2d64,real_w121,A_PROXIMAL,transformer,infonce,3,1101,1101,0.0001677985560548701,0.0006893648884554523,0.18094199691102594,ELIGIBLE,6.258331457773845,1350,2100,False,1.0281745325930314,0.0009402519569471624,0.5804231402867778,146.89425410004333,3b243654c9fe2d64cca6cab8c02ddbdbec84bc3a8c1a439f755f0177e8e08d4d,d0b4cfac2183bbf223a8ced08b24f57f56b162181255805be1d9764924126f89,c73b1cb5233498b779cbbeefbd2139b46072d48d0f721d613b915f29ac67f3da,
p2a-rs-w121-Bti-c3-s1101-0c61a34a1dbb7888,real_w121,B_DISTAL,transformer,infonce,3,1101,1101,0.0001677985560548701,0.0006893648884554523,0.18094199691102594,ELIGIBLE,6.186426003774007,3150,3900,False,1.0042444098991126,0.0006727005870841487,0.5805291461062124,270.45736609981395,0c61a34a1dbb7888f1e5d3784175c4d663b2d6630dd80860787b7757b64bcea8,ae50dd01d82bb5f4be8893b493ad1f2b5e0f026d81274f2bb85b6dcde3db95c1,99bd2ebd37dccb7a09e577a2addce1fe51d6621432fb83c1ef27533aba7eb9fa,
p2a-rs-w121-Tct-c0-s1101-17999ced86adb23e,real_w121,TOTAL65,cnn1d,time_contrastive_blocks,0,1101,1101,0.001,0.0001,1.0,ELIGIBLE,6.099800109863281,1200,1650,False,1.4077813485235962,0.00039750489236790604,0.99930113915045,89.42113389982842,17999ced86adb23e3b8d0fcc8455ac7bfb2218a79973001590b37f539e692650,93b4234c14a851439a99ffc2ae9fd5b24f5e80f5469e27e67bc6206fdc6a8324,b8c81718dc67aef8d247fc70548ce214efb92bc5e830797d38c08fad2c911cb2,
p2a-rs-w121-Act-c0-s1101-ac7b1b8b46a64679,real_w121,A_PROXIMAL,cnn1d,time_contrastive_blocks,0,1101,1101,0.001,0.0001,1.0,ELIGIBLE,6.1078033447265625,1200,1500,False,1.3893641118167257,0.0004892367906066536,0.9877074064956983,65.11721259984188,ac7b1b8b46a6467984675eeb0702cdd0801e47c9d7e3e9d85bf40acbab0e16fd,7b97e3aebef9a34a7a6f53153f863d3847b66aaf261ff76c444a15fdac954eef,576c00edebacd18e79200ba675c8df3e3341dde2b09193a99fe34a363d6e24ee,
p2a-rs-w121-Bct-c0-s1101-766c54c608a6f3b2,real_w121,B_DISTAL,cnn1d,time_contrastive_blocks,0,1101,1101,0.001,0.0001,1.0,ELIGIBLE,6.102060953776042,1350,1500,False,1.4089175736340083,0.0002446183953033268,0.9990317572753741,66.07002199999988,766c54c608a6f3b2c2712dc1418e16be88b53e06e0bcd36775d2f873bdace7c8,e88675e3d08721754230207319279314bea6c6da3c60fbc9b7d1a280f3307a10,dcff9546aa78e14ee5785d33106e5f17a53848b8c0d5e85dae2a9fb066bfbd0d,
p2a-rs-w121-Tct-c1-s1101-a650205a709e37f8,real_w121,TOTAL65,cnn1d,time_contrastive_blocks,1,1101,1101,0.0019222973497531495,6.65980578365304e-05,0.7881686265114021,ELIGIBLE,5.924912399715847,1200,1650,False,1.4058599082029928,0.0005274584148727984,0.9996778276723964,88.38950020004995,a650205a709e37f82e904dfa6a5d20f19d5fd2196563bc7b28a931b1d77c3bea,7b7b6dcc4ac096492b9c191bb26f02317f9db9c72689ea83924750bf5f40f095,189b05dc28f24b4f89d91eb115a71a6995064f6c3c9b6f7381bd01f2d6df3f47,
p2a-rs-w121-Act-c1-s1101-eb3e4ccc6ad343b6,real_w121,A_PROXIMAL,cnn1d,time_contrastive_blocks,1,1101,1101,0.0019222973497531495,6.65980578365304e-05,0.7881686265114021,ELIGIBLE,5.937661012013753,1200,1500,False,1.392335864063309,0.00043572651663405086,0.9869501096514403,67.42790569993667,eb3e4ccc6ad343b6c3ccd86f0abc2d67a3471696c3b8df7d24f4e9b6b6088432,e842522ab308a672d46ceffd270e4c6c3618c7cc6c4eec60d5dda40b579e1afa,052e0fb3d85bcdf5b388b677c2b84e064802578abdfc3a2d6738c70c006bfb98,
p2a-rs-w121-Bct-c1-s1101-5e2e46cf544e6b78,real_w121,B_DISTAL,cnn1d,time_contrastive_blocks,1,1101,1101,0.0019222973497531495,6.65980578365304e-05,0.7881686265114021,ELIGIBLE,5.942022800445557,2400,2400,False,1.402325477700623,0.00035928326810176123,0.9879653846659048,106.89104590006173,5e2e46cf544e6b788150ca2ea234e6dfa669eb8e04f87c005c542aa0fa18a167,e947d435e264e2f7e4a25fd3419bd6633f3248efa71cbec59bf874bac42bfe7c,2e55f4ce6e83c6f8a8080fa1154ecb5609cd8f7d3eb6c1037918f840f60c2164,
p2a-rs-w121-Tct-c2-s1101-62efd7ee80a133a0,real_w121,TOTAL65,cnn1d,time_contrastive_blocks,2,1101,1101,0.00016375435299976828,0.00011375137967953784,0.1735617792707736,ELIGIBLE,4.561137305365668,150,1650,False,1.4123266867935829,0.00043572651663405086,0.9997444509474243,88.2114680998493,62efd7ee80a133a07ad8de20bc62aa6426f3464e1d53c74f642d35c574de6534,fb95d6fe9d8de7b6736ac33aa98644bc8e3972c4971d1b0796f6de5544460271,b7f4a78d0221c4f1b3e65b12964a247eccf93f28bce2c6a0bbb0d2263dd2a470,
p2a-rs-w121-Act-c2-s1101-e0afa8c2de27c16a,real_w121,A_PROXIMAL,cnn1d,time_contrastive_blocks,2,1101,1101,0.00016375435299976828,0.00011375137967953784,0.1735617792707736,ELIGIBLE,4.550691021813287,1800,1950,False,1.4087902327016562,0.0003822162426614481,0.9964174017858538,88.06878770003095,e0afa8c2de27c16a34827dc1b7b1a7e39e0d8627c7563ff96415b8fe9fa3201e,5af89c9b5fb19f07f0fbbccb33728d4dff1babd22f2b1089483e7b63823e154d,6b3330ccb6c1a72cabb38827e23f2665212ec381dba5c928bf29429f8ee59814,
p2a-rs-w121-Bct-c2-s1101-afa86d225919607f,real_w121,B_DISTAL,cnn1d,time_contrastive_blocks,2,1101,1101,0.00016375435299976828,0.00011375137967953784,0.1735617792707736,ELIGIBLE,4.5912023650275335,300,1650,False,1.4102730898961997,0.00025226272015655576,0.9992775060073062,71.48137519997545,afa86d225919607f629ef7a83c8727a1c67ab782aba877caef25ba2b97cdbfb6,a41ae60b16576914e47badd3126352e21da2ac20f1ce249728bd1c95bbb51086,00421eae0e19039e06e09546d98d45722a118b6a06e25c5ffa1ef9d389bd4641,
p2a-rs-w121-Tct-c3-s1101-d299ec9f75f1f18f,real_w121,TOTAL65,cnn1d,time_contrastive_blocks,3,1101,1101,0.0005274076992855276,2.930753191465412e-05,1.049415378366615,ELIGIBLE,6.132877031962077,1200,1650,False,1.402380307394181,0.00043572651663405086,0.9972696150912901,87.71132429991849,d299ec9f75f1f18fa9987539c0198a73beb48a7a4b386e2ed96812eb56ae003b,a470f8bfb5f656e24c60a75c6b6e292196c9bd0dc85e4f739a27f47018e01cf8,063847af4a3aff54fc7e3eb2345fd6c1da92dd9182e9b2a09d792434eaa8e437,
p2a-rs-w121-Act-c3-s1101-9cfb71408cb641e9,real_w121,A_PROXIMAL,cnn1d,time_contrastive_blocks,3,1101,1101,0.0005274076992855276,2.930753191465412e-05,1.049415378366615,ELIGIBLE,6.140609052446154,300,1650,False,1.4189023102422391,0.00033635029354207435,0.9931265606529756,71.00011889985763,9cfb71408cb641e9a9cffe474ea955bf103583a06e80ac32bb0c3c34562df211,432ba7f535149577841ed018bb7736abb179b6c6efb35dfce61ccff787289d90,d943db79197365fa2ea8b7c8b7ffe1a28a4ff32226bd070838d04f9c0693b7c9,
p2a-rs-w121-Bct-c3-s1101-aa896417fe2ea938,real_w121,B_DISTAL,cnn1d,time_contrastive_blocks,3,1101,1101,0.0005274076992855276,2.930753191465412e-05,1.049415378366615,ELIGIBLE,6.135319603814019,1050,1500,False,1.4110546256235224,0.00025226272015655576,0.9987573827887715,65.58829780016094,aa896417fe2ea9380b8cbdc54c6252baa83c9ba83b698fd84a1bfa7c73604986,fb8e205ae20055d9c39360e1ed4349d1cb754cad28303281ce771fe8d6607197,235512f2c9dd1d4934160264f3c2db223bc2b62763731ea04448b805453e71ab,
p2a-rs-w121-Ttt-c0-s1101-fdb52ace7e6f6c64,real_w121,TOTAL65,transformer,time_contrastive_blocks,0,1101,1101,0.001,0.0001,1.0,INELIGIBLE_NEAR_COLLAPSE,6.931267155541314,900,1500,True,0.015023795535426475,0.32714652641878667,0.0002052631763216673,270.58772800001316,fdb52ace7e6f6c64f5d2181b0430c9e96d560e9e8aeea71def3b0e5a8115162d,e5a79a45ae29708996f245224ecf3dc2d7df108881d0a04ff0f1cf52ce8353f9,d8b98167d9174603686de292835cc49173569df49e52c4dabb643409b8867eb0,
p2a-rs-w121-Att-c0-s1101-0996996515e200b1,real_w121,A_PROXIMAL,transformer,time_contrastive_blocks,0,1101,1101,0.001,0.0001,1.0,INELIGIBLE_NEAR_COLLAPSE,6.930934694078234,1350,1500,True,0.01842808399977428,0.28845859833659493,0.0005517751476136412,264.1534277999308,0996996515e200b13d166d940de7730e6b843073e00ff285c6b82a66bfb5b5a2,92bd05e82b8d7e70fbb1e440b2cebec97af7039afcf2f22554d6fc351d7b89bb,8f799ec1fbb11c71c08cdc32969dcc4434b79921248e483f01d020308d267809,
p2a-rs-w121-Btt-c0-s1101-429ff198fe9cf552,real_w121,B_DISTAL,transformer,time_contrastive_blocks,0,1101,1101,0.001,0.0001,1.0,INELIGIBLE_NEAR_COLLAPSE,6.9314680099487305,1500,1500,True,0.0015952380744614686,0.9998776908023483,3.3689687015248827e-06,261.3594055001158,429ff198fe9cf55286a232d611cbfb43b6e1c39379ad15c3ddbc1e8e06574634,973b97e4d04b8fe9c19ab29f8f0bd9c957643e918ab263407188c9626705787a,4e487099b37b5aad36818b42e32c013c18e83dfa25ffa1c4edace257312715d6,
p2a-rs-w121-Ttt-c1-s1101-cd7958002dc11ca0,real_w121,TOTAL65,transformer,time_contrastive_blocks,1,1101,1101,0.0019222973497531495,6.65980578365304e-05,0.7881686265114021,INELIGIBLE_NEAR_COLLAPSE,6.931364271375868,150,1500,True,0.009164437276721036,0.5391771648727984,8.680235905019802e-05,278.6998205999844,cd7958002dc11ca00d1d935114e447738172c1172f82b4d648f0580268112772,f86dc83dd2d5f7dcd14a35fc80e7728a3e657533e2db5858927be2549d9386c1,11d5eb6fe40b0710c04b2e62da0657281abe55e27250a66f0aa0234c08470f21,
p2a-rs-w121-Att-c1-s1101-c5b9b45598a7c181,real_w121,A_PROXIMAL,transformer,time_contrastive_blocks,1,1101,1101,0.0019222973497531495,6.65980578365304e-05,0.7881686265114021,INELIGIBLE_NEAR_COLLAPSE,6.931458632151286,300,1500,True,0.0032600589023953543,0.9623517000978473,1.0531661602446955e-05,266.6028936000075,c5b9b45598a7c1817ea311182e776653d3026b66e7a371ac4baaa9b5186ead19,7a49a83666babad3934b536e3ba78585ccd6632a85007dd921dd98fcb9c310aa,d44e236c7ac3a3c6c9ee4f876d32caf5235d8f6709bee863e88579e1a6bb4c15,
p2a-rs-w121-Btt-c1-s1101-70663fb287d7698d,real_w121,B_DISTAL,transformer,time_contrastive_blocks,1,1101,1101,0.0019222973497531495,6.65980578365304e-05,0.7881686265114021,INELIGIBLE_NEAR_COLLAPSE,6.9314656257629395,300,1500,True,0.002266455204718301,0.9998165362035225,5.19019880447549e-06,262.9363829998765,70663fb287d7698dd6b2874a6614f7ba0b9cd3d6925b8d6aa0bc096fe35fa339,582b011f94a572259a5ade4ea5667c9e15ec5620839612c8edf901a094d00f53,aa6911de975dfc4fdf066bf92c0436eedebea37e268742d36dbc4de7f409df25,
p2a-rs-w121-Ttt-c2-s1101-ed3eff1e277b6e15,real_w121,TOTAL65,transformer,time_contrastive_blocks,2,1101,1101,0.00016375435299976828,0.00011375137967953784,0.1735617792707736,ELIGIBLE,4.576825141906738,3600,3750,False,1.4041310924563106,0.00029048434442270057,0.998422801375983,700.9011178999208,ed3eff1e277b6e1523cd6e4f583324c3f6f620ab6f9bba73f46bdbbec36cce56,b898f4bc1cb8b1646f1f41009e227b2d770e784bfb988b10f94b504c85d6b3c5,b2328c89b47529fa22a95ce433ea2bee1c9965d00e36ba4fc99c0a3bda831a44,
p2a-rs-w121-Att-c2-s1101-66f6fef413c5def0,real_w121,A_PROXIMAL,transformer,time_contrastive_blocks,2,1101,1101,0.00016375435299976828,0.00011375137967953784,0.1735617792707736,ELIGIBLE,4.628936926523845,1950,2700,False,1.4118971769043829,0.00039750489236790604,0.992985498340538,490.77892849990167,66f6fef413c5def0916cbf00dbef2ebc87cac7ff4bb66ab936dec0d0d6eb1255,dd5ab354b6e339ad76097c617ecd3765e389fbcab68dc43181816b445f65c1d6,9c3de4214553fe609f74591076e7605385a39d0e056b5ee987f4a79a1b7128c7,
p2a-rs-w121-Btt-c2-s1101-8b93002bf5a570a6,real_w121,B_DISTAL,transformer,time_contrastive_blocks,2,1101,1101,0.00016375435299976828,0.00011375137967953784,0.1735617792707736,ELIGIBLE,6.926657411787245,1500,1500,False,0.028360486961612558,0.16983396526418787,0.0008365266461505261,271.61137839988805,8b93002bf5a570a67587034c176390a266f962f6dda344b86465f6d444689c2d,7102887e354c29623cd93e5f4b0f37ebcf71062ffaf16ee12b9685f23676ffb8,31e24b41aa5b1da13676ff89d874fdca9d567cc4157244dc038154775a1baecc,
p2a-rs-w121-Ttt-c3-s1101-c31b4497f65f63b4,real_w121,TOTAL65,transformer,time_contrastive_blocks,3,1101,1101,0.0005274076992855276,2.930753191465412e-05,1.049415378366615,ELIGIBLE,6.141285631391737,900,1500,False,1.4437560598142773,0.0005121697651663405,0.9948162479096226,287.6111481001135,c31b4497f65f63b4cb5441b7cfcb5029f51904ae0712af994bb4cfe0fe558e9e,dad9543d9ff3b8d781a05b4853f6f4e8cf398b9baa7828f15789e67070bee291,aa8bc8f2039dc7ed0bd8486f18e70fc433f4e9c45c58dab3f5c038754c623a74,
p2a-rs-w121-Att-c3-s1101-42262704d12b6295,real_w121,A_PROXIMAL,transformer,time_contrastive_blocks,3,1101,1101,0.0005274076992855276,2.930753191465412e-05,1.049415378366615,INELIGIBLE_NEAR_COLLAPSE,6.9313339127434626,300,1500,True,0.01211946997844179,0.3931170499021526,0.00014769795064892982,276.13143329997547,42262704d12b6295a7a41b1a05295bd39be1494c61e5bee794f5e71e3e2f441b,35cf4076ea679e7887e1548d1a111a422623bd8a8f574b7c7279c36fd5b4a89e,04cf7b3626b7bb2e97b62549542ddecd5bac7b659158533f04291afbd195cb90,
p2a-rs-w121-Btt-c3-s1101-6d0d0849bf9377ce,real_w121,B_DISTAL,transformer,time_contrastive_blocks,3,1101,1101,0.0005274076992855276,2.930753191465412e-05,1.049415378366615,INELIGIBLE_NEAR_COLLAPSE,6.931417677137587,150,1500,True,0.007468621110678558,0.6390579134050881,5.6793675389985824e-05,271.41747890016995,6d0d0849bf9377ce23821ba956150ff6b75c4707dd205e6fa1acfca842a18ce7,ea663955352162dc7bf0a32b611f3b3d302034d636ea12b282a6a42e21daafec,70f06efa9f26212bf1baae3aff921bbd7316fbf894f80390c821926acd4cf7c1,
p2a-rs-w121-Tcb-c0-s1101-93624a71e11166f7,real_w121,TOTAL65,cnn1d,behavior_contrastive_blocks,0,1101,1101,0.001,0.0001,1.0,ELIGIBLE,6.371512413024902,450,1650,False,1.4064647882974,0.0024232509784735813,0.9990160647007533,108.27440019999631,93624a71e11166f77d167968971e24f8dbdb55ca5c2dc47a06f130c211bfa730,20d088332a2c520da6d5ae0ad91854ecabbf54c570fe48ee024d37b44072d685,4b28fca6782ce8afac20387af25b5dfbe5073a9e4ea6ca9171026465b6e7c9ab,
p2a-rs-w121-Acb-c0-s1101-370a59019a0f7542,real_w121,A_PROXIMAL,cnn1d,behavior_contrastive_blocks,0,1101,1101,0.001,0.0001,1.0,ELIGIBLE,6.457506709628635,3000,3300,False,1.4316075323052035,0.0006497676125244618,0.9968299081803834,163.81514499988407,370a59019a0f75422dd5d887a6ddb0fb99083b4e8d120614e7cb75925c9bf21d,668fdb83f05b30fb2b65931d5734a7d41d478776602db8bb9a99629b3d3babac,9a12be2cb20f44df646ddc92c0efeecad309b3a498cd9fd777db6f03dae870fc,
p2a-rs-w121-Bcb-c0-s1101-92bf465cbff9b018,real_w121,B_DISTAL,cnn1d,behavior_contrastive_blocks,0,1101,1101,0.001,0.0001,1.0,ELIGIBLE,6.487660672929552,1350,1500,False,1.391140750165576,0.000611545988258317,0.9816568919534883,74.92498469981365,92bf465cbff9b018ddfc105b454ad1664e17f5be80a4176206ce1dab04ce1b28,9e8225d5b2a69c1e880a298cc0fb6634dbc5d6ab0cc03e19f52c2aff7d7b3fdf,8acf44c285083aa22bd4889dbe6277e406746c71131f38bc362d515f9dc1cfc0,
p2a-rs-w121-Tcb-c1-s1101-4383394b7b44e60c,real_w121,TOTAL65,cnn1d,behavior_contrastive_blocks,1,1101,1101,0.0029564921407279443,0.0009019391648152211,1.0835783554613034,ELIGIBLE,6.334333207872179,1050,1800,False,1.5354775388317803,0.0017352617416829745,0.9929284523611608,111.54730749991722,4383394b7b44e60cc903aa3c742aa78b51f8695296e7fb671c066f55b2705280,2eab9dab46f5fec5cb55f61090399a0d755fada25683b37c5251600f8bed1e3a,25c13a32a1114f9fa0684245629a964e5d99894ff2aa9cb041e70d37d57cb47a,
p2a-rs-w121-Acb-c1-s1101-164967c36dd1d1a5,real_w121,A_PROXIMAL,cnn1d,behavior_contrastive_blocks,1,1101,1101,0.0029564921407279443,0.0009019391648152211,1.0835783554613034,ELIGIBLE,6.492346551683214,1500,2250,False,1.410936492105003,0.0032488380626223092,0.9985249584232605,109.84254250000231,164967c36dd1d1a5d7b9026d266ed67254d110bf13d78d76cd97fc637330c68e,9e638cb3a586017708ab64da29fab6b7720b600baace259419bc3f5957f25d4d,c17d2b3586c4199834257ba30bb11eb136d801734dfcc9ea46b67beaf68ebbba,
p2a-rs-w121-Bcb-c1-s1101-c5de284970ea5280,real_w121,B_DISTAL,cnn1d,behavior_contrastive_blocks,1,1101,1101,0.0029564921407279443,0.0009019391648152211,1.0835783554613034,ELIGIBLE,6.530326843261719,1800,2550,False,1.4943346186448525,0.006467098825831703,0.9972951405721615,127.0598435997963,c5de284970ea52800bef10232f3c266a770b653ae705e70bbc2873e76291d50f,9e5b82d752c2cf8b9ab82a3efd416fc26d7cc06fbe219e085b65e82dcaf61e83,dc356618509ed927d7d23efa9143d0716110d88f264f356c8dc07ee0e95c7898,
p2a-rs-w121-Tcb-c2-s1101-031ef25589e92cee,real_w121,TOTAL65,cnn1d,behavior_contrastive_blocks,2,1101,1101,0.00010511370350211826,1.3389195739766575e-05,0.38578572211598844,ELIGIBLE,6.017085764143202,300,1800,False,1.4111068457591793,0.00041279354207436397,0.9964963457773911,110.90209920005873,031ef25589e92cee4c3ba6c369e207e9582519218f55427ce25f151a296eefbb,71c690edb6f654e68b2a9e94f5e03106c8b7628f9f5d577a9025c07b6825ee19,15cc0a6df1a419dfd6992a49c1fe37efbd21d053d3ad611407561ce50cc2f104,
p2a-rs-w121-Acb-c2-s1101-b6bb9b02acb5b4d7,real_w121,A_PROXIMAL,cnn1d,behavior_contrastive_blocks,2,1101,1101,0.00010511370350211826,1.3389195739766575e-05,0.38578572211598844,ELIGIBLE,6.263284683227539,600,1500,False,1.3926196778901225,0.0005045254403131115,0.9767278584474277,73.90932390000671,b6bb9b02acb5b4d707b0ded904e7765a7884c006576d9690d685e07cf1dc78b1,6a0b906dda0f995b6bc3302c010200028d3008d5c6f9f9f452e715210e5201b6,bec367ddffbdfb72560e5e1124d2c3b2a47c51785c204d0ad447a31be1f4153a,
p2a-rs-w121-Bcb-c2-s1101-db48b21bd25ccb04,real_w121,B_DISTAL,cnn1d,behavior_contrastive_blocks,2,1101,1101,0.00010511370350211826,1.3389195739766575e-05,0.38578572211598844,ELIGIBLE,6.334777249230279,2550,2700,False,1.3882539588398266,0.0005427470645792563,0.9709477757238272,132.633011699887,db48b21bd25ccb044d1a5d7859d8a69facd8800fc11cce22e443a924f848356b,d651a67694ccc39d5076a55957ecb56eb96c98a5b84107d682835e8b5c8da9ca,f2be3755991466f8b8045a1b55dfe7ff6ff519dfec2eec442db46fee27f80ea2,
p2a-rs-w121-Tcb-c3-s1101-2d7c9a662bf5e1f6,real_w121,TOTAL65,cnn1d,behavior_contrastive_blocks,3,1101,1101,0.0003243270541770045,0.00022893263429992996,0.667639049932057,ELIGIBLE,6.175872908698188,150,1500,False,1.413793594800992,0.0004892367906066536,0.9947236685480201,92.09819129994139,2d7c9a662bf5e1f6837272745cfe6c3cf4a94acae37b15a465cfd412937d6771,4fa4d3d55ce6572b4bfe0336986e7fb6c0469d75acc015f5c6443a9d63172db0,857f04c5fa2dee9e5a5856c8dfbdc031caaaf3da20120d01fd126da5a02b8894,
p2a-rs-w121-Acb-c3-s1101-ce9cb8ad09eefe74,real_w121,A_PROXIMAL,cnn1d,behavior_contrastive_blocks,3,1101,1101,0.0003243270541770045,0.00022893263429992996,0.667639049932057,ELIGIBLE,6.376964622073704,900,1650,False,1.417346405875679,0.0004968811154598826,0.991624267703136,83.59181770007126,ce9cb8ad09eefe74745d29c589083ac13886008e85a59c3c8d73f32cad46085d,46baf8d1b175cccae672a0dc9813393542785becabebe97d714ee7be2b540668,d62ca5d676b6d9a042b3f11a4fe619b1b4442333081b6386ffe3e0df97b6299e,
p2a-rs-w121-Bcb-c3-s1101-616f6c46c3437043,real_w121,B_DISTAL,cnn1d,behavior_contrastive_blocks,3,1101,1101,0.0003243270541770045,0.00022893263429992996,0.667639049932057,ELIGIBLE,6.373374197218153,1500,1650,False,1.3762124526801105,0.000603901663405088,0.9735602270194765,82.86784350010566,616f6c46c3437043074960acf4509450f4ec478b7b861022921112d0c248b77d,6583feb14bf86d3845ffe3a9dc79b6e34da5290cc2ff36390748babe5f26a4a5,432d3d359381ce823d19543314de272a797896c87f588aa99707ac0cefc3df79,
p2a-rs-w121-Ttb-c0-s1101-3fab9913a2ca35d3,real_w121,TOTAL65,transformer,behavior_contrastive_blocks,0,1101,1101,0.001,0.0001,1.0,INELIGIBLE_NEAR_COLLAPSE,6.931452963087294,750,1500,True,0.0057341539599508485,0.7983579990215264,3.1972300222519525e-05,281.6146130000707,3fab9913a2ca35d3dfa279e1dcb3bef4dd926045400cdfb83daa330910fbfa9e,11bb61a6c8f2c89fc650ab0a9f1315c9a7c6ceb4ef5de0b64a137f1448d3f187,e6515f1d3825108fd3128fe7530ed461c216738e4290bc5d6b21b4b401df3732,
p2a-rs-w121-Atb-c0-s1101-7d3ac08eadeb72b7,real_w121,A_PROXIMAL,transformer,behavior_contrastive_blocks,0,1101,1101,0.001,0.0001,1.0,INELIGIBLE_NEAR_COLLAPSE,6.931395848592122,150,1500,True,0.010442004949112642,0.4815465998043053,0.00014603336984563307,275.7631061999127,7d3ac08eadeb72b71a8aa17ee7a48258d432a64db3e7e70c7d08eaafa86fe218,d465141c9b342d7effcabc810278bd88c8b24f6956a9056edee4e07a4e86170b,8486cd3ec718985c6f2087fe6d40f7c450d1f1a22cf6693ab7a91dda63a0fde7,
p2a-rs-w121-Btb-c0-s1101-c637416821d500ba,real_w121,B_DISTAL,transformer,behavior_contrastive_blocks,0,1101,1101,0.001,0.0001,1.0,INELIGIBLE_NEAR_COLLAPSE,6.931468221876356,750,1500,True,0.002492959486343531,0.9915835983365949,6.695938905857978e-06,271.3957551999483,c637416821d500baa2c482bebc9e1a7676826662777264ff2037e7c67a9de3c9,b79a2fa81161ad66943716be13cf165812294e6e29cc64bcdc45ee5195aa72d3,080469c88525f9e2b23b3c71f858a900a9606e8a31f0febe1928704df5248a1e,
p2a-rs-w121-Ttb-c1-s1101-4c26a67d5f4ebdc0,real_w121,TOTAL65,transformer,behavior_contrastive_blocks,1,1101,1101,0.0029564921407279443,0.0009019391648152211,1.0835783554613034,INELIGIBLE_NEAR_COLLAPSE,6.931467427147759,450,1500,True,0.0026988530662433096,0.9972403987279843,6.979531037594344e-06,286.98145080008544,4c26a67d5f4ebdc092201ce3b7bd39c920583364983b35385db510d4cbb5eead,97a7205e6f1896a7ada4d228f428438caf77aa9f7f5d19df8f1710726b5b8e25,c3ea2adc3af8c70bc52d9f6cfa28f03ec7cd781eafb91750f4933220a2e06632,
p2a-rs-w121-Atb-c1-s1101-053430bad70c2a35,real_w121,A_PROXIMAL,transformer,behavior_contrastive_blocks,1,1101,1101,0.0029564921407279443,0.0009019391648152211,1.0835783554613034,INELIGIBLE_NEAR_COLLAPSE,6.9314703941345215,150,1500,True,0.0014271799212950856,1.0,2.1418146166752416e-06,273.36305109993555,053430bad70c2a350615136619625ce0dc2b130b97b21f9f78edc9225587d06e,ce60b65d40e60db17734f952d79907919a864531c57eb4894df2d131c6a73dce,88bf009946c1420cafd614a710e03e545ec9bf62327dccb001eba10ebcb95707,
p2a-rs-w121-Btb-c1-s1101-4ba7048eb0221239,real_w121,B_DISTAL,transformer,behavior_contrastive_blocks,1,1101,1101,0.0029564921407279443,0.0009019391648152211,1.0835783554613034,INELIGIBLE_NEAR_COLLAPSE,6.931471347808838,150,1500,True,0.000365520794114817,1.0,1.335395718096373e-07,280.7062929999083,4ba7048eb0221239c5372e5c662319e98f8d5bdb302293a6b7a13589c0e6bca6,7e7e5f35babc4abb4ff3c8921b81f3180a6042270e21ccb8bee21d9f08dce139,5b04351ad94f06902f968e369d365e6c5b983f7a6518450ccfc5fe59c1f3002b,
p2a-rs-w121-Ttb-c2-s1101-fe4124b9b097f05b,real_w121,TOTAL65,transformer,behavior_contrastive_blocks,2,1101,1101,0.00010511370350211826,1.3389195739766575e-05,0.38578572211598844,ELIGIBLE,6.030850834316677,1950,2700,False,1.404246611543138,0.0013836227984344422,0.9788673533174791,539.7163487002254,fe4124b9b097f05be3842fd2ee4f903e20dbfe3142c48cfcd6f8bf9b99c699a5,8b859b7ddc1c86d9a73654881ebe4ec4a701d76659d4aeff5c1457cc45ca0e89,f4ed994cf70e79314274d5cb3bb049bc2dfbc0e0f61a934ec03a88a73c0d56ee,
p2a-rs-w121-Atb-c2-s1101-2e96cf761622eff9,real_w121,A_PROXIMAL,transformer,behavior_contrastive_blocks,2,1101,1101,0.00010511370350211826,1.3389195739766575e-05,0.38578572211598844,ELIGIBLE,6.291058116488987,900,1650,False,1.266074665492324,0.0009861179060665361,0.8316929984437653,316.4759500999935,2e96cf761622eff94e215af014a53372494ba8b16efe973b029f727b83c0c216,83caa246c9cc747ea6665bfdf3abd90e8482816683b43841de6dd58e194bbef5,8010246b0969e5b728ca506b18e84b5491053dab23415415beca04de7b02898c,
p2a-rs-w121-Btb-c2-s1101-7662888bcf1ffa03,real_w121,B_DISTAL,transformer,behavior_contrastive_blocks,2,1101,1101,0.00010511370350211826,1.3389195739766575e-05,0.38578572211598844,ELIGIBLE,6.928820292154948,600,1500,False,0.05243476215667019,0.03748776908023484,0.0023393672843787486,285.73646319983527,7662888bcf1ffa036f0b2912253353c604214b7be5935f5b961bfae45b0ae510,fb4f7a8b5177e791355a5b8f64ce397102d947d4f4f247f3663f2c2fdcfec214,475f3e78b07feda26c3fec4d0be22f27c9101f6414abfba742a711c629bcbfb2,
p2a-rs-w121-Ttb-c3-s1101-2c4d812ec13c368d,real_w121,TOTAL65,transformer,behavior_contrastive_blocks,3,1101,1101,0.0003243270541770045,0.00022893263429992996,0.667639049932057,INELIGIBLE_NEAR_COLLAPSE,6.931331952412923,600,1500,True,0.014454965195039252,0.30221838307240706,0.00017102270726500544,317.2306083999574,2c4d812ec13c368d39697088b8dfc3ae44e191cac0ad93575a70edbd306d98d8,d3da0fcc46e4552bbf1a9b3af512badb40310401b51ffeebf7293b00dc641d13,42e72ead2f30e7efb0e1457070d6be3f79f29f3cf7d47c135d78bf7d15a0ef64,
p2a-rs-w121-Atb-c3-s1101-746243e533bf4ea7,real_w121,A_PROXIMAL,transformer,behavior_contrastive_blocks,3,1101,1101,0.0003243270541770045,0.00022893263429992996,0.667639049932057,ELIGIBLE,6.340637842814128,2400,3150,False,1.4126969389040707,0.0012766022504892367,0.985508637356774,610.31308670016,746243e533bf4ea7fb0bf378cb24c8e85be21470562c1a7a34d3898cd0f401a3,6af5c751005285c708bb04a4809f723b41750a8c749ca4f9c7125a2b39b95272,451df16ec52cb45a62ec6d9558ad60309382d845d5ffc6f3fb9b743170e9326a,
p2a-rs-w121-Btb-c3-s1101-771d499f56e10557,real_w121,B_DISTAL,transformer,behavior_contrastive_blocks,3,1101,1101,0.0003243270541770045,0.00022893263429992996,0.667639049932057,INELIGIBLE_NEAR_COLLAPSE,6.9312513669331866,900,1500,True,0.016650700508238046,0.3175911203522505,0.0002790922087965625,279.42590510006994,771d499f56e105575ee2d92a0b5caf404a4daeee1c5eaf65d53113c54ff7ce68,885444e0a7e542fc71da141bb57b91495973c0018a87ed58364578739b84e77f,9868e4d1af385fae84b412e75ed3eb33054276c7416b0d59a322dd8b12369d7a,
p2a-rs-w201-Tcs-c0-s1101-1e32156edba59b56,real_w201,TOTAL65,cnn1d,soft,0,1101,1101,0.001,0.0001,0.1,ELIGIBLE,6.90377174104963,450,1500,False,0.2561259983357368,0.00773605675146771,0.037273045910068164,76.65528810000978,1e32156edba59b56a8b039922f428b51612ab9d6e9445eb1ab96046ab5a76f60,2777f2225850d3f5c12797a470f5db0e933954b5178a3822a4949645b30fdcba,3e17a0581730c5db7b69eadce24be5db25fc956aea2346c9eccfdc50f3bb59ca,
p2a-rs-w201-Acs-c0-s1101-4c83bdd6ccbc7bc5,real_w201,A_PROXIMAL,cnn1d,soft,0,1101,1101,0.001,0.0001,0.1,ELIGIBLE,6.911565440041678,1050,1500,False,0.2182489871745234,0.007254464285714286,0.028728309705480994,63.58811010001227,4c83bdd6ccbc7bc5161d19e3d62abc0d4db8a7c0c2413908c66f09d923969cd8,d6f06330a677962f53e56cc2660078c5db3270273c398aab7489ef9467990271,21c4eaacb7e89a658770a0a268791034d0c20f48e04666522a6e66db6eaf5126,
p2a-rs-w201-Bcs-c0-s1101-e8b24e4c7a2ab7a9,real_w201,B_DISTAL,cnn1d,soft,0,1101,1101,0.001,0.0001,0.1,ELIGIBLE,6.908250263759068,750,1500,False,0.2280225753924311,0.005863197162426614,0.030849757353867212,64.26536069996655,e8b24e4c7a2ab7a97bdaa74d2e0e4a320b4722ca0e4f26632ce103014066f7cc,41fb93b0ba1ec53aa8b9e2930918b90122c4432726cbd09cf50eb77a8f35b349,a1f1b2ac8ef7657986da50da61891546d7338477ffbb8ed642bd1d3ae8a936bb,
p2a-rs-w201-Tcs-c1-s1101-7dd3199d9e0382d8,real_w201,TOTAL65,cnn1d,soft,1,1101,1101,0.0010717221240559393,0.00036625451895020913,0.11065361153401906,ELIGIBLE,6.903446401868548,300,1500,False,0.26913477523834023,0.006214836105675147,0.04085210003136878,75.85496440017596,7dd3199d9e0382d8d4113dc0727e727258a10866b0eaccd570a1c6d09338145e,051fe9d2d814da6b22d79f040ff984ddb4bca688565cc38abc983a1e3dbf70e0,126f23f6d2cb82327855d05b41e96c67d2fbc7f2693abf0fff9c8e533dc01ebe,
p2a-rs-w201-Acs-c1-s1101-bd7690676278b6c2,real_w201,A_PROXIMAL,cnn1d,soft,1,1101,1101,0.0010717221240559393,0.00036625451895020913,0.11065361153401906,ELIGIBLE,6.91154146194458,1050,1500,False,0.23086588987263357,0.0066046966731898235,0.032163688535454954,63.659604700049385,bd7690676278b6c2203ebe907e9e7d18782729b6f44ea304e03e2daf1ad3cffb,c65997327eb2cbe6b791fab12bb1f8be9f2eb76b24f509dcf078e00b63e2b3a0,46c978ae73a6a1459c524602778fd1f26f0845c0e732922df7f8da2f6998fd97,
p2a-rs-w201-Bcs-c1-s1101-750374ce21d00e8e,real_w201,B_DISTAL,cnn1d,soft,1,1101,1101,0.0010717221240559393,0.00036625451895020913,0.11065361153401906,ELIGIBLE,6.908139160701206,1500,1500,False,0.24505633471002397,0.005794398238747554,0.036029639719340034,64.45861919992603,750374ce21d00e8ee0643d03abd86d98e6364f8831a4f4ccf8b94d1c70f315db,c8b29584b791c1e91f390eaee885b41631d221e041bf95fb35977716c47a89d3,4321ceaaa20d7d844f54fdebba848c7e5154e43c66c724353b99fe7574b448c4,
p2a-rs-w201-Tcs-c2-s1101-3c382ff6cab1c41e,real_w201,TOTAL65,cnn1d,soft,2,1101,1101,0.00019749937882922414,4.823467913258201e-05,0.09284930655974434,ELIGIBLE,6.903858116694859,900,1500,False,0.2438691557105125,0.007537304305283757,0.03374913805614012,76.36563659994863,3c382ff6cab1c41e3ecda2739f5d0eb67b156d86ef52450eedb375e4ec338630,ae69369935b143512092db8d550c1e6084dfa1771e43e44b9b6e3444766463c6,74a82485e521a4bc99b7d6e04296583e5c9a187464138fd944b2b353f3b3cf5a,
p2a-rs-w201-Acs-c2-s1101-cc98826bae756f17,real_w201,A_PROXIMAL,cnn1d,soft,2,1101,1101,0.00019749937882922414,4.823467913258201e-05,0.09284930655974434,ELIGIBLE,6.9116242953709195,1050,1500,False,0.2107967366746626,0.006933402641878669,0.02734471688809153,63.692707900190726,cc98826bae756f17212008989bb1a5989ea7ca1a4edf3bf6baabda3e0d6fa32a,79179f01ef7b62596c0de331a146a34a09fb79ea8f48d4d19456614263f20d5c,02ff58fad38a066b3b73781f953091c9f9acc07ca709174f922c3e56319ec3ce,
p2a-rs-w201-Bcs-c2-s1101-d6d9850efdf2b181,real_w201,B_DISTAL,cnn1d,soft,2,1101,1101,0.00019749937882922414,4.823467913258201e-05,0.09284930655974434,ELIGIBLE,6.908406121390207,1350,1500,False,0.22101272268451796,0.006016083659491194,0.029270084993385636,65.32735409983434,d6d9850efdf2b181cff5c1352ce589e6c9f2a07a5c203fb44e3a7e269051cc69,ba5e5979f06abef086665025017d6ae833525725a19b6cc8ea075a72b2253a8b,bc7831fe0ce334947ad13e7ce1352f636998f88d2abfad29fb1f48aa0f638a67,
p2a-rs-w201-Tcs-c3-s1101-bc6ba5c17edf0cfd,real_w201,TOTAL65,cnn1d,soft,3,1101,1101,0.00032133362426250305,0.00010626568831948351,0.19424030526336192,ELIGIBLE,6.903251716068813,300,1500,False,0.3644875061178637,0.004624816536203523,0.07512816941432203,75.80669769993983,bc6ba5c17edf0cfd6dc806ba3fea666d43c6ad682a1f829e4774771e1f77376d,0cd86c1b447816b4a1fb76960a26d4cf500c3fe9fbc582b03244a224e61a845a,feeceebcaac5619a5172626f1b20a85754f16bebdfb579715947c1c3dfa838f5,
p2a-rs-w201-Acs-c3-s1101-aef08f2dd18a0d2a,real_w201,A_PROXIMAL,cnn1d,soft,3,1101,1101,0.00032133362426250305,0.00010626568831948351,0.19424030526336192,ELIGIBLE,6.911197798592704,1050,1500,False,0.30674158037164934,0.004647749510763209,0.05652650947227758,63.58114939997904,aef08f2dd18a0d2a611f461a565d7085bc73a32f39a9dcb3e2545e83d83b9837,cd045625f329281fa3153f3fe15266aaa0b6133d748fe72ee649166929be4b9f,3e6252a7b523ad35bab6e11ed7830024396c0f2bc46e051b69e650db8b127088,
p2a-rs-w201-Bcs-c3-s1101-602e79e53ad8798a,real_w201,B_DISTAL,cnn1d,soft,3,1101,1101,0.00032133362426250305,0.00010626568831948351,0.19424030526336192,ELIGIBLE,6.908218111310687,1500,1500,False,0.3256182981204858,0.004066780821917808,0.06349098215378778,64.47779759997502,602e79e53ad8798afe5ce3d5a7ff36873e5776f68afbe1df8dc465985d7a494f,53918572bcf5bb4731ed2853b0bf14835980406e65ddddb5437a87388b546b9c,e3bd3ad160ecd60a22e6cb7ab5a789176bd6e2ab4552da1769a032808b8ddbec,
p2a-rs-w201-Tts-c0-s1101-095470504c48f044,real_w201,TOTAL65,transformer,soft,0,1101,1101,0.001,0.0001,0.1,ELIGIBLE,6.901483603886196,1500,1500,False,0.2438225905733704,0.006352433953033268,0.034416715892696174,219.5579012001399,095470504c48f04491f725cda96d065e7d05b140cf561072c020cc7bd7e85726,447320d76e2a150117ceef465d1d2848e737766e17969c16b9407755b8531f0e,453cf4ed95d68202403b8856f2b56203e6c4a55c13851047bfd12833df819ce4,
p2a-rs-w201-Ats-c0-s1101-3e183209257be108,real_w201,A_PROXIMAL,transformer,soft,0,1101,1101,0.001,0.0001,0.1,INELIGIBLE_NEAR_COLLAPSE,6.930477482931955,300,1500,True,0.004822616374770872,0.9072131849315068,1.8589770929302165e-05,207.8663508000318,3e183209257be1088b6c48a17113c27ab5f7389f80aba87b1a2d4c896a677d78,f954b650f86f3b28ba2b86172bb98146fda7707aabd5f72c293a177150da4071,ed1dd0940393b4047570728fe668505b3a7acc4822e14bbfff0495f7b9524845,
p2a-rs-w201-Bts-c0-s1101-960acde9ba590148,real_w201,B_DISTAL,transformer,soft,0,1101,1101,0.001,0.0001,0.1,INELIGIBLE_NEAR_COLLAPSE,6.930478436606271,900,1500,True,0.0033921466202914007,0.97973489481409,1.0880153552542135e-05,208.4609171000775,960acde9ba59014844717d3b14cb7aabb36e3f4dadd80c7207cbc5b2b6d9d8e3,ccde2f2df972bfac20d1a361731c40559cc6f2819cadc18d82e4e1088e8c80db,d52ff175efbdec5da46d8ec4a44bd31ac32856cc781d8db0281a59ce3598a321,
p2a-rs-w201-Tts-c1-s1101-6b877289b012ebd7,real_w201,TOTAL65,transformer,soft,1,1101,1101,0.0010717221240559393,0.00036625451895020913,0.11065361153401906,ELIGIBLE,6.903420788901193,1350,1500,False,0.2584679675694044,0.005450403620352251,0.03982318637516602,222.565071699908,6b877289b012ebd757b57a8185fac6b6e54e38edf6a99a3d4e6536bd1dfdf1f3,dae2cabd6592f6e3d0ce1d299a86656c03d5fdea600254d8f5ffafff772d9bf0,58db52fadba1ccbf2aaebb2273cfa429846de4f443cc0848d6f5de37e9251e26,
p2a-rs-w201-Ats-c1-s1101-5ef60d37e9e9a6ba,real_w201,A_PROXIMAL,transformer,soft,1,1101,1101,0.0010717221240559393,0.00036625451895020913,0.11065361153401906,ELIGIBLE,6.90649277823312,1950,2250,False,0.28841208532006724,0.014119068003913894,0.042963601516050436,315.24881800008006,5ef60d37e9e9a6ba5a7ad87e1ea045d307206b85c03b4f28f63a77faf3e4c2ae,92cfa279cf6208728a0b0307f622dc26a3db46da6cf5692851c82373505034b4,846f794c43f6b56fdc49dbea67564e4237258cb0552e42c33c75cad52da10605,
p2a-rs-w201-Bts-c1-s1101-b904bdf7ea7281c0,real_w201,B_DISTAL,transformer,soft,1,1101,1101,0.0010717221240559393,0.00036625451895020913,0.11065361153401906,ELIGIBLE,6.929618699210031,450,1500,False,0.026731467760148772,0.20375183463796478,0.0007137750501776107,209.7620806999039,b904bdf7ea7281c082555efa22b3fa45d632cd018dead1bf26a4368d833c2702,2428d5b6e5a5db94cc4d43e0b6ecd9fd9bc12c46957f3cdc4e8e891fc862da6c,9deca5898f5681e9ab7999fa59d9bbea38135f02a56637d6a311ee4e87d3afe9,
p2a-rs-w201-Tts-c2-s1101-0fdde95939d98d30,real_w201,TOTAL65,transformer,soft,2,1101,1101,0.00019749937882922414,4.823467913258201e-05,0.09284930655974434,ELIGIBLE,6.904358182634626,300,1500,False,0.21447197300031598,0.009219055772994129,0.026807628481658338,222.93498629983515,0fdde95939d98d303330f819f55b4fb068819724e7fcb808f81cc90213f232f3,f9d37ac258b81b2510710b59109ab6ddcf0ad3f26f38643c8d044281cb952319,02b6c1b97aced9a6a9aa1d559be3c5e816b0c3f9f39d7146d71156ee79474870,
p2a-rs-w201-Ats-c2-s1101-220dd9b3bfb476d6,real_w201,A_PROXIMAL,transformer,soft,2,1101,1101,0.00019749937882922414,4.823467913258201e-05,0.09284930655974434,ELIGIBLE,6.910219805581229,1350,1500,False,0.20289713824757064,0.006084882583170254,0.025705431359079024,210.36668730014935,220dd9b3bfb476d688b37afc384a62ace68d2198827e421664059066ead865c1,e8654244bff3b4b74608ce3b365cc51d1fe0b48a68e63689f27c86f0c61dcfa9,e58260244acb01687b65f85b78e032cc279e7b1e282bc2bf2460ec09aa1574d9,
p2a-rs-w201-Bts-c2-s1101-ec3f3d674691cb51,real_w201,B_DISTAL,transformer,soft,2,1101,1101,0.00019749937882922414,4.823467913258201e-05,0.09284930655974434,ELIGIBLE,6.908454690660749,1500,1500,False,0.20688446296567264,0.005679733365949119,0.026916971931007266,210.30692239990458,ec3f3d674691cb5169419dbdc109ed75b487dc72f812f66998b0b14047893f0c,95db9da8c5fca586b7efabfd5857acd59fef261dbc19fb602bbf1df9d5779f10,ee8d25808c8433651b4059e0650d22227871a290c056d01d176ba7618c3f00de,
p2a-rs-w201-Tts-c3-s1101-b9f84128b19567ef,real_w201,TOTAL65,transformer,soft,3,1101,1101,0.00032133362426250305,0.00010626568831948351,0.19424030526336192,ELIGIBLE,6.903846604483468,1500,1500,False,0.3383048382619373,0.004563661937377691,0.06741874345265894,223.049129499821,b9f84128b19567efd0611fdfefad1f0f0d2fe0d53db524e537a4e61ff649a4d7,1993247023b9236b00f03d3290408c3ac87f9ecf8bd78498be5f3fd4d26a3aee,a25aac3e512471f5ded0ab8b6c1336ece0848c71ee602631aa2f680310c212c8,
p2a-rs-w201-Ats-c3-s1101-269b442c425e9757,real_w201,A_PROXIMAL,transformer,soft,3,1101,1101,0.00032133362426250305,0.00010626568831948351,0.19424030526336192,ELIGIBLE,6.910667215074811,2400,2550,False,0.28991647991772496,0.0037839408023483366,0.05274087876205894,360.5659994999878,269b442c425e9757d3f1a518be5cb78a6dceeba349f89ac83f89f970b59ab978,5fa17aee45a19c5d3e719f8d58a4325e82c22ccab3cec345a32d149195659b21,04890fbe50add90762505c78870307577d41735eb7479de4c3cfded41e5abe86,
p2a-rs-w201-Bts-c3-s1101-d8c68eb37330c686,real_w201,B_DISTAL,transformer,soft,3,1101,1101,0.00032133362426250305,0.00010626568831948351,0.19424030526336192,ELIGIBLE,6.907954284123012,900,1650,False,0.29043245291671893,0.0039750489236790604,0.052035936359955785,232.14784709992819,d8c68eb37330c6862181753c1a779e58b2902a8d6a7464f8c1c25fc1e62750f8,ad444bb730a9fdd2f3c8f80e89c695940b79d8ea3c689f71bc98fba4f0a07f64,052ce97f05ecab04d06af593b17ab0b1c645727732eb8d0563e73ce4da59ab88,
p2a-rs-w201-Tci-c0-s1101-0c2f070775cd0f9f,real_w201,TOTAL65,cnn1d,infonce,0,1101,1101,0.001,0.0001,0.1,ELIGIBLE,5.8051042556762695,300,1800,False,1.2924376545946157,0.001414200097847358,0.8405034557868944,89.36371369985864,0c2f070775cd0f9f05a536d3a1fc2dfceb3dbbed3558dfc506e53697cf542136,b4e75ab1f8dff0046137116b4c92facbb4643af9e53338733b78fc0bd4a191ac,4d413841d32813562ae7e45179861ce158cf212708a186bfba710796f7742901,
p2a-rs-w201-Aci-c0-s1101-e368dbb3a6ad8ede,real_w201,A_PROXIMAL,cnn1d,infonce,0,1101,1101,0.001,0.0001,0.1,ELIGIBLE,6.1416232245309015,750,1500,False,0.9273755381386057,0.0015212206457925635,0.4869921101341368,63.45199350011535,e368dbb3a6ad8edee0e2c8621f5271a529d40a3201f7f5cc68dc5405cec9d7e8,e864921194bf226a7ede576d788aa8a37945d36a4025845ba7b5e1c7d455220c,a9ba4868a866b7ecd0c6f30d0b9d90af72e890341070deaba977926b1525d018,
p2a-rs-w201-Bci-c0-s1101-40d7312e257f651d,real_w201,B_DISTAL,cnn1d,infonce,0,1101,1101,0.001,0.0001,0.1,ELIGIBLE,6.068099021911621,1050,1800,False,0.8297056791223134,0.001215447651663405,0.4430988088132775,76.92954910011031,40d7312e257f651d53bdcfd4771b907f18abfce552895c440ff261560573db17,1f109a449cb5710781e8022583bf58952ca5cf5c3bf9d912f6b01f0f3d968ba3,e7e4d05f4b9cd7720b086751778818307d22cf270e2c7a938d9493875fcc23b1,
p2a-rs-w201-Tci-c1-s1101-b66cf9a99c711bc4,real_w201,TOTAL65,cnn1d,infonce,1,1101,1101,0.0019186487924144232,0.0001147040509290496,0.10165049742890192,ELIGIBLE,5.863021509987967,150,1500,False,1.251721744983898,0.0015441536203522504,0.7927530153242066,74.95643839985132,b66cf9a99c711bc4b2f518de707230e2574f01c625e946535b10f17e6cd5e13d,3dca343726f22134acdc91d4f6cb161902b28864fa7cbd32db282a057cb14c20,8de225e54f9cd7d1eadc31c1dacf88ae78dfb4832162de27894a8718fd06b43e,
p2a-rs-w201-Aci-c1-s1101-6f0092396a2ca9ee,real_w201,A_PROXIMAL,cnn1d,infonce,1,1101,1101,0.0019186487924144232,0.0001147040509290496,0.10165049742890192,ELIGIBLE,6.140176432473319,150,1500,False,0.8869821099163163,0.001612952544031311,0.4382921609456568,63.16297489986755,6f0092396a2ca9ee878aad5bcf9b53f928b212019f60b8adef5fd81a319a7d38,8ef4577ea29a2ce7d409512595d0e926b8179a55e90e42bbde3aa93ed190fefa,ed1cc76d87d3eda22b53ce4f9ee166e4ad8f36ce924435f30132417938299849,
p2a-rs-w201-Bci-c1-s1101-ad3b520b2ff5e2cc,real_w201,B_DISTAL,cnn1d,infonce,1,1101,1101,0.0019186487924144232,0.0001147040509290496,0.10165049742890192,ELIGIBLE,6.085792813982282,450,1500,False,0.848490186700372,0.0013224681996086105,0.4635227845868761,63.53209530003369,ad3b520b2ff5e2cc6b513e61d9ae2daaf3b7fdafefa9ed553cc96483c0589e6b,ec8037635918c60816febb5b7aad80aeb94252be05756e6a9329d04f1d11738e,8998d60afc01fa93883fb2cb8c9b1f3ce0e3ff440f0fed32e8e58afbc1aac9fd,
p2a-rs-w201-Tci-c2-s1101-bd44f2c99bc72a0a,real_w201,TOTAL65,cnn1d,infonce,2,1101,1101,0.0005372687003035359,2.9623432092428512e-05,0.07553731701182094,ELIGIBLE,5.8474290030343195,150,2400,False,1.0554003205411204,0.0016664628180039138,0.5972850845098177,119.81518319994211,bd44f2c99bc72a0a0c2353af9537c3bdb670960782de580ec44cb928a45ba4f6,cd73c7518faf9d99d60930185b25293107b3a35c07ee7ffdbb9646e20d6775e7,a7a3ff2cde3b9984e27a0dd3296db8a39805118e6289b4e30a595e7f61706628,
p2a-rs-w201-Aci-c2-s1101-181093b15bd52c34,real_w201,A_PROXIMAL,cnn1d,infonce,2,1101,1101,0.0005372687003035359,2.9623432092428512e-05,0.07553731701182094,ELIGIBLE,6.132692609514509,750,1500,False,0.7581399719621682,0.0018040606653620351,0.3377744894805155,63.49872569995932,181093b15bd52c34ae602cceefe802d2a5d50336a98200bdfc34adc2234f6d24,4b8ac7504b5c7653ca34f81f102a3432a1570f0bf5b4aab45121741d63f57f17,a0031734dfb5fd1bc38d1a9cbd1e55794b0c218147e68b64d4c952ebcbb49f8b,
p2a-rs-w201-Bci-c2-s1101-e80047d4f670d158,real_w201,B_DISTAL,cnn1d,infonce,2,1101,1101,0.0005372687003035359,2.9623432092428512e-05,0.07553731701182094,ELIGIBLE,6.073953492300851,1050,1800,False,0.6779479253843658,0.0016511741682974559,0.3139493773885533,76.24138620006852,e80047d4f670d15851d1541477a18f04ab55154855355fa14d7f1fdaf81106b1,0db1516a8b94bcaf81bbb7ca715e3a17bdac80ef7825ccb63b2c68e3e0e47689,ad84e09c4dcfe65e22ce86c1e0def7347d91476fbb3ae288205f17ed0eedd6cc,
p2a-rs-w201-Tci-c3-s1101-4e74601aaa0adaed,real_w201,TOTAL65,cnn1d,infonce,3,1101,1101,0.0001677985560548701,0.0006893648884554523,0.18094199691102594,ELIGIBLE,5.721128531864712,150,1800,False,1.4291846622605529,0.0010549168297455968,0.9948128232925623,89.988354699919,4e74601aaa0adaed47096903d4bcae25b30afac293f96ab49a8d7b3398291312,7b19ed534f7c21a676ca20aea01ee7443735b58beae822af5cf44678fdf772f6,6d12093ffd89162a79523e143651aa5805525aa4773163065887c52de4a9bd32,
p2a-rs-w201-Aci-c3-s1101-ebd50c465de1d716,real_w201,A_PROXIMAL,cnn1d,infonce,3,1101,1101,0.0001677985560548701,0.0006893648884554523,0.18094199691102594,ELIGIBLE,6.159217970711844,1200,1950,False,1.2671055095362924,0.0011237157534246575,0.8344070135122108,82.27901779999956,ebd50c465de1d716127db193b1a498387e2d85ac0327ee1ac48f1ee78aaa2317,d4245c4b696eb46f7760d62190a41a865563b0e2010ee900a423a58d9fc75483,2f080b09ecba4a665966df25723900e304b005d5670934c50af63f38e532a6b5,
p2a-rs-w201-Bci-c3-s1101-a7caf34a9c218295,real_w201,B_DISTAL,cnn1d,infonce,3,1101,1101,0.0001677985560548701,0.0006893648884554523,0.18094199691102594,ELIGIBLE,6.0346510750906805,300,1800,False,1.0548336364307629,0.001230736301369863,0.6426344924101672,76.4866015999578,a7caf34a9c218295b50b8c37236da503b720582d92065fe4611979624da383a5,fc0b971e9ad2a4155c6a753253ab7d9f8b0edd9199669d0a4956c8b14b53e701,5b9f53e7cb9232d273e4a746e9f69fa56b209eb9e090df62f7961f26335acf2e,
p2a-rs-w201-Tti-c0-s1101-fa2662b4cce3376a,real_w201,TOTAL65,transformer,infonce,0,1101,1101,0.001,0.0001,0.1,ELIGIBLE,5.891643251691546,1650,2400,False,1.053965696254926,0.0017123287671232876,0.6001262963967425,346.03900760016404,fa2662b4cce3376a59dc314ca60fefb87c7afd7e78b2aa5e5aa0e0d236a17631,8d298fb7ed6701e9177b3abdf41e1b74a6cb42bd3d72231bc760e94854f312e1,094b53ad1817cebec25ea9b9a6c76157edb278653fa46d2cd0785cac4109a173,
p2a-rs-w201-Ati-c0-s1101-164dd89cee17a6f4,real_w201,A_PROXIMAL,transformer,infonce,0,1101,1101,0.001,0.0001,0.1,INELIGIBLE_NEAR_COLLAPSE,6.930464540209089,1500,1500,True,0.0021551677423476932,1.0,4.412546408826649e-06,205.00699170003645,164dd89cee17a6f4d07ebfe320b97fcc4d1d2858ec2be31a54d625fdb6b67868,00a9d25770fa47247d60ea3c7629f723997eea032722f8e4ee3b3f5ce6971445,7d5a7a11a53a2802b28d88fdf94f9a99dd3d444e8bf69eac52ee25e67f67bb62,
p2a-rs-w201-Bti-c0-s1101-8a89254995ede9ee,real_w201,B_DISTAL,transformer,infonce,0,1101,1101,0.001,0.0001,0.1,INELIGIBLE_NEAR_COLLAPSE,6.930388178144183,300,1500,True,0.003916016627148024,0.9320725293542075,1.5879467935632145e-05,205.51331389998086,8a89254995ede9eeb273297cb573dba9b05d38f8ed1cb7d48b908f8a46c118c1,33836495638abe8dc6f1900e8d20c22dded491bb8306a201d8a2bc47495c4ed5,56caaa89a929d8f0f5c8578db52790d464ffc6c7eb5c4188bc7ae9a2f0fe2323,
p2a-rs-w201-Tti-c1-s1101-b1dfce9b569b0ea3,real_w201,TOTAL65,transformer,infonce,1,1101,1101,0.0019186487924144232,0.0001147040509290496,0.10165049742890192,INELIGIBLE_NEAR_COLLAPSE,6.9297195843287875,150,1500,True,0.010945772857868723,0.4540040973581213,0.00011510355889079032,217.23746560001746,b1dfce9b569b0ea308f04fe9f2268b3eb18bde4ff5a553c641748e930f4121d0,f5e7fe6c1c7890723c6affc1ebbe3ce017762b1f3c0cd53a23dc79121e26a0a4,afce4ead1472bfe3170583f2fe8fa803e0b7e7e77cd6664db343104a46678eef,
p2a-rs-w201-Ati-c1-s1101-45bc0ce01694df44,real_w201,A_PROXIMAL,transformer,infonce,1,1101,1101,0.0019186487924144232,0.0001147040509290496,0.10165049742890192,ELIGIBLE,6.027298041752407,300,1500,False,0.9707254867448907,0.0017123287671232876,0.5253794799537531,206.16060679988004,45bc0ce01694df448440f17f38afc9d8e4072c35d154c0cd38c6235d68a38853,225754d209c544d30558fd7a2c616d8571aed596b092de81e9dc405f19bb98d2,4771f4a8607af88f47af2ed6915ca34b74a8b3c2bc17bdf19787b3935fa83fd1,
p2a-rs-w201-Bti-c1-s1101-53e43add0f4aec3a,real_w201,B_DISTAL,transformer,infonce,1,1101,1101,0.0019186487924144232,0.0001147040509290496,0.10165049742890192,INELIGIBLE_NEAR_COLLAPSE,6.930488245827811,900,1500,True,0.0009566268325230632,1.0,9.0797651468893e-07,206.0338183999993,53e43add0f4aec3af6998db2caefe6bfba8eac2b22667aef731b6be5e9112753,ca67a26f26dbfb6c39af24ab9b0838ad8654415cbd6246d87a5f21d3ac301a6e,dff5acabca73f39161c04899b8a970fed02e912f93f19810657ade4e02c2103c,
p2a-rs-w201-Tti-c2-s1101-b259888ad52d742b,real_w201,TOTAL65,transformer,infonce,2,1101,1101,0.0005372687003035359,2.9623432092428512e-05,0.07553731701182094,ELIGIBLE,5.792701176234654,600,1800,False,1.0832001198975842,0.0015747309197651663,0.5949227153638181,261.0269710000139,b259888ad52d742b7f93211a1ba8b42acd5e5fbc7e7fbb1309e7267bf23eee5f,8fe60cab7578819eb863a356e5f507e2596e657852974fa3f8c8b4a8be98ebe2,f681517b3563d7833cceca010c0df0bcd674f539ab4504d03f0dd4c1df5cf8af,
p2a-rs-w201-Ati-c2-s1101-d6e2313728712c97,real_w201,A_PROXIMAL,transformer,infonce,2,1101,1101,0.0005372687003035359,2.9623432092428512e-05,0.07553731701182094,ELIGIBLE,6.038644313812256,300,1500,False,0.7257301787324566,0.0019416585127201564,0.3073437405398542,206.14959909999743,d6e2313728712c978f862a8ed9e58bacd3f39b816d04dab4a79ed7e2932ad0a6,0f39f7ef636abccc63784b88d521ffc0465bf840eaf60c309d088c7571da2a7e,1ad25fb9ecd2d5e871aad78c6d9eac031233d269fc11ac661e6a1ec6b979fb01,
p2a-rs-w201-Bti-c2-s1101-40c44c53af10f130,real_w201,B_DISTAL,transformer,infonce,2,1101,1101,0.0005372687003035359,2.9623432092428512e-05,0.07553731701182094,ELIGIBLE,6.047388826097761,900,1650,False,0.7888823902701668,0.0013530454990215263,0.3586557373199546,226.53637370001525,40c44c53af10f130ab6ccba852c092dfaa0d487d849b46ea525fbfdd59f73922,91ca5eece04f8da2fdad02dfa24536cee0f4a9f383672d3c8c860f4c377bca01,5d25999c687f694be9aed028ec413dcd7e44a7d28317830f0e019ff158ac156d,
p2a-rs-w201-Tti-c3-s1101-39ccb0403f2acae5,real_w201,TOTAL65,transformer,infonce,3,1101,1101,0.0001677985560548701,0.0006893648884554523,0.18094199691102594,ELIGIBLE,5.72988748550415,1350,2100,False,1.3700827523353754,0.0017811276908023482,0.921012848178925,304.45038109994493,39ccb0403f2acae5ea1784292f3d1c89ebc33ab7570bf851fb6ed018967a16d0,2399562ef87fe64332c076d22631acab61beb9f69bbf554ca31a60e7a9523d16,5be29f0008f20e29e6001c57b1b4f287f7388797bc20cbbaf4fdc6f132876d14,
p2a-rs-w201-Ati-c3-s1101-217881c7edccbad8,real_w201,A_PROXIMAL,transformer,infonce,3,1101,1101,0.0001677985560548701,0.0006893648884554523,0.18094199691102594,ELIGIBLE,5.912609304700579,2400,3150,False,1.379619243116173,0.001238380626223092,0.9632181851178122,433.0148159998935,217881c7edccbad8d5e10befaa4c1137b40e1209c4539804cdf814c9d2e95c5b,a98e8ca5d03e8666c9d54694d8c4485268ef223c3680c14cd1cdf1b184388cec,43436337da283b2f7f0626abd234da0b94794e2729dcf734a4fe639993143a77,
p2a-rs-w201-Bti-c3-s1101-d2ad06cf6a9cddd7,real_w201,B_DISTAL,transformer,infonce,3,1101,1101,0.0001677985560548701,0.0006893648884554523,0.18094199691102594,ELIGIBLE,6.02957854952131,1500,2250,False,1.1602691080837562,0.0010549168297455968,0.762740241369463,309.0491285000462,d2ad06cf6a9cddd722cc762393dde8e58b9d4b5d428add992244457e8ccc56dd,ae2b0dfd3f25d6e9adcd22d16728f6dce553fe287497dddce82dc244aeb52a55,0292148ad02debf5a62d5cb27f0684294ce2c83fdcae85ba743f0aff789f894a,
p2a-rs-w201-Tct-c0-s1101-e33c17c0c6673e55,real_w201,TOTAL65,cnn1d,time_contrastive_blocks,0,1101,1101,0.001,0.0001,1.0,ELIGIBLE,6.098358018057687,900,1650,False,1.4170974550001731,0.0005656800391389432,0.9984093504905422,152.87197400000878,e33c17c0c6673e5583c776d6ff38b5ef5061bf605fce1e0a6641e384f6c6c29c,e326dc86be8ae9a7c1546f65c1181dfd476991bda7ac2756c20a9f5afea3b733,5bcef6e154792fb5fe5502b6a6e905d012b6af7f7e76c65caafb95cf8cf7a505,
p2a-rs-w201-Act-c0-s1101-cd345947ae430360,real_w201,A_PROXIMAL,cnn1d,time_contrastive_blocks,0,1101,1101,0.001,0.0001,1.0,ELIGIBLE,6.111512729099819,900,1650,False,1.3828227791997165,0.0006421232876712328,0.9837922906776173,108.58896229998209,cd345947ae430360b3aca3cdcd3ccc38003c17eabb7d19153b789812cdb04b2a,0263c1f636e299752f4bbd9604877926b0262d4ebe7a14d4d257f7a2ebf19d6b,589cf96e2d1bc84652ccbc77d438a5c780484b7e50c9050f85ec7a5c2f9a88a3,
p2a-rs-w201-Bct-c0-s1101-e08807e60993c14c,real_w201,B_DISTAL,cnn1d,time_contrastive_blocks,0,1101,1101,0.001,0.0001,1.0,ELIGIBLE,6.100814410618374,1500,1650,False,1.4169644518245337,0.0005962573385518591,0.9979050658581399,110.12390360003337,e08807e60993c14cef8354bd8d5c8be83dbb7a77e91b1685116572c63b1ed636,37f3241ef2c5c1e9e7c54e3ad46c6207e0df8274c868b49edf489d6c4b219164,3f8e51e308836ecd7d1038bfdb7135b0ba77169e945dacc0270ddc240d22d000,
p2a-rs-w201-Tct-c1-s1101-0c8d1c53362fe51c,real_w201,TOTAL65,cnn1d,time_contrastive_blocks,1,1101,1101,0.0019222973497531495,6.65980578365304e-05,0.7881686265114021,ELIGIBLE,5.929657527378628,1500,1650,False,1.3938225742014596,0.0006421232876712328,0.9933691683730255,157.03515780018643,0c8d1c53362fe51c67627aebffae19117ab15237e0a2000afe4585a311967024,6280592e2aa14fe16d7a45fadfe58ba6d4c02573c4494ffb8a778668e51a081e,06718e7dfa835d3301e0b0a963542eb37df3e676de5a26706fe1659dadaab7c5,
p2a-rs-w201-Act-c1-s1101-210d02eaae779d96,real_w201,A_PROXIMAL,cnn1d,time_contrastive_blocks,1,1101,1101,0.0019222973497531495,6.65980578365304e-05,0.7881686265114021,ELIGIBLE,5.940240042550223,900,1650,False,1.387046834609564,0.0007032778864970645,0.9872202192560514,109.58394549996592,210d02eaae779d964b638456e1c539ac1441b28b131e7fd81be405c363c1df82,de74d7bd4f2048b96e1560b226ff7ec36daf7b9710d0c2a15c11b1645e9925a4,234cf0a815c115fd5b8167bed16b663595158faa481221feb7991ad2329f697a,
p2a-rs-w201-Bct-c1-s1101-3064e881e8a05f2a,real_w201,B_DISTAL,cnn1d,time_contrastive_blocks,1,1101,1101,0.0019222973497531495,6.65980578365304e-05,0.7881686265114021,ELIGIBLE,5.94547312600272,1950,1950,False,1.389022008792728,0.0005656800391389432,0.9855215475721618,130.73818949982524,3064e881e8a05f2aec1b289e1c8b1b058345f8c7155f6287f9a954c337a2ac1f,5bc91b95bf806eb61ab4dbb397f664b4f3f22a2447a11ec108437a3fce4b3d61,bb5e65e4c8285f49b4efa71b3119d2ce84d228140202e432490451aa01d5daab,
p2a-rs-w201-Tct-c2-s1101-a038109683b50497,real_w201,TOTAL65,cnn1d,time_contrastive_blocks,2,1101,1101,0.00016375435299976828,0.00011375137967953784,0.1735617792707736,ELIGIBLE,4.586787700653076,900,1650,False,1.4082029754464729,0.0005809686888454011,0.9948523494291044,156.71874779998325,a038109683b5049764bffeed347419a6612ab3d24602b7da29d4c67b1431a01a,88a81d7408ebad0bade6d484c2e8bf881c856945d2f75b5412d0597b5d001d3f,11edc3c34d0a75b149d8f993ae815747a0e2ed7c2c6db6d180eb1135967bb8e6,
p2a-rs-w201-Act-c2-s1101-0e8b198c5703f342,real_w201,A_PROXIMAL,cnn1d,time_contrastive_blocks,2,1101,1101,0.00016375435299976828,0.00011375137967953784,0.1735617792707736,ELIGIBLE,4.571300710950579,900,1650,False,1.4012717363968037,0.0006650562622309197,0.9931438137100617,109.41061159991659,0e8b198c5703f342571b8e27037c829cd62a6c2e6a6f88cae4d8988000f8e542,2d7e9404c96021eedeea735516f693b743112ec373b4f84f34f76a26b191e30b,05b50b6021666a72db3d71cca31671980affdb532ae7019615f48efd67e34c22,
p2a-rs-w201-Bct-c2-s1101-c90446b5eea0e73c,real_w201,B_DISTAL,cnn1d,time_contrastive_blocks,2,1101,1101,0.00016375435299976828,0.00011375137967953784,0.1735617792707736,ELIGIBLE,4.57312400000436,1500,2250,False,1.4106721160662947,0.0006268346379647749,0.996103668705229,150.81643499992788,c90446b5eea0e73c26b72d4633240d9b6f2ce7a60c4101780e7a220e60a21e8d,01ad32f2948d45a25766dca0fb02ad0dbb0b615cba76287bcc2ee6d3dc314f68,80a0c6329b91661a27c90f61b2e042898814063f3e0d4e1d9a741cc174aa43df,
p2a-rs-w201-Tct-c3-s1101-7a652dff68d1410b,real_w201,TOTAL65,cnn1d,time_contrastive_blocks,3,1101,1101,0.0005274076992855276,2.930753191465412e-05,1.049415378366615,ELIGIBLE,6.133102893829346,450,1500,False,1.4102812692195958,0.0005886130136986301,0.9968889582122368,142.04342900007032,7a652dff68d1410b37d542ed325a75f4c5432723f6b44ce7cb00260e9c31510f,b68212cc571aea7c6a072ffdf464d4200a8fdb73d226e723545be1976617f9fb,d87a15d6a0de7dd65968121dccc595cb3973fb39bf554e056758989fea93d4b3,
p2a-rs-w201-Act-c3-s1101-915e63441f054d67,real_w201,A_PROXIMAL,cnn1d,time_contrastive_blocks,3,1101,1101,0.0005274076992855276,2.930753191465412e-05,1.049415378366615,ELIGIBLE,6.140914780753,900,1650,False,1.3819168317166262,0.0005809686888454011,0.9877135286464418,110.02469350001775,915e63441f054d677e1dd18ce47e3a75e302874531ccb0c91771bd3001a9b5bd,e10acef01e71cfb380ac205f4f918c09a79a93be078d2e3e7c94921ed599532e,64e846c90c163d7b74e9d45e71d092bed77526cd548e0dc470710e2a0a93b6fc,
p2a-rs-w201-Bct-c3-s1101-e5b0c88bf19a94e8,real_w201,B_DISTAL,cnn1d,time_contrastive_blocks,3,1101,1101,0.0005274076992855276,2.930753191465412e-05,1.049415378366615,ELIGIBLE,6.1341705322265625,1200,1650,False,1.4117018480802623,0.0005045254403131115,0.9987863972511672,110.91834960016422,e5b0c88bf19a94e82c546a19cd0741a060abd8cba441caf50749d5a97639de70,2122558eafd508f55271282ab0e1dd621d40c5819ee577ab0f14c55fc2c68119,5aadabffdf0a89b9adf66e42b25d7997d5932da9d8501bcadc727bdeb4aff48f,
p2a-rs-w201-Ttt-c0-s1101-111aeb8f4fe91155,real_w201,TOTAL65,transformer,time_contrastive_blocks,0,1101,1101,0.001,0.0001,1.0,INELIGIBLE_NEAR_COLLAPSE,6.9313666479928155,150,1500,True,0.010674802907235728,0.4667930528375734,0.00010664801165281143,588.9973184999544,111aeb8f4fe91155cb95df2a3eb82e5413d5e838889b873dc68b462789aaa3e0,f13319fc802cb33dcf0706571d365c5d58072c174973ef724803f97998a81369,a2379af5e7563574bdae7f78e38e7ff1b7a29f73544bcf2c44b8eb8047bc5b8e,
p2a-rs-w201-Att-c0-s1101-3f6b9aa6ba60b7ef,real_w201,A_PROXIMAL,transformer,time_contrastive_blocks,0,1101,1101,0.001,0.0001,1.0,INELIGIBLE_NEAR_COLLAPSE,6.9314447811671664,150,1500,True,0.005854488583655046,0.8460432974559687,2.729757535735915e-05,556.3497191998176,3f6b9aa6ba60b7ef708b34a727dc58f32f634bab13bda02d1bf984ed00fd73e8,4793f479339e706cbafe2c7e82276801b476bd0c3ed82c277822184c6289920d,213e70c565a9e29805987b209f4a47c72bd2b5f21adb0cdc1b9a9ffdb504d901,
p2a-rs-w201-Btt-c0-s1101-898b27f411c87e34,real_w201,B_DISTAL,transformer,time_contrastive_blocks,0,1101,1101,0.001,0.0001,1.0,ELIGIBLE,6.93070125579834,1350,1500,False,0.026789163571377693,0.19925697162426614,0.0007713148422903804,555.4904990999494,898b27f411c87e342565c61c6008a97b2b4469c7d1df1709fef21afd23f8215d,efa3d90a02930e546de9fbe9f4947c40d280b0ef5c56287115c60073df7e6968,6a4424ef277bab044add8c7f9da1a30dbe2a602954e2c04900d2b07f8e3d364a,
p2a-rs-w201-Ttt-c1-s1101-cbffedd89234b40c,real_w201,TOTAL65,transformer,time_contrastive_blocks,1,1101,1101,0.0019222973497531495,6.65980578365304e-05,0.7881686265114021,INELIGIBLE_NEAR_COLLAPSE,6.931335040501186,750,1500,True,0.00941912693245887,0.524805834148728,0.0001081907788810999,591.3937063999474,cbffedd89234b40cd8037de3ca88b46f0243c5a32711b7ef21e88b9432b3caf7,9c3dcfe4496061425b88436019e70b5587b6ab093bc6d3f370b3882c4fbd173a,b215b296b07169b465ff93a05c0f07bfb569df33105ed85a370b2a04d2ea44e8,
p2a-rs-w201-Att-c1-s1101-0129464a0bfff97b,real_w201,A_PROXIMAL,transformer,time_contrastive_blocks,1,1101,1101,0.0019222973497531495,6.65980578365304e-05,0.7881686265114021,INELIGIBLE_NEAR_COLLAPSE,6.931471347808838,150,1500,True,0.0003653690691548811,1.0,1.299129852801744e-07,557.1836769001093,0129464a0bfff97b92d72bfca6f5cc92cefcde312ced24a6a5b250839cf74640,dee3d5071a08291f268cbeb41472c3dfe442ae28b2389d28ad07382bce720f74,4e6a202abd69d70cfbd8bdca03cd659b8806ee0b99b9bbfa98563873ee3e9a8f,
p2a-rs-w201-Btt-c1-s1101-661960c7b487b92d,real_w201,B_DISTAL,transformer,time_contrastive_blocks,1,1101,1101,0.0019222973497531495,6.65980578365304e-05,0.7881686265114021,INELIGIBLE_NEAR_COLLAPSE,6.931467533111572,300,1500,True,0.0020201164353944815,1.0,3.486727709959363e-06,554.6041208000388,661960c7b487b92df190672458b4c8ea5b47ec177b85f5508c69b03e6b0f6e92,bc54b244155a4b6dbef96ec21d017cbd8883344f212b82bc246c2b2f85ad6e68,c44f3389221f65fc7772e35be480685f011699a31c462042ca372820ae17c4a4,
p2a-rs-w201-Ttt-c2-s1101-6d23c303903452ca,real_w201,TOTAL65,transformer,time_contrastive_blocks,2,1101,1101,0.00016375435299976828,0.00011375137967953784,0.1735617792707736,ELIGIBLE,4.549974850245884,2700,3000,False,1.4054235332749792,0.0004433708414872798,0.9980757985476034,1186.0489684001077,6d23c303903452cae57229d91a445eed76f94a8e5f77a0dfea26fbc9375c44f2,2660a7425a8fbd4c5d2040c150f2bd64273cc9bbd4ff7cf48fdf48bb8bc520fb,674fef540284c91da92121cf0b4276c44b77439e4d18700e099cf7b332193cbc,
p2a-rs-w201-Att-c2-s1101-21979cc3fd46a16a,real_w201,A_PROXIMAL,transformer,time_contrastive_blocks,2,1101,1101,0.00016375435299976828,0.00011375137967953784,0.1735617792707736,ELIGIBLE,4.614083903176444,2250,3000,False,1.401004138605932,0.0005274584148727984,0.9860889546165668,1115.3698074999265,21979cc3fd46a16aa859814b16ce40c9c6cbf1fc2c3041ba14e6c30ffa36da0c,d60edb4bbef1c517825ada5bd60af610669f23629ee40c8eadd473ae10e44025,834f27fef495d64e119de6614ee1f43909e98656f08585e6d62bb697e6e24047,
p2a-rs-w201-Btt-c2-s1101-3b641b0589591247,real_w201,B_DISTAL,transformer,time_contrastive_blocks,2,1101,1101,0.00016375435299976828,0.00011375137967953784,0.1735617792707736,ELIGIBLE,4.615249225071499,3600,4000,False,1.4182216119443343,0.0006574119373776908,0.9989788034383169,1481.8657218001317,3b641b05895912470f7f2a1234b6a35afc1cba989b04cc7dfc88860fbb66d2d4,63a8835f69e7cb169958f28074f4e7cff80db1f6a4bd6562df0f82c6bc600f35,20fe9ab25409bd5d3e68f87f357eb6b0560a563babb00e4bebb7162ea6a4c331,
p2a-rs-w201-Ttt-c3-s1101-d0a2c12f4bf17969,real_w201,TOTAL65,transformer,time_contrastive_blocks,3,1101,1101,0.0005274076992855276,2.930753191465412e-05,1.049415378366615,INELIGIBLE_NEAR_COLLAPSE,6.93135016305106,300,1500,True,0.011387642634839261,0.4398773850293542,0.0001282447871469323,591.8758895997889,d0a2c12f4bf1796970d0544a6ea0c7ba0a99614f0bb93f83433cb867ad27b342,8bddc2a19fda4a613aa41ae21a0b3e9e7ca0a9c35a357eb1f73dd922bf6f18cf,191c71d5c5a3176c1e233db7635d57cbc60b1c502226514d9289fd37361f4cb1,
p2a-rs-w201-Att-c3-s1101-e888bb8dfda483cd,real_w201,A_PROXIMAL,transformer,time_contrastive_blocks,3,1101,1101,0.0005274076992855276,2.930753191465412e-05,1.049415378366615,ELIGIBLE,6.930971077510288,300,1500,False,0.02369567539235104,0.13586258561643835,0.0005361975892200295,557.5864618998021,e888bb8dfda483cd626c9865db6771c843129506c6e907e403a69d4ba70e652b,63aa5e0e489523f7fa3a69fd62c2e4e6329f0c0271018b2cf6cbae2844ac8687,39a2c94af7601fedfbb6d429dde99c09d834b115d3330d5564e6822524882234,
p2a-rs-w201-Btt-c3-s1101-abc6daca0aed9f71,real_w201,B_DISTAL,transformer,time_contrastive_blocks,3,1101,1101,0.0005274076992855276,2.930753191465412e-05,1.049415378366615,ELIGIBLE,6.930577754974365,750,1500,False,0.03015177751033718,0.16810634784735812,0.0009366368449476029,554.4727934000548,abc6daca0aed9f7176385e2bae6608ccf18ccb8d6ff85747dd423cd6b6310cb0,c3573f44528e7d609f7057891187f75a3a92c393aa05cd70bdcc39d1cb58007b,bf97e45d526d22dbdd5f635404f413b347fa5f1d9e7032b1d58b135dc731d382,
p2a-rs-w201-Tcb-c0-s1101-5486e08737fbf24b,real_w201,TOTAL65,cnn1d,behavior_contrastive_blocks,0,1101,1101,0.001,0.0001,1.0,ELIGIBLE,6.2861626488821845,450,1500,False,1.4200841870130088,0.003524033757338552,0.9982542965003713,145.76103950012475,5486e08737fbf24b41febd1b0efcf435cc5728acc54eb572de8dfd6b3e717788,da917e4bf70061af08af10f1699e4eabcf56809b1cc0d7fae88706a3f24147ae,5f942fecf7e755a2e8e0026f252adf00b7e2cdb804a4e02d4a0d79ca95e91cef,
p2a-rs-w201-Acb-c0-s1101-c1efdefca12aafab,real_w201,A_PROXIMAL,cnn1d,behavior_contrastive_blocks,0,1101,1101,0.001,0.0001,1.0,ELIGIBLE,6.406508445739746,300,1500,False,1.4130865579120522,0.003493456457925636,0.9948955370502423,101.85356740001589,c1efdefca12aafab75932d1430a688d52ace2bc25df500b60226169f3dd528fb,0d41b6d4eea204d0daa2c91bf2a30c1840f9352503b7802fc0db78aa39adecec,d4aafadd5520fbc4690716b5b6f7c831c239248e9bab764b84437622e066b7da,
p2a-rs-w201-Bcb-c0-s1101-b4d13c1f5a5b98c6,real_w201,B_DISTAL,cnn1d,behavior_contrastive_blocks,0,1101,1101,0.001,0.0001,1.0,ELIGIBLE,6.37641784123012,1500,1500,False,1.3933455582881005,0.0010396281800391389,0.9884547551737141,103.47925999993458,b4d13c1f5a5b98c6f86ed24b327dbde9a8f6627b6699e1dcda99eee0362523df,4c11260cdd7e0bd804d25d4425fe66378c638bcecaff728a7cc29c16f10d67e3,9a4208ed4fa95d74b2d28dd3ce17950d5e20f3c4e6f146fb20575bdf009663cb,
p2a-rs-w201-Tcb-c1-s1101-8062965b601821cc,real_w201,TOTAL65,cnn1d,behavior_contrastive_blocks,1,1101,1101,0.0029564921407279443,0.0009019391648152211,1.0835783554613034,ELIGIBLE,6.2829572813851495,900,1650,False,1.5334213998998054,0.0038450954011741683,0.9947845362332233,161.08248410001397,8062965b601821cc5e9aefeafca7deeeed2cbe1752e7c1ea5f3ea667988f1905,65ae44dd59bd3cf69cb0883f94e361f03143ad2f91936a4034dd35a5de2f3353,7a1342094220ed7f405cd531b9fdaa11032f58f92e122bdc16295cd07552c9e0,
p2a-rs-w201-Acb-c1-s1101-a8b7fe04bac02c77,real_w201,A_PROXIMAL,cnn1d,behavior_contrastive_blocks,1,1101,1101,0.0029564921407279443,0.0009019391648152211,1.0835783554613034,ELIGIBLE,6.421182496207101,750,1500,False,1.4075229943804572,0.0029507093933463795,0.9936633208894258,101.82829239987768,a8b7fe04bac02c774ac4c069c1e7f83060413567ceefdd4b7531b9c06848b5cd,cee4c519b264b548cf5a8489ba43b8fbc65d889aa2d115fcc103a42065ec7a1f,5958c97729cedb64c74b04039f8638b143a3049ca4650be3007d49cc1577a5ae,
p2a-rs-w201-Bcb-c1-s1101-8dab504360de93e9,real_w201,B_DISTAL,cnn1d,behavior_contrastive_blocks,1,1101,1101,0.0029564921407279443,0.0009019391648152211,1.0835783554613034,ELIGIBLE,6.374575751168387,1350,2100,False,1.4392742180846547,0.0037762964774951074,0.9968490468290185,145.31180739984848,8dab504360de93e96e9020e04a830d5bfee6d0fb39d6d2bc98f26f404b4d1cfa,6fbb16a24867fb95d251f6734ceb20b570e54ec7a8c20ee58340b031bc6a1d0e,667110e2185e45d1e0a912de6e0bb0e4dc3128f4e012a9fc6b1e4462049c71fe,
p2a-rs-w201-Tcb-c2-s1101-1e54c1ad9ad562e0,real_w201,TOTAL65,cnn1d,behavior_contrastive_blocks,2,1101,1101,0.00010511370350211826,1.3389195739766575e-05,0.38578572211598844,ELIGIBLE,5.87012665612357,450,1500,False,1.4328006317974662,0.0009861179060665361,0.9925739264831933,147.84168289997615,1e54c1ad9ad562e01603c64c6ddf0765fe3549f8bf23cc96be6e91fc707ac0af,ee73b67f07f297f509b5468bba2e82960418c14fccec62c88e1e59db359e717d,175ed60001e9cc133df5fb83eac88d28df63d1a385637030a6be28f90c40d1d3,
p2a-rs-w201-Acb-c2-s1101-25d2e99f01b34f0c,real_w201,A_PROXIMAL,cnn1d,behavior_contrastive_blocks,2,1101,1101,0.00010511370350211826,1.3389195739766575e-05,0.38578572211598844,ELIGIBLE,6.054987498692104,1800,2550,False,1.4114337457338109,0.0010396281800391389,0.981144980924466,172.17584959999658,25d2e99f01b34f0c6167ee776cfa8832b79305aefbbd0818c5290b4ab81009ca,45a85c8f6b793d69466d469512a8b689dcd981a33ba36530399b7895ee8e6e2d,ecc61190945ef7cd5c6ea3052c236bf56ceb9005e5415636727d8a6a44e48d81,
p2a-rs-w201-Bcb-c2-s1101-7119c26749d667ac,real_w201,B_DISTAL,cnn1d,behavior_contrastive_blocks,2,1101,1101,0.00010511370350211826,1.3389195739766575e-05,0.38578572211598844,ELIGIBLE,6.074942452566964,1350,2100,False,1.390003163378853,0.0008790973581213307,0.9820432330958087,143.81818900001235,7119c26749d667ac22811cb8076bbd726e74932a49f9c450438fef7c6af57a87,287913ecc4a1be6c82dc2021b4c2630fbd1ceb1c9032c84b164f8ad61bcb6b2a,7b9927428101d5e8691e54d3aec27ceb40917cc4ad235f610219ccf9eb8e2ace,
p2a-rs-w201-Tcb-c3-s1101-f72c492aea10bc82,real_w201,TOTAL65,cnn1d,behavior_contrastive_blocks,3,1101,1101,0.0003243270541770045,0.00022893263429992996,0.667639049932057,ELIGIBLE,6.096592562539237,150,1500,False,1.4384514194433016,0.0009326076320939334,0.9997530793845716,148.76290159998462,f72c492aea10bc8257e74760e3982c6dcb357a8ef3367a3c1d4f82491b42c3cf,4c93cb903d3d2396a159c0a56bb9ad40b79332803bfb0c193b2bb8d7ef955bce,76f2ae1f5d79dee74d576827e3b04425c82c8427e0a3a43e6ef0865bc0969710,
p2a-rs-w201-Acb-c3-s1101-eb6a7704f2bd975e,real_w201,A_PROXIMAL,cnn1d,behavior_contrastive_blocks,3,1101,1101,0.0003243270541770045,0.00022893263429992996,0.667639049932057,ELIGIBLE,6.228146621159145,900,1650,False,1.4114165087766835,0.00103198385518591,0.9817082072007718,110.10423910012469,eb6a7704f2bd975ef282dc4db00bc993b4295bbdf11ca8f8e6a33c15fd5cfcbd,7e88cd30ddf707ccafc52bf4e1f81bc945b91122ed2b1fba71a5676682382371,2c404973bb69cd316e056fb56fc86fc71d15c173ef3846a7e0b25c64889db4ae,
p2a-rs-w201-Bcb-c3-s1101-a1b9f8c7de3bc77b,real_w201,B_DISTAL,cnn1d,behavior_contrastive_blocks,3,1101,1101,0.0003243270541770045,0.00022893263429992996,0.667639049932057,ELIGIBLE,6.217889240809849,1500,2250,False,1.3936091151424577,0.0007567881604696673,0.9933315766960613,153.46542699984275,a1b9f8c7de3bc77b13b392977e61359b48e2c7629af693d14388a0fe7d9042f0,4c3de375a03189f819ff4b54c9d1002ba2348a51390242beae3dd4ceb022e8cc,51815aecb33bc6c11846f76d407352840d0fd3d20f74490eb96c8ea536f15f84,
p2a-rs-w201-Ttb-c0-s1101-63316cf0192d718d,real_w201,TOTAL65,transformer,behavior_contrastive_blocks,0,1101,1101,0.001,0.0001,1.0,ELIGIBLE,6.923928873879569,900,1650,False,0.09778001696594735,0.057538833170254405,0.009341149080609443,651.0542597998865,63316cf0192d718d451d5bc7696fa7ad88da703d534e42afae54e21519044d76,9be8bfcf2f53297960526480b5d0468af805150a62000d0f795aca989d6a6aa3,ec69ad04c1ff012b160ba9edc653d7731513dc6fc5c9afac495b78c5b667913e,
p2a-rs-w201-Atb-c0-s1101-00d0a90e9bd56c6d,real_w201,A_PROXIMAL,transformer,behavior_contrastive_blocks,0,1101,1101,0.001,0.0001,1.0,INELIGIBLE_NEAR_COLLAPSE,6.931460312434605,150,1500,True,0.005557806645703359,0.7819150562622309,3.36266717759339e-05,558.1567114999052,00d0a90e9bd56c6d1b3efd66494c540923acc9882cefceacb42ae836cf348cba,a175d12ffc55d6e1074c17fbdd26ac0ac765cb008e380efb13592f4ea178823b,178c8f3355465ed7b603b57fe70bb05de008ba8aece808939dd55faf9caed432,
p2a-rs-w201-Btb-c0-s1101-6b30a6d699f3e475,real_w201,B_DISTAL,transformer,behavior_contrastive_blocks,0,1101,1101,0.001,0.0001,1.0,INELIGIBLE_NEAR_COLLAPSE,6.9314607211521695,150,1500,True,0.004197852908909705,0.9079088184931506,1.8433233643031183e-05,556.7844358999282,6b30a6d699f3e4759cd0e864e8219e2f8c949542ebc08015f2896d9a567e9f00,9ac375caf245b12fd15a0d5a812fcfab9775013385b06b423d0bb6464784990e,5d7c6567dd167b089946137641012e1203f5787266d29c1d0fac034249e8d2d2,
p2a-rs-w201-Ttb-c1-s1101-f92b8453d33b1d9e,real_w201,TOTAL65,transformer,behavior_contrastive_blocks,1,1101,1101,0.0029564921407279443,0.0009019391648152211,1.0835783554613034,INELIGIBLE_NEAR_COLLAPSE,6.931471347808838,150,1500,True,0.00039733239160325126,1.0,1.1713150475605407e-07,593.0760405999608,f92b8453d33b1d9ec45e572429d4fe9441a373e66ad951d2238d6654c41e5a0c,0c4f977f22a81980b5971f5f14d0e0620f0395c1285a75b72ab107f1713cf176,00935cad1c83b9a40ff1b307f9304e0cb91af4f04abda6ed4d0d97485cf3e61d,
p2a-rs-w201-Atb-c1-s1101-d8566e213d8ffd58,real_w201,A_PROXIMAL,transformer,behavior_contrastive_blocks,1,1101,1101,0.0029564921407279443,0.0009019391648152211,1.0835783554613034,INELIGIBLE_NEAR_COLLAPSE,6.931471347808838,150,1500,True,0.00020701114137542393,1.0,3.5603811223534326e-08,559.0577272998635,d8566e213d8ffd58aa8e3afa417fe35497125af152517dea558df075aaa8ee54,ead32e65dcbf52382a8fc9cdb7f17bc548c09accb98e8890ebe25cb0e6713dcc,e79650ef7260d3f96e2eabbaefc0a973867060f26fc09cc1d8219079d954bae5,
p2a-rs-w201-Btb-c1-s1101-65940a4a6c512de0,real_w201,B_DISTAL,transformer,behavior_contrastive_blocks,1,1101,1101,0.0029564921407279443,0.0009019391648152211,1.0835783554613034,INELIGIBLE_NEAR_COLLAPSE,6.931471824645996,150,1500,True,0.0008264496164165624,1.0,7.198078640475355e-07,557.9529713999946,65940a4a6c512de01b0c43fceb32d1b8ed1a1a0f132e95bf9c37968d0dad8e25,5cfe118adbab9362103848f5e156e6d03c23f6514d023dab270a0008aad5ba8e,4df3a4544cafcc705daf7514217851e93155a0bf8bd9897467beffec0ca34874,
p2a-rs-w201-Ttb-c2-s1101-813fb80e7a139c65,real_w201,TOTAL65,transformer,behavior_contrastive_blocks,2,1101,1101,0.00010511370350211826,1.3389195739766575e-05,0.38578572211598844,ELIGIBLE,5.833581651960101,3300,3900,False,1.4499638022436652,0.0012613136007827788,0.9925520141704232,1562.7011506999843,813fb80e7a139c65f5eab23b45ff260b041217bfc6e643bf1cb3e0838be32845,13af24876376e5d1116f2ce75b757603b88fb592c7cc56af143a5ca80fe61d31,acf49f1d9d9b17d7c15a6f776554dfad7fe59bc1b589bdb93a4cba076bb4b884,
p2a-rs-w201-Atb-c2-s1101-85967414585232cc,real_w201,A_PROXIMAL,transformer,behavior_contrastive_blocks,2,1101,1101,0.00010511370350211826,1.3389195739766575e-05,0.38578572211598844,ELIGIBLE,6.9292424746922086,450,1500,False,0.0513847773178626,0.03635640900195695,0.0021128296108845397,563.8960963999853,85967414585232ccc40087c28546984f2f28881ddbbcf5b8ded6a9d530bd45e3,9f258493c0e3c1b8538a42dc5a5ec215b4fc945b8598ae272e47f363cc0e99f7,47cfb4afda32cb2dc4d920e791a28caee709d90b47af97aacb707233bc092133,
p2a-rs-w201-Btb-c2-s1101-0f36526a8b4c8b90,real_w201,B_DISTAL,transformer,behavior_contrastive_blocks,2,1101,1101,0.00010511370350211826,1.3389195739766575e-05,0.38578572211598844,ELIGIBLE,6.075461047036307,4000,4000,False,1.385843525793605,0.002667869373776908,0.9549143644563202,1487.9157324000262,0f36526a8b4c8b90862204941f42be0cf5b1795bbf8848fd46f0860e6ef8f6e3,f2ef978f475d30c735cbd5acfcab573e279feb606a787e85e2ef0e1d23bb45f7,1782afe0b2d083ad3e66e4cbfbba16c136f9e5b2e3b08dbbd3214427707d98cb,
p2a-rs-w201-Ttb-c3-s1101-ec79b11953b7ca67,real_w201,TOTAL65,transformer,behavior_contrastive_blocks,3,1101,1101,0.0003243270541770045,0.00022893263429992996,0.667639049932057,ELIGIBLE,6.1406339917864114,2100,2850,False,1.4368901090426645,0.003455234833659491,0.9907935179441765,1130.8503542998806,ec79b11953b7ca675d8c1f089ef8e4b00c556c02cb538830186cf857f973e24e,ccccb9fc24e1eaf9bc9693ab53d12d5094736ee27e01b940af56e67a4b3f8ae0,f2efdfad564a02079fdc0cfc9ba639ba209a43143aff934aa446a7f735871b96,
p2a-rs-w201-Atb-c3-s1101-c712a64007d91a35,real_w201,A_PROXIMAL,transformer,behavior_contrastive_blocks,3,1101,1101,0.0003243270541770045,0.00022893263429992996,0.667639049932057,INELIGIBLE_NEAR_COLLAPSE,6.93120459147862,1350,1500,True,0.01870401303256068,0.2502446183953033,0.00031125344912006107,559.8449688998517,c712a64007d91a35a18e4e904b96f58cfc0517bac9c94686043587fcde63e44d,882f0947279624d9be5ed43e5bbd7272b954a9f19a379e3d72d5e56cca01da67,b762d7d728204fec8b67c48c54097af88a98277c63a1ffd2e623ad9307709405,
p2a-rs-w201-Btb-c3-s1101-3410ca78448c7e9e,real_w201,B_DISTAL,transformer,behavior_contrastive_blocks,3,1101,1101,0.0003243270541770045,0.00022893263429992996,0.667639049932057,INELIGIBLE_NEAR_COLLAPSE,6.931469099862235,150,1500,True,0.0022256949359591932,0.9999082681017613,4.9692920574713115e-06,558.270999400178,3410ca78448c7e9e1d8ff8e51541f6803e5b9da354f6d2e37269f76cb74ad847,889f7bb52d8fe1204c620f1842acac6f7a0751e25efdb83a915fa84126786d87,f8b76eca738eb05226811fd6f566a7ff43a189e2fac61f818e4fd71908bf439d,
